Question_No,Sub_Question_No,Subject,Section,Marks,Question_Text,Year,Set,Cognitive_Process,Knowledge_Type,Rationale,Evidence,Confidence
1,,Chemistry,A,1.0,The most common method of extraction of metals from their oxide ores is: (A) Reduction with carbon (B) Reduction with hydrogen (C) Reduction with aluminium (D) Electrolytic reduction,2025,3,Remember,Factual,Requires recalling the most commonly used metal-extraction method.,“most common method of extraction”,0.98
2,,Chemistry,A,1.0,"Consider the following chemical equation : p Al + q H2O -> r Al2O3 + s H2 To balance this chemical equation, the values of 'p', 'q', 'r' and 's' must be respectively: (A) 3, 2, 2, 1 (B) 2, 3, 3, 1 (C) 2, 3, 1, 3 (D) 3, 1, 2, 2",2025,3,Apply,Procedural,Requires applying atom-conservation steps to balance a specific equation.,“To balance this chemical equation”,0.99
3,,Chemistry,A,1.0,Given below are the structures of some hydrocarbons. Select the two structures which are related to each other from the given options : (i) CH3-CH2-CH=CH2 (ii) CH3-CH(CH3)-CH3 (iii) CH3-CH2-CH3 (iv) Cl-CH2-CH2-CH=CH2 (A) (i) and (iv) (B) (ii) and (iv) (C) (ii) and (iii) (D) (i) and (iii),2025,3,Understand,Conceptual,Requires classifying structures by their homologous-series relationship.,“two structures which are related”,0.85
4,,Chemistry,A,1.0,Choose the incorrect statement about the common reaction used in hydrogenation of vegetable oils. (A) It is an addition reaction. (B) It takes place in the presence of nickel or palladium catalyst. (C) The product contains only single bonds between carbon atoms. (D) It is an addition reaction which occurs in the presence of an acid catalyst.,2025,3,Analyze,Conceptual,Requires checking several claims about hydrogenation to identify the false one.,“Choose the incorrect statement”,0.96
5,,Chemistry,A,1.0,"Which of the given option represents a family of salts? (A) NaCl, Na2SO4, CaSO4 (B) K2SO4, Na2SO4, CaSO4 (C) NaNO3, CaCO3, Na2CO3 (D) MgSO4, CuSO4, MgCl2",2025,3,Understand,Conceptual,Requires classifying salts according to a shared chemical family.,“represents a family of salts”,0.94
6,,Biology,A,1.0,Select a pair of bisexual flowers from the following: (A) Papaya and mustard (B) Hibiscus and mustard (C) Hibiscus and papaya (D) Hibiscus and watermelon,2025,3,Remember,Factual,Requires recalling examples of bisexual flowers.,“pair of bisexual flowers”,0.98
7,,Biology,A,1.0,The growth of the pollen tubes towards ovules is an example of : (A) Phototropism (B) Hydrotropism (C) Geotropism (D) Chemotropism,2025,3,Remember,Factual,Requires recalling the named tropic response of pollen tubes.,“pollen tubes towards ovules”,0.99
8,,Biology,A,1.0,"Match Column-I with Column-II and select the correct option from the choices provided. Column-I: a. Site of fertilisation of egg with the sperm, b. Site of implantation of embryo, c. Site of entry of sperm into the female reproductive tract, d. Site through which the waste materials generated by the developing embryo are removed. Column-II: (i) Vagina, (ii) Uterus, (iii) Oviduct, (iv) Placenta, (v) Cervix. (A) a-(ii), b-(i), c-(v), d-(iv) (B) a-(iii), b-(i), c-(v), d-(iv) (C) a-(iv), b-(ii), c-(iii), d-(i) (D) a-(iii), b-(ii), c-(i), d-(iv)",2025,3,Remember,Factual,Requires recalling reproductive-organ sites and their functions.,“Match Column-I with Column-II”,0.97
9,,Biology,A,1.0,The plant hormone present in greater concentration in the areas of rapidly dividing cells is : (A) Auxin (B) Cytokinins (C) Gibberellins (D) Abscisic acid,2025,3,Remember,Factual,Requires recalling the hormone concentrated in rapidly dividing cells.,“rapidly dividing cells”,0.99
10,,Biology,A,1.0,Parasitic mode of nutrition is observed in: (A) Bryophyllum (B) Hibiscus (C) Cuscuta (D) Helianthus,2025,3,Remember,Factual,Requires recalling an organism with parasitic nutrition.,“Parasitic mode of nutrition”,0.99
11,,Physics,A,1.0,"A candle flame is placed in front of the reflecting surface of a convex mirror of focal length f. If the distance of the flame from the pole of the mirror is 'f', its image is formed : (A) at infinite distance from the mirror (B) behind the mirror at the principal focus (C) behind the mirror at a distance 2f (D) behind the mirror at a distance f/2",2025,3,Apply,Conceptual,Requires applying convex-mirror image formation to the specified object distance.,“distance of the flame ... is f”,0.96
12,,Physics,A,1.0,"Select the correct statement from the following: (A) The size of the molecules of air is larger than the wavelength of visible light. (B) The blue light has a wavelength about 1.8 times greater than that of red light. (C) When sunlight passes through the fine particles in air, they scatter the blue colour of visible light more strongly than red. (D) The light of red colour is scattered the most by fog or smoke.",2025,3,Remember,Factual,Requires recalling the correct fact about atmospheric scattering.,“Select the correct statement”,0.97
13,,Physics,A,1.0,"In domestic electric circuits, the colour of insulation covers of wires in the cables of electric iron/electric toaster is generally : (A) red for live wire, green for neutral wire and black for earth wire (B) red for live wire, black for neutral wire and green for earth wire (C) green for live wire, black for neutral wire and red for earth wire (D) green for live wire, red for neutral wire and black for earth wire",2025,3,Remember,Factual,Requires recalling standard domestic-wire insulation colour codes.,“colour of insulation covers”,0.98
14,,Physics,A,1.0,The strength of magnetic field produced inside a long straight current carrying solenoid does not depend upon : (A) number of turns in the solenoid (B) direction of current flowing through the solenoid (C) material of the core filled inside the solenoid (D) radius of the coil of the solenoid,2025,3,Remember,Conceptual,Requires recalling factors affecting solenoid magnetic-field strength.,“does not depend upon”,0.93
15,,Physics,A,1.0,Which one of the following statements is not true about a bar magnet? (A) It sets itself in north-south direction when suspended freely. (B) It has attractive power for iron filings. (C) It produces magnetic field lines. (D) The direction of magnetic field lines inside a bar magnet is from its north pole to its south pole.,2025,3,Analyze,Conceptual,Requires checking multiple statements against bar-magnet field properties.,“Which ... statement is not true”,0.96
16,,Biology,A,1.0,"Other than the abiotic components, which of the given biotic components are not required to make an aquarium with small herbivorous fishes a self-sustaining system ? (i) Aquatic plants and aquatic animals (ii) Terrestrial plants and terrestrial animals (iii) Decomposers as bacteria and fungi (iv) Consumers as clown fishes and sea urchins (A) (i) and (iv) (B) (ii) and (iii) (C) (i) and (iii) (D) (ii) and (iv)",2025,3,Analyze,Conceptual,Requires examining ecosystem roles to determine unnecessary aquarium components.,“not required ... self-sustaining system”,0.93
17,,Chemistry,A,1.0,"Assertion (A): Brass is prepared by first melting copper and then dissolving tin into it in a definite proportion. Reason (R): The primary metal of brass is copper. (A) Both (A) and (R) are true and (R) is correct explanation. (B) Both (A) and (R) are true, but (R) is not correct explanation. (C) (A) is true, but (R) is false. (D) (A) is false, but (R) is true.",2025,3,Analyze,Factual,Requires checking assertion and reason facts and their explanatory relationship.,“Assertion ... Reason”,0.98
18,,Biology,A,1.0,"Assertion (A): Use of jute bags for shopping reduces pollution. Reason (R): Jute is biodegradable and its bag may be reused as and when needed. (A) Both (A) and (R) are true and (R) is correct explanation. (B) Both (A) and (R) are true, but (R) is not correct explanation. (C) (A) is true, but (R) is false. (D) (A) is false, but (R) is true.",2025,3,Analyze,Conceptual,Requires examining whether biodegradability and reuse explain reduced pollution.,“Reason ... correct explanation”,0.98
19,,Biology,A,1.0,"Assertion (A): In our actions of writing or talking, our nervous system communicates with the muscles. Reason (R): Cranial nerves and spinal nerves form the peripheral nervous system. (A) Both (A) and (R) are true and (R) is correct explanation. (B) Both (A) and (R) are true, but (R) is not correct explanation. (C) (A) is true, but (R) is false. (D) (A) is false, but (R) is true.",2025,3,Analyze,Conceptual,Requires examining whether the reason explains nervous communication with muscles.,“Reason ... correct explanation”,0.97
20,,Physics,A,1.0,"Assertion (A): Magnetic field lines around a bar magnet never intersect each other. Reason (R): Magnetic field produced by a bar magnet is a quantity that has both magnitude and direction. (A) Both (A) and (R) are true and (R) is correct explanation. (B) Both (A) and (R) are true, but (R) is not correct explanation. (C) (A) is true, but (R) is false. (D) (A) is false, but (R) is true.",2025,3,Analyze,Conceptual,Requires examining the link between nonintersection and magnetic-field direction.,“Reason ... correct explanation”,0.97
21,a,Chemistry,B,2.0,List the possible sources of energy required in decomposition reactions. Illustrate any one with a suitable example.,2025,3,Remember,Conceptual,Requires recalling energy sources for decomposition and a standard example.,“possible sources of energy”,0.94
21,b,Chemistry,B,2.0,What is observed when hydrated ferrous sulphate crystals are heated in a dry boiling tube? Give balanced chemical equation(s) of the reactions(s) that occur(s).,2025,3,Apply,Conceptual,Requires predicting heating observations and reaction products for ferrous sulphate.,“when ... crystals are heated”,0.96
22,,Chemistry,B,2.0,A chemical compound 'X' is used to bleach washed clothes in laundry as well as to make drinking water free from germs. Identify 'X'. How is this compound represented ? Write the method of its preparation along with the chemical equation for the reaction that occurs.,2025,3,Remember,Procedural,"Requires recalling bleaching powder, its formula, and its preparation method.",“Identify X ... method of preparation”,0.96
23,,Biology,B,2.0,State the main function of veins in human circulatory system. Why do they not need thick walls?,2025,3,Understand,Conceptual,Requires explaining vein function and the relationship between pressure and wall thickness.,“Why do they not need thick walls?”,0.98
24,,Biology,B,2.0,Sex of the children is determined by type of sex chromosome which they inherit from their father. Justify the statement.,2025,3,Understand,Conceptual,Requires explaining how paternal sex chromosomes determine offspring sex.,“Justify the statement”,0.98
25,a,Physics,B,2.0,A student has difficulty in reading his textbooks but can read the blackboard clearly while sitting in the last row. Name the defect of vision the student is suffering from. List two reasons due to which this defect arises. Write the nature of the lenses required to correct this defect.,2025,3,Apply,Conceptual,Requires applying vision-defect concepts to the student's described symptoms.,“difficulty in reading ... blackboard clearly”,0.97
25,b,Physics,B,2.0,Draw a ray diagram to show the path of a ray of light falling obliquely on one of the refracting faces of a triangular glass prism and mark the angle of deviation on it.,2025,3,Remember,Conceptual,Requires reproducing a standard prism refraction ray diagram.,“Draw a ray diagram”,0.93
26,,Physics,B,2.0,"Four resistors, each of resistance 2.0 Ω, are joined end to end to form a square ABCD as shown. Using appropriate formula, determine the equivalent resistance of the combination between its two ends A and B.",2025,3,Apply,Procedural,Requires calculating equivalent resistance using series-parallel resistance rules.,"“Using appropriate formula, determine”",0.99
27,,Chemistry,C,3.0,State the change that is observed when a China dish containing copper powder is heated over the flame of a burner. Name the phenomenon responsible for the change and write balanced equation for the chemical reaction that occurs. How is this reaction different from the reaction that occurs when copper wares kept in open air slowly lose their shiny brown surface and gain a coat ? Write chemical name of the coating and state its colour.,2025,3,Apply,Conceptual,Requires predicting copper's heating reaction and contrasting it with corrosion.,“copper powder is heated”,0.96
28,a,Chemistry,C,3.0,"Common salt is an important raw material for various chemicals of daily use. State in brief the method of preparation of (i) Sodium hydroxide, and (ii) Sodium hydrogen carbonate from common salt. Write balanced chemical equations of the reactions that occur.",2025,3,Remember,Procedural,Requires recalling industrial preparation methods and their chemical equations.,“method of preparation ... balanced equations”,0.95
28,b,Chemistry,C,3.0,"Design an experimental set-up to demonstrate that ""Alcohol and glucose contain hydrogen but are not categorised as acids"". Also give the reason to justify this fact.",2025,3,Create,Procedural,Requires designing an experimental arrangement to demonstrate a chemical property.,“Design an experimental set-up”,0.99
29,,Biology,C,3.0,"Why is blood circulation in vertebrates known as ""double circulation""? Trace its path in the form of a flow chart.",2025,3,Understand,Conceptual,Requires explaining double circulation and representing its established pathway.,“Why ... double circulation? Trace its path”,0.96
30,a,Biology,C,1.0,"A pure pea plant having round (R), yellow (Y) seeds is crossed with another pure pea plant having wrinkled (r), green (y) seeds. Subsequently F1 progeny is self-pollinated to obtain F2 progeny. What do the seeds of F1 generation look like ?",2025,3,Apply,Conceptual,Requires applying dominance in a specified genetic cross to predict F1 traits.,“crossed ... What do seeds of F1”,0.99
30,b,Biology,C,1.0,Give the possible combinations of traits in seeds of F2 generation. Also give their ratio.,2025,3,Apply,Conceptual,Requires applying dihybrid inheritance to determine F2 combinations and ratio.,“possible combinations ... F2 ... ratio”,0.99
30,c,Biology,C,1.0,State the reason of obtaining seeds of new combination of traits in F2 generation.,2025,3,Understand,Conceptual,Requires explaining recombination as the cause of new F2 trait combinations.,“reason of obtaining ... new combination”,0.97
31,,Physics,C,3.0,A person is suffering from an eye defect in which the far point of the eye is much nearer than infinity. Name the defect of vision the person is suffering from. List two main causes of this defect. Write the type of the corrective lens and draw a ray diagram to show the function of the corrective lens.,2025,3,Apply,Conceptual,Requires applying eye-defect concepts to stated far-point conditions and correction.,“far point ... nearer than infinity”,0.98
32,a,Physics,C,1.5,Name and state the rule which determines the force on a current carrying conductor placed in a uniform magnetic field.,2025,3,Remember,Procedural,Requires recalling Fleming's rule and its stated directional procedure.,“Name and state the rule”,0.98
32,b,Physics,C,1.5,"Consider the following three diagrams in which the entry of a positive charge (+Q) in a magnetic field is shown. Identify giving reason the case in which the force experienced by the charge is (i) maximum, and (ii) minimum.",2025,3,Apply,Conceptual,Requires applying the magnetic-force angle relationship to the depicted cases.,“force experienced ... maximum ... minimum”,0.82
33,a,Biology,C,1.5,In a food chain energy flow is unidirectional. Give two reasons for the given statement.,2025,3,Understand,Conceptual,Requires explaining why energy transfer through a food chain is one-way.,“Give two reasons”,0.97
33,b,Physics,C,1.5,"If 10,000 J energy is available at the producer level, how much energy will be available to the secondary consumers ? Give reason to justify your answer.",2025,3,Apply,Conceptual,Requires applying the ten-percent energy-transfer principle across trophic levels.,"“10,000 J ... secondary consumers”",0.99
34,a.i,Chemistry,D,2.5,"Consider the following metals : K, Ca, Al, Cu, Ag, Fe. Select from the above metals, a metal which I. does not react with oxygen even at high temperature. II. reacts with oxygen at ordinary temperature and forms a protective oxide layer which prevents the metal from further oxidation. III. catches fire when kept in the open. IV. does not burn in oxygen but the hot metal is coated with a black coloured oxide layer.",2025,3,Analyze,Conceptual,Requires checking several metal-oxygen reaction properties against the listed metals.,Four labelled oxidation-behaviour statements,0.94
34,a.ii,Chemistry,D,1.5,What are amphoteric oxides? With the help of balanced chemical equations show that aluminium oxide is an amphoteric oxide.,2025,3,Apply,Conceptual,Uses amphoteric behaviour to demonstrate aluminium oxide reactions through balanced equations.,“show that aluminium oxide is amphoteric”,0.9
34,a.iii,Chemistry,D,1.0,What are alkalis? Give one example.,2025,3,Remember,Factual,Requires recalling the definition of alkalis and one standard example.,“What are alkalis? Give one example”,0.98
34,b.i,Chemistry,D,3.0,"With the help of balanced chemical equations state the process of extracting (I) mercury from its ore called cinnabar, and (II) copper from its sulphide ore.",2025,3,Remember,Conceptual,Requires reproducing taught extraction reactions and processes for two ores.,“state the process of extracting”,0.88
34,b.ii,Chemistry,D,2.0,"Silver and copper articles slowly lose their shiny surfaces when exposed to air. Name the compounds formed on (I) silver articles, and (II) copper articles in the form of coating.",2025,3,Remember,Factual,Requires recalling the named tarnish compounds on silver and copper.,“Name the compounds formed”,0.97
35,a.i,Physics,D,2.5,"In refraction of light through a rectangular glass slab, the emergent ray is always parallel to the direction of the incident ray. Why? Explain with the help of a ray diagram. What happens when a ray of light falls normally on one of the faces of a rectangular glass prism? Draw diagram.",2025,3,Understand,Conceptual,Explains refraction relationships in a slab and normal incidence using ray diagrams.,“Why? Explain with... ray diagram”,0.94
35,a.ii,Physics,D,2.5,An object is placed at a distance of 30 cm from the optical centre of a concave lens of focal length 20 cm. Use Lens formula to determine the position of the image formed in this case.,2025,3,Apply,Procedural,Uses the lens formula with given object distance and focal length.,“Use Lens formula to determine”,0.99
35,b.i,Physics,D,2.5,"A student wishes to study the image formation by a concave mirror using candle flame as object. State the type of the image formed by the mirror and mention the change in the image formed, if any, that he observes when the candle flame is gradually moved away from the pole of the mirror. Draw a ray diagram to show the image formation when the object distance is nearly equal to the radius of curvature of the mirror.",2025,3,Apply,Conceptual,Applies concave-mirror image rules as object distance changes and near curvature centre.,“gradually moved away” and “nearly equal”,0.9
35,b.ii,Physics,D,2.5,"A convex mirror used for rear-view on an automobile has a focal length of 3.0 m. If a bus is located at 6.0 m from this mirror, use mirror formula to find the position of the image of the bus as seen in the mirror.",2025,3,Apply,Procedural,Uses the mirror formula with specified focal length and object distance.,“use mirror formula to find”,0.99
36,a.i,Biology,D,1.0,Identify the parts 'X' and 'Y' in the figure given below.,2025,3,Remember,Factual,Requires naming labelled diagram parts from a taught representation.,“Identify the parts 'X' and 'Y'”,0.65
36,a.ii,Biology,D,1.0,Name the yellowish coloured structures produced by the part labelled as 'Y'.,2025,3,Remember,Factual,Requires recalling structures produced by the labelled part.,“Name the yellowish coloured structures”,0.61
36,a.iii,Biology,D,1.0,Write the name of the process by which these are transferred to the part labelled as 'X'.,2025,3,Remember,Factual,Requires recalling the named transfer process between labelled plant parts.,“name of the process”,0.62
36,a.iv,Biology,D,2.0,Explain the process of seed formation in a flowering plant.,2025,3,Understand,Conceptual,Requires explaining the linked stages and relationships involved in seed formation.,“Explain the process of seed formation”,0.91
36,b.i,Biology,D,1.0,Name the type of asexual mode of reproduction shown in the given figure. Identify the unicellular organism in the diagram.,2025,3,Remember,Factual,Requires identifying a depicted asexual reproduction mode and organism.,“shown in the given figure”,0.75
36,b.ii,Biology,D,2.0,List any two advantages of asexual reproduction over sexual reproduction.,2025,3,Understand,Conceptual,Requires explaining comparative benefits of asexual versus sexual reproduction.,“advantages... over sexual reproduction”,0.94
36,b.iii,Biology,D,2.0,Name and explain any one mode of asexual reproduction observed in Hydra.,2025,3,Understand,Conceptual,Requires describing how a named asexual reproduction mode operates in Hydra.,“Name and explain... mode”,0.95
37,a,Physics,E,1.0,Which one of the graphs represents the series combination of R1 and R2?,2025,3,Understand,Conceptual,Requires interpreting graph characteristics representing series resistor combination.,“graphs represents the series combination”,0.83
37,b,Physics,E,1.0,Which one of these graphs represents the parallel combination of R1 and R2?,2025,3,Understand,Conceptual,Requires interpreting graph characteristics representing parallel resistor combination.,“graphs represents the parallel combination”,0.83
37,c.i,Physics,E,2.0,"Show an arrangement of three resistors, each of resistance 10 Ω, so that the combination has a resistance of 15 Ω. Give justification for your answer.",2025,3,Apply,Procedural,Uses equivalent-resistance rules to construct and justify a 15-ohm arrangement.,“arrangement... resistance of 15 Ω”,0.97
37,c.ii,Physics,E,2.0,"A battery of 6 V is connected with a series combination of five resistors of 0.1 Ω, 0.2 Ω, 0.3 Ω, 0.4 Ω and 0.5 Ω. How much current would flow through the 0.3 Ω resistor? Justify your answer.",2025,3,Apply,Procedural,Uses series-circuit resistance and current rules for the specified circuit.,“How much current... Justify”,0.99
38,a,Chemistry,E,1.0,In which one of the four test tubes is the foam formed the minimum?,2025,3,Apply,Conceptual,Applies the foam-formation principle to identify the relevant test tube.,“foam formed the minimum”,0.58
38,b,Chemistry,E,1.0,Differentiate between salt A and salt B.,2025,3,Understand,Conceptual,Requires distinguishing two salts by their properties or reactions.,“Differentiate between salt A and salt B”,0.48
38,c.i,Chemistry,E,2.0,What are esters? What happens when an ester reacts with an alkali (say sodium hydroxide)? Give chemical equation for the reaction.,2025,3,Understand,Conceptual,Explains ester meaning and its alkaline hydrolysis using a reaction equation.,“What happens when an ester reacts”,0.92
38,c.ii,Chemistry,E,2.0,What is the cause of hardness of water? Sometimes it is observed that while bathing foam is formed with difficulty and an insoluble substance is formed. Name this substance and write the cause of its formation.,2025,3,Understand,Conceptual,"Explains hardness, difficult lather formation, and precipitate formation relationships.",“write the cause of its formation”,0.95
39,a.i,Biology,E,2.0,Name the hormone secreted in the blood of the person in this situation.,2025,3,Remember,Factual,Requires recalling the hormone associated with the unstated situation.,“hormone secreted... in this situation”,0.45
39,a.ii,Biology,E,2.0,Name the source gland of the hormone secreted in this condition.,2025,3,Remember,Factual,Requires recalling the gland that secretes the relevant hormone.,“Name the source gland”,0.45
39,b,Biology,E,1.0,State any two responses in the body of the person as a result of the secretion of this hormone.,2025,3,Remember,Factual,Requires listing known bodily responses caused by the relevant hormone.,“State any two responses”,0.45
39,c,Biology,E,1.0,How does the action of the chemical signal in terms of hormones differ from the electrical impulses via nerve cells ?,2025,3,Understand,Conceptual,Requires explaining differences between hormonal and neural signalling mechanisms.,“How does... differ from”,0.97
1,,Chemistry,A,1.0,"In the electrolysis of water, the mass ratio of hydrogen and oxygen gases liberated at the electrodes is : (A) 1:2 (B) 1:4 (C) 1:8 (D) 1:16",2025,31/2/3,Remember,Factual,Requires recalling the fixed mass ratio of gases from water electrolysis.,“mass ratio of hydrogen and oxygen”,0.99
2,,Chemistry,A,1.0,The body of human beings works within the pH range of : (A) 6.1 to 6.8 (B) 6.5 to 7.3 (C) 7.0 to 7.8 (D) 7.5 to 8.1,2025,31/2/3,Remember,Factual,Requires recalling the taught pH range for normal human body functioning.,“works within the pH range”,0.99
3,,Chemistry,A,1.0,The warning sign shown in the given figure must invariably be displayed/pasted on the containers which contain hydroxide of: (A) Aluminium (B) Calcium (C) Sodium (D) Magnesium,2025,31/2/3,Remember,Factual,Requires recalling which hydroxide corresponds to the shown warning sign.,“warning sign shown... hydroxide of”,0.78
4,,Chemistry,A,1.0,Two metals zinc and tin are dissolved separately in definite proportions in molten copper (the primary metal) to obtain two different alloys respectively known as: (A) Bronze and Brass (B) Brass and Solder (C) Brass and Bronze (D) Solder and Bronze,2025,31/2/3,Remember,Factual,Requires recalling the names of alloys formed from copper with zinc and tin.,“alloys respectively known as”,0.98
5,,Chemistry,A,1.0,"Aluminium powder is used in thermit welding because: (A) Its reaction with iron is highly exothermic. (B) When it is heated with iron (III) oxide, molten iron is obtained. (C) When it is heated with iron (III) oxide, molten aluminium oxide is obtained to join railway tracks. (D) Its melting point is low as compared to iron and a molten alloy of iron and aluminium is formed on heating which is used to join railway tracks.",2025,31/2/3,Understand,Conceptual,Requires recognizing the reaction outcome that explains thermit welding.,“because... heated with iron (III) oxide”,0.92
6,,Biology,A,1.0,Select the correct option from the following statements about the functioning of the human heart. (A) Right atrium receives deoxygenated blood from different parts of the body and sends it to pulmonary veins. (B) Left atrium sends oxygenated blood to right ventricle which pumps it to different parts of the body. (C) Right atrium receives deoxygenated blood from the body and sends it to the right ventricle. (D) Left atrium receives oxygenated blood from the pulmonary arteries and sends it to the left ventricle.,2025,31/2/3,Analyze,Conceptual,"Requires fact-checking multiple statements about chambers, blood, and vessel connections.",“correct option... functioning of the human heart”,0.98
7,,Biology,A,1.0,"Observe the given figures A and B. When chhui-mui (sensitive) plant is touched, its leaves fold. This is due to : (A) Hormonal effect (B) Thermal effect (C) Change in amount of water in cells (D) Electromagnetic effect",2025,31/2/3,Understand,Conceptual,Requires explaining leaf folding through water-content changes in cells.,“This is due to”,0.96
8,,Biology,A,1.0,One-cell thick blood vessels are known as: (A) Alveoli (B) Capillaries (C) Arteries (D) Veins,2025,31/2/3,Remember,Factual,Requires recalling the name of one-cell-thick blood vessels.,“One-cell thick blood vessels”,0.99
9,,Biology,A,1.0,"Which of the following is the correct sequence of parts of female reproductive system of flowering plants in terms of their placement? (A) Stigma, ovule, ovary, style (B) Ovule, stigma, ovary, style (C) Style, stigma, ovule, ovary (D) Stigma, style, ovary, ovule",2025,31/2/3,Remember,Conceptual,Requires recalling the standard positional sequence of flower reproductive structures.,“correct sequence... in terms of placement”,0.96
10,,Biology,A,1.0,The number of chromosomes in a cell division is halved. This kind of cell division is observed in: (A) Only testis (B) Only ovary (C) Ovary and testis both (D) All cells of the body,2025,31/2/3,Remember,Factual,Requires recalling where chromosome-halving cell division occurs.,“cell division is halved... observed in”,0.98
11,,Physics,A,1.0,"An electric bulb is connected to a power supply of 220 V. If the current drawn by the bulb from the supply is 500 mA, the power of the bulb is : (A) 11 W (B) 110 W (C) 220 W (D) 1100 W",2025,31/2/3,Apply,Procedural,Uses the electrical power formula with the given voltage and current.,“220 V” and “500 mA”,0.99
12,,Physics,A,1.0,Four identical resistors of 12 Ω each are connected in series to form a square ABCD as shown in the figure. The resistance of the network between the two points 1 and 2 is: (A) 48 Ω (B) 36 Ω (C) 9 Ω (D) 6 Ω,2025,31/2/3,Apply,Procedural,Uses series-parallel network resistance rules for the square circuit.,“resistance of the network between”,0.95
13,,Physics,A,1.0,The part of the human eye which can modify the curvature of the eye lens to some extent is : (A) Pupil (B) Cornea (C) Ciliary muscles (D) Aqueous humour,2025,31/2/3,Remember,Factual,Retrieves the named eye structure that changes lens curvature.,“part of the human eye”,0.99
14,,Physics,A,1.0,"If the absolute refractive indices of two media X and Y are 6/5 and 4/3 respectively, then the refractive index of Y with respect to X will be : (A) 10/9 (B) 9/10 (C) 9/8 (D) 8/9",2025,31/2/3,Apply,Procedural,Calculates relative refractive index from the two given absolute indices.,“indices ... 6/5 and 4/3”,0.99
15,,Physics,A,1.0,"An object is placed at a distance of 30 cm from the pole of a concave mirror. If its real and inverted image is formed at 60 cm in front of the mirror, the focal length of the mirror is : (A) -20 cm (B) -15 cm (C) +20 cm (D) +15 cm",2025,31/2/3,Apply,Procedural,Uses the mirror formula and sign convention for the specified distances.,“object ... 30 cm”,0.99
16,,Biology,A,1.0,"Identify from the following a group containing all non-biodegradable substances. (A) Leather, Glass, Plastic (B) Cotton, Wood, Nylon (C) DDT, Polyester, Glass (D) Leather, Silk, Wool",2025,31/2/3,Analyze,Factual,Checks the biodegradability status of multiple substances across the option groups.,“group containing all non-biodegradable”,0.94
17,,Biology,A,1.0,"Assertion (A): Ductility is that property of metals which enables copper to be used in making cooking utensils. Reason (R): Copper is a metal which is ductile as well as malleable. (A) Both (A) and (R) are true and (R) is correct explanation. (B) Both (A) and (R) are true, but (R) is not correct explanation. (C) (A) is true, but (R) is false. (D) (A) is false, but (R) is true.",2025,31/2/3,Analyze,Conceptual,"Examines the truth and explanatory relationship between ductility, malleability, and utensil use.",“correct explanation”,0.97
18,,Biology,A,1.0,"Assertion (A): A mango seed will germinate to form a mango tree. Reason (R): Heredity determines the process by which traits and characteristics are reliably inherited from parents to offspring. (A) Both (A) and (R) are true and (R) is correct explanation. (B) Both (A) and (R) are true, but (R) is not correct explanation. (C) (A) is true, but (R) is false. (D) (A) is false, but (R) is true.",2025,31/2/3,Analyze,Conceptual,Examines whether heredity explains the seed developing into its species-specific plant.,“correct explanation”,0.97
19,,Physics,A,1.0,"Assertion (A): The bending of a wire in the form of a coil of several turns does not affect its electrical resistance. Reason (R): The electrical resistance of a wire is directly proportional to its electrical resistivity. (A) Both (A) and (R) are true and (R) is correct explanation. (B) Both (A) and (R) are true, but (R) is not correct explanation. (C) (A) is true, but (R) is false. (D) (A) is false, but (R) is true.",2025,31/2/3,Analyze,Conceptual,Checks both resistance claims and whether resistivity explains bending a wire coil.,“correct explanation”,0.96
20,,Biology,A,1.0,"Assertion (A): Animals will not get energy if they eat (consume) coal. Reason (R): Specific enzymes are needed for the breakdown of a particular food. (A) Both (A) and (R) are true and (R) is correct explanation. (B) Both (A) and (R) are true, but (R) is not correct explanation. (C) (A) is true, but (R) is false. (D) (A) is false, but (R) is true.",2025,31/2/3,Analyze,Conceptual,Determines whether enzyme specificity explains why coal cannot provide animal energy.,“correct explanation”,0.96
21,a,Chemistry,B,2.0,In common practice silver is recovered from silver nitrate solution by the use of copper metal. Name the type of reaction that takes place in this process and give the chemical equation of the reaction involved.,2025,31/2/3,Remember,Conceptual,Retrieves the standard displacement reaction type and its known chemical equation.,“silver nitrate ... copper metal”,0.94
21,b,Chemistry,B,2.0,Name the method used for refining silver.,2025,31/2/3,Remember,Procedural,Retrieves the established method used for refining silver.,“method used for refining silver”,0.98
22,,Biology,B,2.0,What are micelles ? Draw the structure.,2025,31/2/3,Remember,Conceptual,Retrieves the definition and standard structural representation of micelles.,“What are micelles? Draw”,0.96
23,,Biology,B,2.0,A person is making a list to purchase few things from a nearby market. Explain how the fore-brain plays an important role in performing this activity.,2025,31/2/3,Understand,Conceptual,Explains the forebrain’s role in planning and performing a familiar activity.,“fore-brain plays an important role”,0.96
24,a,Biology,B,2.0,"Write one function each of the following, in a seed : (i) Seed coat (ii) Cotyledon (iii) Radicle (iv) Plumule",2025,31/2/3,Remember,Factual,Retrieves the individual functions of named seed parts.,“one function each”,0.99
24,b,Biology,B,2.0,Write the main steps to culture yeast in the laboratory.,2025,31/2/3,Remember,Procedural,Retrieves the standard laboratory procedure for culturing yeast.,“steps to culture yeast”,0.96
25,a,Physics,B,2.0,"Out of the two lenses, one concave and the other convex, state which one will diverge a parallel beam of light falling on it. Draw a ray diagram to show the principal focus of the lens.",2025,31/2/3,Remember,Conceptual,Retrieves the diverging lens and its standard principal-focus ray diagram.,“which one will diverge”,0.97
25,b,Physics,B,2.0,"A ray of light after refraction from a convex lens emerges parallel to its principal axis. (i) Draw a labelled ray diagram to show it. (ii) In this case, the incident ray before refraction from the lens passes through a point on its principal axis. Name the point.",2025,31/2/3,Apply,Conceptual,Applies the convex-lens ray rule to the specified emergent parallel ray.,“emerges parallel to its principal axis”,0.97
26,,Physics,B,2.0,How and why is an electric fuse used in an electric circuit? Briefly describe its function.,2025,31/2/3,Understand,Conceptual,"Explains the fuse’s purpose, operation, and protective function in a circuit.",“How and why ... used”,0.96
27,a.i,Chemistry,C,2.0,"Define the term decomposition reaction. Write one chemical equation each for decomposition reaction where energy is supplied in the form of heat, light or electricity.",2025,31/2/3,Remember,Conceptual,Retrieves the definition and standard examples of decomposition by different energy sources.,“Define ... Write one chemical equation”,0.95
27,a.ii,Chemistry,C,1.0,Decomposition of vegetable matter into compost is considered an exothermic reaction. Why?,2025,31/2/3,Understand,Conceptual,Explains why compost formation releases heat during vegetable-matter decomposition.,“considered an exothermic reaction. Why?”,0.97
27,b,Chemistry,C,3.0,Why are decomposition reactions called the opposite of combination reactions? Write one chemical equation each for these two types of reactions mentioning the name of the reactant(s) and the product(s) involved in the reactions.,2025,31/2/3,Understand,Conceptual,Explains the inverse relationship between decomposition and combination reactions using examples.,“opposite of combination reactions”,0.96
28,a,Chemistry,C,1.5,"Two substances 'A' and 'B' are burnt in air separately. For 'A', ashes are collected and dissolved in water to get solution 'X', while for 'B', fumes produced are passed through water to get solution 'Y'. Both the solutions 'X' and 'Y' are then tested with pH paper. If 'X' gives light blue colour and 'Y' gives orange colour to the pH paper, then write the nature and range of pH of 'X' and 'Y'.",2025,31/2/3,Apply,Conceptual,Uses pH-paper observations to determine the nature and pH ranges of solutions.,“light blue” and “orange”,0.95
28,b,Chemistry,C,1.5,"Which one of the two - A and B, is a metal? Justify your answer.",2025,31/2/3,Understand,Conceptual,Classifies a substance as a metal and explains the supporting property-based reasoning.,“is a metal? Justify”,0.48
29,a,Biology,C,1.0,Define hormone.,2025,31/2/3,Remember,Factual,Retrieves the definition of the biological term hormone.,“Define hormone”,0.99
29,b,Biology,C,2.0,Hormones should be secreted in precise quantities. We have a feedback mechanism through which this is done. With the help of an example justify the statement.,2025,31/2/3,Evaluate,Conceptual,Defends the claim about precise hormone secretion using feedback-mechanism evidence and an example.,“justify the statement”,0.93
30,a,Biology,C,2.0,"A pure pea plant bearing terminal flowers was cross-pollinated with a pure plant having axillary flowers. In F1 generation, plants with axial flowers only were obtained. F1 generation plants are self-pollinated and F2 generation is obtained. Work out the pattern of inheritance in this case.",2025,31/2/3,Apply,Conceptual,Uses Mendelian inheritance principles to derive outcomes of the stated genetic cross.,“Work out the pattern of inheritance”,0.98
30,b,Biology,C,1.0,What will be the ratio of plants obtained in F2 generation?,2025,31/2/3,Apply,Conceptual,Calculates the F2 phenotypic ratio from the specified inheritance cross.,“ratio ... in F2 generation”,0.98
31,,Physics,C,3.0,"A convex mirror used for rear view on an automobile has a focal length of 1.5 m. If a 3 m high bus is located at 6.0 m from the mirror, use mirror formula to determine the position and size of the image of the bus as seen in the mirror.",2025,31/2/3,Apply,Procedural,Uses mirror and magnification formulae to calculate image position and size.,“use mirror formula”,0.99
32,,Physics,C,3.0,"Three resistors of 2 Ω, 3 Ω and 6 Ω are connected in (i) series, and (ii) parallel. Draw the arrangements of the resistors and find the equivalent resistance of each arrangement.",2025,31/2/3,Apply,Procedural,Constructs circuit arrangements and calculates equivalent resistance using series and parallel rules.,“series ... parallel ... equivalent resistance”,0.99
33,,Biology,C,3.0,Some harmful chemicals get accumulated in human bodies through the food chain. Name this phenomenon. Explain the reason of maximum concentration of these chemicals found in our bodies.,2025,31/2/3,Understand,Conceptual,Explains biomagnification and the trophic-level cause of maximum human accumulation.,“reason of maximum concentration”,0.97
34,a.i,Physics,D,1.0,The given figure shows the current passing through the straight conductor XY. Copy the diagram and draw the magnetic field lines when current flows from conductor X to Y.,2025,31/2/3,Apply,Conceptual,Applies the magnetic-field pattern around a straight conductor for the specified current direction.,“current flows from conductor X to Y”,0.96
34,a.ii,Physics,D,2.0,Name and state the rule used in determining the direction of the magnetic field lines in the situation given above.,2025,31/2/3,Remember,Procedural,Retrieves the named rule and its statement for finding magnetic-field direction.,“Name and state the rule”,0.99
34,a.iii,Physics,D,2.0,"State Fleming's left hand rule. Using this rule, determine the direction of force applied on an electron entering a uniform magnetic field as shown in the figure.",2025,31/2/3,Apply,Procedural,Uses Fleming’s left-hand rule to determine force direction in the shown field.,“determine the direction of force”,0.97
34,b.i,Physics,D,3.0,"Define the term solenoid. Draw the pattern of the magnetic field lines in and around a current carrying straight solenoid. Mark on the pattern the (i) direction of current, (ii) direction of field lines near the ends of the solenoid, and (iii) region where the magnetic field is uniform.",2025,31/2/3,Remember,Conceptual,Retrieves the solenoid definition and standard magnetic-field representation with conventional markings.,“Define ... Draw the pattern”,0.94
34,b.ii,Physics,D,2.0,How would you make an electromagnet using a current carrying solenoid ?,2025,31/2/3,Remember,Procedural,Retrieves the established construction method for making an electromagnet using a solenoid.,“make an electromagnet”,0.96
35,a.i,Chemistry,D,1.5,A compound 'X' having two carbon atoms in its molecule turns blue litmus red and 5-8% solution of 'X' in water is widely used as a preservative. Identify the compound 'X' and write its structure.,2025,31/2/3,Apply,Conceptual,"Identifies ethanoic acid by applying its molecular, indicator, and preservative properties.",“two carbon atoms ... blue litmus red”,0.97
35,a.ii,Chemistry,D,0.5,Compare its pH nature with a mineral acid.,2025,31/2/3,Understand,Conceptual,Explains the comparative pH nature of ethanoic acid and a mineral acid.,“Compare its pH nature”,0.95
35,a.iii,Chemistry,D,1.5,"X' on reacting with alcohols produces sweet smelling compounds, used in making perfumes. Name the reaction and write its chemical equation.",2025,31/2/3,Remember,Conceptual,Retrieves esterification and its standard chemical equation for acid-alcohol reaction.,“reacting with alcohols produces sweet smelling compounds”,0.95
35,a.iv,Chemistry,D,1.5,"When sodium carbonate is added to 'X', a colourless gas is produced which turns lime water milky. Write the chemical equation for the reaction giving the name of the salt produced.",2025,31/2/3,Apply,Conceptual,Applies the acid-carbonate reaction pattern to write products and the chemical equation.,“sodium carbonate is added to X”,0.97
35,b.i,Chemistry,D,2.0,"Differentiate between saturated and unsaturated hydrocarbons by giving one example each, with a structural formula.",2025,31/2/3,Understand,Conceptual,"Differentiates hydrocarbon classes by bond type, examples, and structural formulae.",“Differentiate between saturated and unsaturated”,0.98
35,b.ii,Chemistry,D,1.5,Write the method of converting an unsaturated hydrocarbon into a saturated hydrocarbon. Name the industry where this reaction is commonly used.,2025,31/2/3,Remember,Procedural,Retrieves the hydrogenation method and the industry where it is commonly used.,“method of converting ... Name the industry”,0.97
35,b.iii,Chemistry,D,1.5,Write the name and structure of a hydrocarbon having double bond and four carbon atoms in its one molecule.,2025,31/2/3,Remember,Factual,Retrieves the standard name and structural representation of a four-carbon alkene.,"""name and structure"" of hydrocarbon with double bond and four carbons",0.9
36,a.i,Biology,D,1.5,The length of the small intestine in various animals depends on the food they eat. Justify the statement.,2025,31/2/3,Understand,Conceptual,Explains the relationship between diet type and intestinal length.,"""depends on the food they eat"" and ""Justify""",0.98
36,a.ii,Biology,D,2.0,Discuss the role of the pancreas and bile juice in the digestion of food in human beings.,2025,31/2/3,Understand,Conceptual,Explains how pancreatic secretion and bile contribute to digestion.,"""role of the pancreas and bile juice""",0.98
36,a.iii,Biology,D,1.5,How is the small intestine designed to absorb digested food?,2025,31/2/3,Understand,Conceptual,Explains structural adaptations of the small intestine for absorption.,"""designed to absorb digested food""",0.98
36,b.i,Biology,D,1.0,State the role of rings of cartilage present in the throat.,2025,31/2/3,Remember,Factual,Retrieves the specific function of cartilage rings in the throat.,"""State the role of rings of cartilage""",0.96
36,b.ii,Biology,D,2.0,Discuss the role of the ribs and diaphragm when air is taken in during the breathing cycle.,2025,31/2/3,Understand,Conceptual,Explains coordinated actions of ribs and diaphragm during inhalation.,"""role of the ribs and diaphragm"" during air intake",0.98
36,b.iii,Biology,D,2.0,Why do we get muscle cramps during heavy exercise ? Explain.,2025,31/2/3,Apply,Conceptual,Applies anaerobic respiration knowledge to explain cramps during heavy exercise.,"""muscle cramps during heavy exercise""",0.96
37,a,Biology,E,1.0,Write the site of fertilization in human female.,2025,31/2/3,Remember,Factual,Retrieves the anatomical site where fertilization occurs.,"""site of fertilization""",0.99
37,b,Biology,E,1.0,How does the uterus prepare itself to receive and nurture the growing embryo? Explain.,2025,31/2/3,Understand,Conceptual,Explains uterine changes that support implantation and embryo development.,"""prepare itself to receive and nurture""",0.98
37,c.i,Biology,E,2.0,What happens when the egg is not fertilized ?,2025,31/2/3,Apply,Conceptual,Predicts the outcome by applying reproductive-cycle knowledge to an unfertilized egg.,"""when the egg is not fertilized""",0.95
37,c.ii,Biology,E,2.0,How does the developing embryo get nutrition from the mother's blood? Explain.,2025,31/2/3,Understand,Conceptual,Explains the placental relationship enabling embryonic nutrition from maternal blood.,"""get nutrition from the mother's blood""",0.98
38,a,Physics,E,1.0,Name the phenomenon due to which a prism splits the incident white light into a band of colours.,2025,31/2/3,Remember,Factual,Retrieves the term for splitting white light into constituent colours.,"""prism splits... white light""",0.99
38,b,Physics,E,1.0,State the reason of getting a band of seven colours in the above case.,2025,31/2/3,Understand,Conceptual,Explains why a prism produces a spectrum of seven colours.,"""reason of getting a band of seven colours""",0.98
38,c.i,Physics,E,2.0,"Explain with the help of a labelled ray diagram, an experimental arrangement to show the recombination of the spectrum of white light.",2025,31/2/3,Remember,Procedural,Reproduces the standard experimental arrangement and ray diagram for recombination.,"""labelled ray diagram"" and ""experimental arrangement""",0.91
38,c.ii,Physics,E,2.0,Draw a labelled ray diagram to show the formation of a rainbow.,2025,31/2/3,Remember,Conceptual,Reproduces a standard labelled ray diagram for rainbow formation.,"""Draw a labelled ray diagram""",0.94
39,a,Chemistry,E,1.0,"Solution P is a strong acid while solution Q is a strong base. On the pH scale, where would you place the solutions P and Q ?",2025,31/2/3,Apply,Conceptual,Applies pH-scale relationships to locate a strong acid and strong base.,"""strong acid"", ""strong base"", and ""pH scale""",0.98
39,b,Chemistry,E,1.0,"A solution has a pH of 7. Name a compound you would use to (i) increase its pH, and (ii) decrease its pH.",2025,31/2/3,Apply,Conceptual,Selects substances using acid-base knowledge to alter a neutral solution's pH.,"""increase its pH"" and ""decrease its pH""",0.95
39,c.i,Chemistry,E,2.0,"When the pH of a solution is decreased from 4 to 2, what effect does it produce on its hydronium ion concentration ? State the colour change shown by the pH paper.",2025,31/2/3,Apply,Conceptual,Applies the pH scale and indicator behaviour to a specified pH change.,"""decreased from 4 to 2"" and ""colour change""",0.98
39,c.ii,Biology,E,2.0,"A person is feeling pain and irritation in the stomach due to indigestion. What could be the pH of the fluid in the stomach? Write the common name of the medicines people use for remedy. Give the chemical name of ""milk of magnesia"" often used for this purpose.",2025,31/2/3,Apply,Conceptual,Applies acidity and neutralization knowledge to indigestion and identifies the relevant remedy.,"""pain and irritation... due to indigestion""",0.9
1,,Chemistry,A,1.0,The metals obtained from their molten chlorides by the process of electrolytic reduction are: (A) Gold and silver (B) Calcium and magnesium (C) Aluminium and silver (D) Sodium and iron,2025,1,Remember,Factual,Retrieves which metals are extracted from molten chlorides by electrolytic reduction.,"""metals obtained from their molten chlorides""",0.93
2,,Chemistry,A,1.0,The formation of magnesium oxide is correctly shown in option: (A) Mg + :O: -> Mg2+ [:O:]2- (B) Mg: + :O: -> Mg2+ [:O:]2- (C) Mg: + :O: -> Mg+ [:O:]- (D) 2Mg + :O: -> [Mg2+] [:O:]2-,2025,1,Apply,Conceptual,Applies electron-transfer and ionic-bonding rules to identify the correct representation.,"""formation of magnesium oxide""",0.94
3,,Chemistry,A,1.0,"Reaction between two elements A and B, forms a compound C. A loses electrons and B gains electrons. Which one of the following properties will not be shown by compound C? (A) It has high melting point. (B) It is highly soluble in water. (C) It has weak electrostatic forces of attraction between its oppositely charged ions. (D) It conducts electricity in its molten state or aqueous solution.",2025,1,Apply,Conceptual,Applies ionic-compound properties to identify the property not expected for compound C.,"""A loses electrons and B gains electrons""",0.96
4,,Chemistry,A,1.0,Consider the following reactions: (i) Dilute hydrochloric acid reacts with sodium hydroxide. (ii) Magnesium oxide reacts with dilute hydrochloric acid. (iii) Carbon dioxide reacts with sodium hydroxide. It is found that in each case : (A) Salt and water is formed. (B) Neutral salts are formed. (C) Hydrogen gas is formed. (D) Acidic salts are formed.,2025,1,Analyze,Conceptual,Examines outcomes across three acid-base reactions to identify their shared result.,"""in each case"" with three listed reactions",0.94
5,,Chemistry,A,1.0,Tooth enamel is made up of calcium hydroxyapatite (a crystalline form of calcium phosphate). This chemical starts corroding in the mouth when the pH is: (A) 7 (B) 5.5 (C) 10 (D) 14,2025,1,Remember,Factual,Retrieves the specific pH at which tooth enamel begins corroding.,"""starts corroding... when the pH is""",0.98
6,,Chemistry,A,1.0,The products formed when Aluminium and Magnesium are burnt in the presence of air respectively are: (A) Al3O4 and MgO2 (B) Al2O3 and MgO (C) Al3O4 and MgO (D) Al2O3 and MgO2,2025,1,Remember,Factual,Retrieves the oxides formed when aluminium and magnesium burn in air.,"""products formed when Aluminium and Magnesium are burnt""",0.97
7,,Chemistry,A,1.0,Electrolysis of water is a decomposition reaction. The mass ratio (MH:MO) of hydrogen and oxygen gases liberated at the electrodes during electrolysis of water is : (A) 8:1 (B) 2:1 (C) 1:2 (D) 1:8,2025,1,Remember,Factual,Retrieves the known mass ratio of gases produced by electrolysis of water.,"""mass ratio... liberated at the electrodes""",0.95
8,,Chemistry,A,1.0,The breakdown of glucose has taken the following pathway: Glucose -> Pyruvate + Energy (site a) -> Lactic acid + Energy (site b). The sites 'a' and 'b' respectively are : (A) Mitochondria and Oxygen deficient muscle cells (B) Cytoplasm and Oxygen rich muscle cells (C) Cytoplasm and Yeast cells (D) Cytoplasm and Oxygen deficient muscle cells,2025,1,Apply,Conceptual,Applies cellular-respiration pathways to determine the sites of pyruvate formation and lactic fermentation.,"""Glucose → Pyruvate"" and ""Lactic acid"" pathway",0.97
9,,Biology,A,1.0,"If pea plants with round and green seeds (RRyy) are crossed with pea plants having wrinkled and yellow seeds (rrYY), the seeds developed by the plants of F1 generation will be : (A) 50% round and green (B) 75% wrinkled and green (C) 100% round and yellow (D) 75% wrinkled and yellow",2025,1,Apply,Conceptual,Applies Mendelian dominance to predict the phenotype of the F1 generation.,"""RRyy... crossed with rrYY""",0.99
10,,Biology,A,1.0,The correct/true statement(s) for a bisexual flower is/are: (i) They possess both stamen and pistil. (ii) They possess either stamen or pistil. (iii) They exhibit either self-pollination or cross-pollination. (iv) They cannot produce fruits on their own. (A) (i) only (B) (iv) only (C) (i) and (iii) (D) (i) and (iv),2025,1,Analyze,Conceptual,Checks several statements against characteristics and pollination modes of bisexual flowers.,"""correct/true statement(s)"" with statements (i)–(iv)",0.98
11,,Biology,A,1.0,The plant hormone whose concentration stimulates the cells to grow longer on the side of the shoot which is away from light is: (A) Cytokinins (B) Gibberellins (C) Adrenaline (D) Auxins,2025,1,Remember,Factual,Retrieves the plant hormone responsible for shoot phototropism.,"""hormone... side of the shoot... away from light""",0.98
12,,Biology,A,1.0,Secretion of less saliva in mouth will effect the conversion of: (A) proteins into amino acids (B) fats into fatty acids and glycerol (C) starch into simple sugars (D) sugars into alcohol,2025,1,Apply,Conceptual,Applies salivary enzyme function to predict the affected food conversion.,"""less saliva... effect the conversion""",0.97
13,,Biology,A,1.0,The percentage of solar energy which is not converted into food energy by the leaves of green plants in a terrestrial ecosystem is about: (A) 1% (B) 10% (C) 90% (D) 99%,2025,1,Remember,Factual,Retrieves the approximate percentage of solar energy not converted into food energy.,"""percentage of solar energy... not converted""",0.97
14,,Biology,A,1.0,"Which of the following groups do not constitute a food chain? (i) Wolf, rabbit, grass, lion (ii) Plankton, man, grasshopper, fish (iii) Hawk, grass, snake, grasshopper, frog (iv) Grass, snake, wolf, tiger (A) (i) and (iv) (B) (i) and (iii) (C) (ii) and (iii) (D) (ii) and (iv)",2025,1,Analyze,Conceptual,Examines trophic relationships in several organism groups for valid food-chain order.,"""groups do not constitute a food chain""",0.96
15,,Physics,A,1.0,The phenomenon responsible for making the smoke particles visible when a beam of sunlight enters a smoke filled room through a narrow hole is: (A) scattering of light (B) dispersion of light (C) reflection of light (D) internal reflection of light,2025,1,Remember,Factual,Retrieves the phenomenon that makes smoke particles visible in a light beam.,"""smoke particles visible"" in sunlight beam",0.98
16,,Physics,A,1.0,"Mirror 'X' is used to concentrate sunlight in solar furnace and Mirror 'Y' is fitted on the side of the vehicle to see the traffic behind the driver. Which of the following statements are true for the two mirrors ? (i) The image formed by mirror 'X' is real, diminished and at its focus. (ii) The image formed by mirror 'Y' is virtual, diminished and erect. (iii) The image formed by mirror 'X' is virtual, diminished and erect. (iv) The image formed by mirror 'Y' is real, diminished and at its focus. (A) (i) and (ii) (B) (ii) and (iii) (C) (iii) and (iv) (D) (i) and (iv)",2025,1,Analyze,Conceptual,Checks multiple image-property claims using concave and convex mirror relationships.,"""Which... statements are true"" with statements (i)–(iv)",0.98
17,,Chemistry,A,1.0,"Assertion (A): The amount of ozone in the atmosphere began to drop sharply in the 1980s. Reason (R): The oxygen atoms combine with molecular oxygen to form ozone. (A) Both (A) and (R) are true and (R) is correct explanation. (B) Both (A) and (R) are true, but (R) is not correct explanation. (C) (A) is true, but (R) is false. (D) (A) is false, but (R) is true.",2025,1,Analyze,Conceptual,Examines the truth and explanatory relationship between the ozone assertion and reason.,"""Assertion"" and ""Reason"" with explanation options",0.98
18,,Physics,A,1.0,"Assertion (A): No two magnetic field lines are found to cross each other. Reason (R): The compass needle cannot point towards two directions at the point of intersection of two magnetic field lines. (A) Both (A) and (R) are true and (R) is correct explanation. (B) Both (A) and (R) are true, but (R) is not correct explanation. (C) (A) is true, but (R) is false. (D) (A) is false, but (R) is true.",2025,1,Analyze,Conceptual,Examines whether the reason correctly explains why magnetic field lines never cross.,"""Assertion"" and ""Reason"" with explanation options",0.99
19,,Biology,A,1.0,"Assertion (A): A human child bears all the basic features of human beings. Reason (R): It looks exactly like its parents, showing very little variations. (A) Both (A) and (R) are true and (R) is correct explanation. (B) Both (A) and (R) are true, but (R) is not correct explanation. (C) (A) is true, but (R) is false. (D) (A) is false, but (R) is true.",2025,1,Analyze,Conceptual,Examines the truth and explanatory connection between heredity and variation claims.,"""Assertion"" and ""Reason"" with explanation options",0.98
20,,Chemistry,A,1.0,"Assertion (A): Decomposition reactions are generally endothermic reactions. Reason (R): Decomposition of organic matter into compost is an exothermic process. (A) Both (A) and (R) are true and (R) is correct explanation. (B) Both (A) and (R) are true, but (R) is not correct explanation. (C) (A) is true, but (R) is false. (D) (A) is false, but (R) is true.",2025,1,Analyze,Conceptual,Examines the validity and relationship of claims about decomposition reaction energetics.,"""Assertion"" and ""Reason"" with explanation options",0.98
21,,Physics,B,2.0,An object is placed at a distance of 10 cm in front of a concave mirror of focal length 15 cm. Use mirror formula to determine the position of the image formed by this mirror.,2025,1,Apply,Procedural,Uses the mirror formula with specified object distance and focal length to calculate image position.,"""Use mirror formula to determine the position""",0.99
22,a,Physics,B,2.0,Consider two lamps A and B of rating 50 W; 220 V and 25 W; 220 V respectively. Find the ratio of the resistances of the two lamps (i.e. RA:RB).,2025,1,Apply,Procedural,Uses the resistance-power relation to calculate a ratio for specified lamp ratings.,Find ratio of resistances from wattage and voltage.,0.99
22,b,Physics,B,2.0,Heat produced per second due to a current in a resistor of 4 Ω is 400 joules. Calculate the potential difference across the resistor.,2025,1,Apply,Procedural,Uses electrical power and resistance relations to calculate potential difference.,Calculate potential difference using heat per second and resistance.,0.99
23,,Biology,B,2.0,Draw labelled diagrams to show different stages of budding in Hydra.,2025,1,Remember,Conceptual,Reproduces standard taught stages of Hydra budding as labelled diagrams.,Draw labelled diagrams of budding stages in Hydra.,0.96
24,a,Biology,B,2.0,"Besides minimising the loss of blood, why is it essential to plug any leak in a blood vessel? Name the component of blood which helps in this process and state how this component perform this function.",2025,1,Understand,Conceptual,Explains clotting importance and the role of platelets in sealing vessels.,Why plug leak; name component and state function.,0.95
24,b.i,Biology,B,1.0,The transport system in plants is relatively slower than in animals. Give reasons.,2025,1,Understand,Conceptual,Explains causal differences between plant and animal transport systems.,Give reasons transport in plants is slower.,0.96
24,b.ii,Biology,B,1.0,State the role of phloem in the transport of materials in plants.,2025,1,Remember,Conceptual,Recalls the established transport role of phloem.,State the role of phloem.,0.98
25,,Chemistry,B,2.0,A student performs the following experiment in his school laboratory (dilute sulphuric acid + Zn granules). List two observations to justify that in this experiment a chemical change has taken place.,2025,1,Remember,Factual,Recalls observable signs of the known zinc-acid chemical reaction.,List two observations showing chemical change.,0.91
26,a,Chemistry,B,1.0,Translate the following statement into a chemical equation and then balance it: Nitric acid reacts with calcium hydroxide to form calcium nitrate and water.,2025,1,Apply,Procedural,Converts a word equation into symbols and applies balancing rules.,Translate into chemical equation and balance it.,0.99
26,b,Chemistry,B,1.0,Translate the following statement into a chemical equation and then balance it: Sodium chloride reacts with silver nitrate to form silver chloride and sodium nitrate.,2025,1,Apply,Procedural,Converts a word equation into symbols and applies balancing rules.,Translate into chemical equation and balance it.,0.99
27,a,Physics,C,1.0,Define one volt potential difference between two points in an electric field.,2025,1,Remember,Conceptual,Recalls the definition relating potential difference to work done per charge.,Define one volt potential difference.,0.98
27,b,Physics,C,2.0,"Draw a schematic diagram of an electric circuit of a cell of 1.5 V, 5 Ω and 10 Ω resistor and a plug key, all connected in series. Calculate the current drawn from the cell when the key is closed.",2025,1,Apply,Procedural,Constructs the specified series circuit and calculates current using circuit rules.,Draw series circuit; calculate current drawn.,0.99
28,a,Physics,C,1.0,Calculate the total resistance of the circuit.,2025,1,Apply,Procedural,Uses resistance-combination rules to calculate an unspecified circuit's total resistance.,Calculate the total resistance of the circuit.,0.72
28,b,Physics,C,1.0,Calculate the total current drawn from the source.,2025,1,Apply,Procedural,Uses circuit relations to calculate current drawn from the source.,Calculate total current drawn from source.,0.72
28,c,Physics,C,1.0,Calculate potential difference across the parallel combination of 10 Ω and 15 Ω resistors.,2025,1,Apply,Procedural,Uses parallel-circuit voltage relations for the specified resistor combination.,Calculate potential difference across parallel combination.,0.77
29,,Physics,C,3.0,"Draw ray diagrams to show the nature, position and relative size of the image formed by a convex mirror when the object is placed (i) at infinity and (ii) between infinity and pole P of the mirror.",2025,1,Apply,Conceptual,Applies convex-mirror ray rules to two specified object positions.,Draw ray diagrams for stated object positions.,0.97
30,a,Biology,C,1.0,How many chromosomes are present in human beings ? Out of these how many are sex chromosomes?,2025,1,Remember,Factual,Recalls the total number of human chromosomes and sex chromosomes.,How many chromosomes and sex chromosomes?,0.99
30,b,Biology,C,2.0,"Explain how, in sexually reproducing organisms, the number of chromosomes in the progeny is maintained.",2025,1,Understand,Conceptual,Explains how meiosis and fertilisation maintain chromosome number across generations.,Explain how chromosome number is maintained.,0.98
31,a,Biology,C,1.0,A hormone 'X' is secreted in blood when a person is under scary situation. Identify the hormone 'X' and the gland that secretes it.,2025,1,Remember,Factual,Recalls the emergency hormone and its secreting gland.,Identify hormone X and gland that secretes it.,0.99
31,b,Biology,C,2.0,Explain its role in dealing with scary or emergency situations.,2025,1,Understand,Conceptual,Explains the hormone's effects during an emergency response.,Explain its role in scary or emergency situations.,0.98
32,a,Chemistry,C,1.5,"With the help of an activity, explain the conditions under which iron articles get rusted.",2025,1,Understand,Conceptual,Explains rusting conditions using observations from a standard activity.,Explain conditions under which iron articles rust.,0.95
32,b.i,Chemistry,C,1.0,Name two metals which react violently with cold water. List any three observations which a student notes when these metal are dropped in a beaker containing water.,2025,1,Remember,Factual,Recalls metals reacting violently with water and their expected observations.,Name metals; list observations in water.,0.96
32,b.ii,Chemistry,C,0.5,Write a test to identify the gas evolved (if any) during the reaction of these metals with water.,2025,1,Remember,Procedural,Recalls the standard laboratory test for the evolved gas.,Write a test to identify the gas evolved.,0.97
33,a,Chemistry,C,2.0,Displacement reactions also play a key role in extracting metals in the middle of the reactivity series. Justify this statement with two examples.,2025,1,Evaluate,Conceptual,Defends the extraction claim using examples of displacement reactions.,Justify statement with two examples.,0.93
33,b,Chemistry,C,1.0,Why can metals high up in the reactivity series not be obtained by reduction of their oxides by carbon ?,2025,1,Understand,Conceptual,Explains why carbon cannot reduce oxides of highly reactive metals.,Why cannot high-reactivity metals be reduced by carbon?,0.98
34,a.i,Physics,D,2.0,The power of a lens 'X' is 2.5 D. Name the lens and determine its focal length in cm. For which eye defect of vision will an optician prescribe this type of lens as a corrective lens ?,2025,1,Apply,Procedural,"Uses lens-power relations to determine lens type, focal length, and correction use.",Power 2.5 D; determine focal length and defect.,0.98
34,a.ii,Physics,D,2.0,"The value of magnification 'm' for a lens is 2. Using new Cartesian Sign Convention and considering that an object is placed at a distance of 20 cm from the optical centre of this lens, state: (I) the nature of the image formed; (II) size of the image compared to the size of the object; (III) position of the image, and (IV) sign of the height of the image.",2025,1,Apply,Procedural,Uses magnification and sign-convention relations for the stated object distance.,Magnification 2 and object distance 20 cm.,0.97
34,a.iii,Physics,D,1.0,The numerical values of the focal lengths of two lenses A and B are 10 cm and 20 cm respectively. Which one of the two will show higher degree of convergence/divergence ? Give reason to justify your answer.,2025,1,Apply,Conceptual,Applies the focal-length and lens-power relationship to compare convergence or divergence.,Which lens has higher convergence/divergence; give reason.,0.94
34,b.i,Physics,D,2.0,Draw a ray diagram to show the refraction of a ray of light through a rectangular glass slab when it falls obliquely from air into glass.,2025,1,Apply,Conceptual,Applies refraction rules to draw the ray path through a glass slab.,Draw ray diagram for oblique incidence through slab.,0.97
34,b.ii,Physics,D,1.0,State Snell's law of refraction of light.,2025,1,Remember,Conceptual,Recalls the stated law relating angles and refractive indices.,State Snell's law of refraction.,0.99
34,b.iii,Physics,D,2.0,"Differentiate between the virtual images formed by a convex lens and a concave lens on the basis of : (I) object distance, and (II) magnification.",2025,1,Understand,Conceptual,Compares virtual images from two lens types by stated properties.,Differentiate virtual images by distance and magnification.,0.98
35,a.i,Physics,D,3.0,Write the functions of the following parts of human female reproductive system: (I) Ovary (II) Fallopian tube (III) Uterus,2025,1,Remember,Factual,Recalls functions of named female reproductive-system organs.,"Write functions of ovary, tube, and uterus.",0.98
35,a.ii,Biology,D,2.0,State briefly two contraceptive methods used by human males.,2025,1,Remember,Factual,Recalls two established contraceptive methods used by males.,State two contraceptive methods used by males.,0.98
35,b.i,Biology,D,2.0,Differentiate between self-pollination and cross-pollination.,2025,1,Understand,Conceptual,Distinguishes two pollination processes through their defining relationships.,Differentiate self-pollination and cross-pollination.,0.98
35,b.ii,Biology,D,3.0,"Identify A, B and C in the diagram given below and write one function of each.",2025,1,Remember,Factual,Identifies diagram labels and recalls one function for each.,"Identify A, B and C in diagram.",0.63
36,a.i,Chemistry,D,1.0,Draw electron dot structure of chlorine molecule. (Atomic Number of Chlorine = 17),2025,1,Apply,Conceptual,Uses electron-dot conventions and atomic number to construct chlorine bonding representation.,Draw electron dot structure; atomic number given.,0.94
36,a.ii,Chemistry,D,1.0,What happens when chlorine reacts with methane in the presence of sunlight? Write the name of the reaction.,2025,1,Apply,Conceptual,Applies the sunlight reaction condition to predict methane chlorination and name it.,Chlorine reacts with methane in sunlight.,0.94
36,a.iii,Chemistry,D,1.0,Name the two oxidising agents used for the conversion of alcohols to acids.,2025,1,Remember,Factual,Recalls the named oxidising agents used for alcohol oxidation.,Name two oxidising agents.,0.99
36,a.iv,Chemistry,D,2.0,List four differences in properties between covalent compounds and ionic compounds.,2025,1,Understand,Conceptual,Compares characteristic properties of ionic and covalent compounds.,List four differences in properties.,0.97
36,b.i,Chemistry,D,1.0,Give reason why carbon forms compounds mainly by covalent bonding.,2025,1,Understand,Conceptual,Explains carbon's covalent bonding tendency through electron-sharing considerations.,Give reason carbon forms mainly covalent compounds.,0.98
36,b.ii,Chemistry,D,1.0,Why do covalent compounds have low melting and boiling points.,2025,1,Understand,Conceptual,Explains low melting and boiling points using weak intermolecular forces.,Why covalent compounds have low melting and boiling points.,0.98
36,b.iii,Chemistry,D,3.0,Give reason for the following: I. Covalent compounds are bad conductors of electricity. II. Carbon shows catenation.,2025,1,Understand,Conceptual,Explains bonding and carbon-chain formation in relation to stated properties.,“Give reason” for conductivity and catenation.,0.96
37,a,Chemistry,E,1.0,Write the colours of the insulation covers of the line wires through which supply comes to our homes.,2025,1,Remember,Factual,Recalls standard insulation-cover colours for domestic supply wires.,“Write the colours” of line wires.,0.98
37,b,Physics,E,1.0,What should be the current rating of the electric circuit (220 V) so that an electric iron of 1 kW power rating can be operated?,2025,1,Apply,Procedural,Uses the power-current-voltage relationship for the specified iron.,“1 kW” appliance on “220 V” circuit.,0.99
37,c.i,Physics,E,2.0,What is the function of the earth wire? State the advantage of the earth wire in domestic electric appliances such as electric iron.,2025,1,Understand,Conceptual,Explains earthing function and its protective relationship to appliance safety.,“function” and “advantage” of earth wire.,0.97
37,c.ii,Physics,E,2.0,List two precautions to be taken to avoid electrical accidents. State how these precautions prevent possible damage to the circuit/appliance.,2025,1,Understand,Conceptual,Explains how stated safety precautions prevent electrical damage or accidents.,“State how these precautions prevent” damage.,0.94
38,a,Chemistry,E,1.0,Write balanced chemical equations to show the products formed during electrolysis of brine.,2025,1,Apply,Procedural,Constructs balanced equations for products of the specified electrolysis process.,“Write balanced chemical equations” for brine electrolysis.,0.98
38,b,Chemistry,E,1.0,List two uses of any one product obtained during electrolysis of brine.,2025,1,Remember,Factual,Recalls uses of a named product from brine electrolysis.,“List two uses” of a product.,0.98
38,c.i,Chemistry,E,2.0,"A mild non-corrosive basic salt 'A', used for faster cooking, is strongly heated to produce a compound 'B', that is used for removing permanent hardness of water. Identify A and B and also write the equation for the reaction that occurs when A is heated.",2025,1,Remember,Factual,Retrieves identities and the standard thermal decomposition equation of the salts.,“Identify A and B” and write heated reaction.,0.92
38,c.ii,Chemistry,E,2.0,Define water of crystallisation. Give two examples of salts that have water of crystallisation.,2025,1,Remember,Factual,Recalls the definition and examples of hydrated salts.,“Define” and “Give two examples.”,0.99
39,a,Biology,E,1.0,Name and define the process by which green plants prepare food.,2025,1,Remember,Factual,Recalls the name and standard definition of photosynthesis.,“Name and define” the process.,0.99
39,b,Chemistry,E,1.0,Write chemical equation involved in the above process.,2025,1,Remember,Procedural,Reproduces the standard chemical equation for photosynthesis.,“Write chemical equation” for the process.,0.98
39,c.i,Biology,E,2.0,State in proper sequence the events that occur in synthesis of food by desert plants.,2025,1,Remember,Conceptual,Recalls the taught sequence of food synthesis events in desert plants.,“State in proper sequence” the events.,0.91
39,c.ii,Biology,E,2.0,"Explain giving reasons what happens to the rate at which the green plants will prepare food (I) during cloudy weather, and (II) when stomata get blocked due to dust.",2025,1,Apply,Conceptual,Predicts photosynthetic-rate changes by applying light and stomatal-gas-exchange principles.,“what happens to the rate” in specified conditions.,0.97
1,,Chemistry,A,1.0,Which one of the following reactions is different from the remaining three ? (A) NaCl + AgNO3 -> AgCl + NaNO3 (B) CaO + H2O -> Ca(OH)2 (C) KNO3 + H2SO4 -> KHSO4 + HNO3 (D) ZnCl2 + H2S -> ZnS + 2HCl,2024,3,Analyze,Conceptual,Compares reaction patterns across alternatives to identify the unlike reaction.,“different from the remaining three.”,0.89
2,,Chemistry,A,1.0,Identify the product 'X' obtained in the following chemical reaction: CaCO3 -> X + CO2 (A) Quick lime (B) Gypsum (C) Lime Stone (D) Plaster of Paris,2024,3,Remember,Factual,Recalls the thermal decomposition product of calcium carbonate.,“Identify the product X” from CaCO3 decomposition.,0.98
3,,Chemistry,A,1.0,Select a pair of natural indicator from the following: (A) Litmus and methyl orange (B) Turmeric and Litmus (C) Phenolphthalein and methyl orange (D) Methyl orange and Turmeric,2024,3,Remember,Factual,Recalls which listed indicators are naturally occurring.,“Select a pair of natural indicator.”,0.98
4,,Chemistry,A,1.0,"A chemical compound used in glass, soap and paper industries is (A) Washing Soda (B) Baking Soda (C) Bleaching Powder (D) Common Salt",2024,3,Remember,Factual,Recalls the industrial uses associated with washing soda.,"“used in glass, soap and paper industries.”",0.98
5,,Chemistry,A,1.0,"The products obtained when Lead nitrate is heated in a boiling tube. (A) PbO, N2O and O2 (B) NO, PbO and O2 (C) Pb(NO2)2 and O2 (D) NO2, PbO and O2",2024,3,Remember,Factual,Recalls products formed during thermal decomposition of lead nitrate.,“products obtained when Lead nitrate is heated.”,0.98
6,,Chemistry,A,1.0,"Identify a group of the unsaturated hydrocarbons from the following: (A) Propane, Ethene, Butyne (B) Ethene, Propane, Hexane (C) Cyclohexane, Methane, Ethane (D) Butyne, Ethene, Propyne",2024,3,Understand,Conceptual,Classifies hydrocarbons by the presence of unsaturation.,“Identify a group” of unsaturated hydrocarbons.,0.97
7,,Chemistry,A,1.0,"The structural formula of Cyclohexane is [Diagram options A, B, C, D]",2024,3,Remember,Conceptual,Recognizes the standard structural representation of cyclohexane.,“structural formula of Cyclohexane.”,0.9
8,,Biology,A,1.0,Which of the following statement(s) is (are) true about human heart? (a) Right atrium receives oxygenated blood from lungs through pulmonary artery. (b) Left atrium transfers oxygenated blood to left ventricle which sends it to various parts of the body. (c) Right atrium receives deoxygenated blood from different parts of the body through vena cava. (d) Left atrium transfers oxygenated blood to aorta which sends it to different parts of the body. (A) (b) only (B) (a) and (d) (C) (b) and (c) (D) (b) and (d),2024,3,Analyze,Conceptual,Fact-checks multiple statements about blood flow through heart chambers and vessels.,“Which statement(s) is (are) true.”,0.99
9,,Biology,A,1.0,"In an experiment to study independent inheritance of two separate traits: shape and colour of seeds, the ratio of the different combinations in F2 progeny would be (A) 1:3 (B) 1:2:1 (C) 9:3:3:1 (D) 9:1:1:3",2024,3,Apply,Conceptual,Applies independent assortment to predict the F2 phenotypic ratio.,“ratio ... in F2 progeny.”,0.99
10,,Biology,A,1.0,Select from the following a plant hormone which promotes cell division. (A) Gibberellins (B) Auxins (C) Abscissic Acids (D) Cytokinins,2024,3,Remember,Factual,Recalls the hormone associated with promotion of cell division.,“plant hormone which promotes cell division.”,0.99
11,,Biology,A,1.0,Offsprings formed as a result of sexual reproduction produce more variations because (A) genetic material is contributed by many parents. (B) sexual reproduction is a lengthy process. (C) genetic material is contributed by two individuals of same species to produce a new generation. (D) DNA copying is not accompanied by the creation of cellular apparatus.,2024,3,Understand,Conceptual,Explains variation through genetic contribution from two parents.,“produce more variations because.”,0.98
12,,Biology,A,1.0,Sex determination depends upon the environment in (A) Birds (B) Amphibians (C) Reptiles (D) Fishes,2024,3,Remember,Factual,Recalls the animal group with environmental sex determination.,“Sex determination depends upon the environment.”,0.98
13,,Physics,A,1.0,"In case of four wires of same material, the resistance will be minimum if the diameter and length of the wire respectively are (A) D/2 and L/4 (B) D/4 and 4L (C) 2D and L (D) 4D and 2L",2024,3,Apply,Conceptual,Applies the resistance dependence on length and cross-sectional area.,“resistance will be minimum” for wire dimensions.,0.98
14,,Physics,A,1.0,"In the given circuit the total resistance between X and Y is: [Circuit Diagram with 2 Ohm, 3 Ohm, 6 Ohm resistors] (A) 12 Ohm (B) 4 Ohm (C) 6 Ohm (D) 1 Ohm",2024,3,Apply,Procedural,Uses series-parallel resistance rules on the given circuit.,“total resistance between X and Y.”,0.88
15,,Biology,A,1.0,"Consider the following statements about ozone : (a) Ozone is poisonous gas. (b) Ozone shields the earth's surface from the infrared radiation from the sun. (c) Ozone is a product of UV radiations acting on oxygen molecule. (d) At the lower level of the earth's atmosphere, ozone performs most essential function. The correct statements are (A) (a) and (b) (B) (a) and (c) (C) (b) and (c) (D) (b) and (d)",2024,3,Analyze,Conceptual,"Fact-checks several statements about ozone formation, effects, and atmospheric role.",“correct statements are.”,0.99
16,,Biology,A,1.0,A food chain will be more advantageous in terms of energy if it has (A) 2 trophic levels (B) 3 trophic levels (C) 4 trophic levels (D) 5 trophic levels,2024,3,Apply,Conceptual,Applies energy-transfer efficiency across trophic levels to select a chain length.,“more advantageous in terms of energy.”,0.94
17,,Physics,A,1.0,Assertion (A): Red light signals are used to stop the vehicles on the road. Reason (R): Red coloured light is scattered the most so as to be visible from a large distance.,2024,3,Analyze,Conceptual,Examines the truth and relationship of the assertion and reason.,“Assertion” and “Reason” about red signals.,0.98
18,,Chemistry,A,1.0,Assertion (A): A piece of Zinc metal gets reddish brown coating when kept in copper sulphate solution for some time. Reason (R): Copper is more reactive metal than Zinc.,2024,3,Analyze,Conceptual,Examines the assertion and reason using metal reactivity relationships.,“Assertion” and “Reason” about zinc and copper sulphate.,0.98
19,,Biology,A,1.0,Assertion (A): Offsprings produced by asexual reproduction are genetically similar to the parents. Reason (R): Asexual reproduction involves a single parent.,2024,3,Analyze,Conceptual,Examines the relationship between single-parent reproduction and genetic similarity.,“Assertion” and “Reason” about asexual reproduction.,0.98
20,,Biology,A,1.0,Assertion (A): Producers are capable of using light energy from the sun to make food available in an ecosystem. Reason (R): All food chains in an ecosystem start with a producer.,2024,3,Analyze,Conceptual,Examines the relationship between producer food-making and food-chain origins.,“Assertion” and “Reason” about producers.,0.98
21,a,Chemistry,B,2.0,Write the essential conditions for following reaction to take place and name its types: 2AgCl -> 2Ag + Cl2,2024,3,Remember,Conceptual,Recalls the required condition and reaction classification for silver chloride decomposition.,“essential conditions” and “name its types.”,0.95
21,b,Chemistry,B,2.0,Complete the following chemical reaction in the form of a balanced equation: FeSO4 -(Heat)-> Fe2O3 + ...... + .......,2024,3,Apply,Procedural,Completes and balances the thermal decomposition equation using known reaction rules.,“Complete ... balanced equation” with heat.,0.99
22,a,Biology,B,2.0,List any two pairs of visible contrasting characters of garden pea plants used by Mendel for his experiments stating the dominant and recessive characters in each pair.,2024,3,Remember,Factual,Recalls Mendel's contrasting pea traits and their dominance status.,“List ... contrasting characters” and dominance.,0.98
22,b,Biology,B,2.0,"OR In human beings, the probability of getting a male or a female child is 50%. Explain with the help of a flow diagram only.",2024,3,Apply,Conceptual,Uses sex-chromosome inheritance to represent equal male and female probability.,“50%” probability with a flow diagram.,0.95
23,,Biology,B,2.0,Where are auxins synthesized? How do they promote phototropism?,2024,3,Understand,Conceptual,Explains how auxin distribution causes differential growth in phototropism.,“How do they promote phototropism?”,0.97
24,a,Physics,B,2.0,Draw a labelled diagram to show the pattern of magnetic field lines produced due to a current carrying straight conductor. Mark on it the direction of current in the conductor and the direction of magnetic field lines.,2024,3,Remember,Conceptual,Reproduces the standard magnetic-field-line pattern around a straight current-carrying conductor.,“Draw a labelled diagram” showing directions.,0.96
24,b,Physics,B,2.0,OR Name the device used to magnetise a piece of magnetic material. Draw a labelled diagram to show the arrangement used for the magnetisation of a cylinder made of soft iron.,2024,3,Remember,Procedural,Recalls the standard device and arrangement used to magnetise soft iron.,“Name the device” and draw magnetisation arrangement.,0.93
25,,Physics,B,2.0,When do we say that a particular person is suffering from hypermetropia ? List two causes of this defect. Name the type of lens used to correct this defect.,2024,3,Remember,Factual,"Retrieves the definition, causes, and corrective lens for hypermetropia.","“When do we say,” “List two causes,” “Name the lens”",0.95
26,a,Biology,B,1.0,Give reasons for the following: Food web is more stable than a food chain in an ecosystem.,2024,3,Understand,Conceptual,Explains how interconnected feeding relationships increase ecosystem stability.,“Food web is more stable than a food chain”,0.96
26,b,Biology,B,1.0,Give reasons for the following: A food chain should not have more than four to five trophic levels.,2024,3,Understand,Conceptual,Explains the energy-transfer relationship limiting trophic levels.,“should not have more than four to five trophic levels”,0.96
27,a,Chemistry,C,3.0,Name the chemical reaction that occurs between iron (III) oxide and aluminium metal. Write its balanced chemical equation. Why is this reaction called displacement reaction? Give one use of this reaction.,2024,3,Understand,Conceptual,Explains reaction classification while recalling its equation and application.,“Why is this reaction called displacement reaction?”,0.87
27,b.i,Chemistry,C,1.0,OR A student is working in a laboratory with metal 'E' which is stored under kerosene oil. Some how a small piece of this metal falls in a beaker containing water and starts burning. Name the metal 'E'.,2024,3,Remember,Factual,Identifies a metal from its characteristic storage and reaction behavior.,“stored under kerosene oil” and “starts burning”,0.94
27,b.ii,Chemistry,C,1.0,Write chemical equation for the reaction when metal 'E' reacts with water. State the nature (acidic/basic/neutral) of the product obtained.,2024,3,Apply,Conceptual,Uses the metal-water reaction relationship to write products and determine their nature.,“when metal ‘E’ reacts with water”,0.9
27,b.iii,Chemistry,C,1.0,Name the process by which this metal 'E' is obtained from its molten chloride.,2024,3,Remember,Factual,Recalls the named extraction process for the metal.,“obtained from its molten chloride”,0.94
28,a,Chemistry,C,1.0,State reasons for the following: Zinc oxide is an amphoteric oxide.,2024,3,Understand,Conceptual,Explains amphoteric behavior through reactions with acids and bases.,“Zinc oxide is an amphoteric oxide”,0.96
28,b,Chemistry,C,1.0,State reasons for the following: Calcium starts floating when immersed in water.,2024,3,Understand,Conceptual,Explains floating using the reaction between calcium and water.,“Calcium starts floating when immersed in water”,0.95
28,c,Chemistry,C,1.0,"State reasons for the following: In the reactions of nitric acid with metals, generally hydrogen gas is not evolved.",2024,3,Understand,Conceptual,Explains nitric acid's oxidizing role in metal reactions.,“generally hydrogen gas is not evolved”,0.95
29,,Biology,C,3.0,We water the soil but it reaches the topmost leaves of the plants. Explain in brief the process involved.,2024,3,Understand,Conceptual,Explains water transport to leaves through a plant process.,“reaches the topmost leaves”,0.91
30,,Biology,C,3.0,Write the name and location of a hormone which helps a person to respond when chased by a dog. Mention the responses in the body which help him to deal with the situation.,2024,3,Remember,Factual,"Retrieves the hormone, its location, and standard fight-or-flight responses.",“Name and location of a hormone”,0.94
31,,Physics,C,3.0,Explain in brief the function of an electric fuse in a domestic circuit. An electric heater of current rating 3 kW; 220 V is to be operated in an electric circuit of rating 5 A. What is likely to happen when the heater is switched 'ON'? Justify your answer with necessary calculation.,2024,3,Apply,Procedural,Calculates current and applies circuit rating rules to predict fuse action.,“Justify your answer with necessary calculation”,0.98
32,,Physics,C,3.0,"Draw a schematic diagram of a circuit consisting of a battery of four dry cells of 1.5 V each, a 2 Ohm resistor, a 6 Ohm resistor, 16 Ohm resistor and a plug key all connected in series. Put an ammeter to measure the current in the circuit and a voltmeter across the 16 Ohm resistor to measure potential difference across its two ends. Use Ohm's law to determine (a) ammeter reading, and (b) voltmeter reading when key is closed.",2024,3,Apply,Procedural,Constructs the specified circuit and uses Ohm's law to calculate readings.,“Use Ohm’s law to determine”,0.99
33,,Physics,C,3.0,Name and explain the phenomenon of light due to which the path of a beam of light becomes visible when it enters a smoke filled room through a small hole. Also state the dependence of colour of the light we receive on the size of the particle of the medium through which the beam of light passes.,2024,3,Understand,Conceptual,Explains scattering and its relationship with particle size and colour.,“dependence of colour… on the size of the particle”,0.95
34,a.i,Physics,D,2.0,"Draw a ray diagram to show the path of the refracted ray in each of the following cases: A ray of light incident on a concave lens (1) parallel to its principal axis, and (2) is directed towards its principal focus.",2024,3,Remember,Conceptual,Reproduces standard refracted-ray paths for the two concave-lens cases.,“Draw a ray diagram”,0.94
34,a.ii,Physics,D,3.0,A 4 cm tall object is placed perpendicular to the principal axis of convex lens of focal length 24 cm. The distance of object from the lens is 16 cm. Find the position and size of image formed.,2024,3,Apply,Procedural,Uses the lens formula and magnification procedure for given measurements.,“Find the position and size of image formed”,0.99
34,b.i,Physics,D,2.0,"OR Draw a ray diagram to show the path of the reflected ray in each of the following cases: A ray of light incident on a convex mirror (1) parallel to its principal axis, and (2) is directed towards its principal focus",2024,3,Remember,Conceptual,Reproduces standard reflected-ray paths for the two convex-mirror cases.,“Draw a ray diagram”,0.94
34,b.ii,Physics,D,3.0,"A 1.5 cm tall candle flame is placed perpendicular to the principal axis of a concave mirror of focal length 12 cm. If the distance of the flame from the pole of the mirror is 18 cm, use mirror formula to determine the position and size of the image formed.",2024,3,Apply,Procedural,Uses the mirror formula and magnification procedure with given values.,“use mirror formula to determine”,0.99
35,a,Biology,D,1.0,Name any two sexually transmitted diseases.,2024,3,Remember,Factual,Recalls examples of sexually transmitted diseases.,“Name any two”,0.99
35,b,Biology,D,1.0,Prenatal sex determination is prohibited by law. Why?,2024,3,Understand,Conceptual,Explains the social consequence underlying prohibition of prenatal sex determination.,“prohibited by law. Why?”,0.92
35,c,Biology,D,3.0,Name any three methods of contraception stating one side-effect of each.,2024,3,Remember,Factual,Retrieves contraception methods and their known side effects.,“Name any three methods… one side-effect”,0.95
35,a_alt,Biology,D,1.0,OR Name a unisexual and a bisexual flower.,2024,3,Remember,Factual,Recalls examples of unisexual and bisexual flowers.,“Name a unisexual and a bisexual flower”,0.99
35,b_alt,Biology,D,2.0,Define cross pollination. State how it is carried out.,2024,3,Remember,Factual,Recalls the definition of cross-pollination and its usual agents.,“Define cross pollination. State how it is carried out”,0.93
35,c_alt,Biology,D,2.0,Observe the diagram given below and name the parts marked as 'A' and 'B'. Mention the function of each of these parts.,2024,3,Remember,Factual,Identifies labelled diagram parts and recalls their functions.,“name the parts marked as ‘A’ and ‘B’”,0.57
36,a.i,Chemistry,D,3.0,"Five solutions A, B, C, D and E when tested with pH paper showed pH as 4, 1, 13, 7 and 10 respectively. Which solution is : (1) Strongly acidic (2) Strongly alkaline (3) Weakly acidic (4) Neutral and (5) Weakly alkaline? Arrange the solutions in increasing order of H+ ion concentration.",2024,3,Apply,Conceptual,Uses pH-scale relationships to classify solutions and order hydrogen-ion concentration.,“Arrange… in increasing order of H+ ion concentration”,0.98
36,a.ii,Chemistry,D,2.0,Write the name and formula of (1) an acidic salt and (2) a basic salt giving the name of the parent acid and parent base used to form the salt in each case.,2024,3,Remember,Factual,"Recalls examples, formulas, and parent acid-base sources of salts.",“name and formula… parent acid and parent base”,0.9
36,b,Chemistry,D,5.0,OR Name and state in brief the process which is used to prepare sodium hydroxide from sodium chloride. In this process along with the main product two gases 'X' and 'Y' are also given off at the two electrodes. Name 'X' and 'Y' specifying the name of their respective electrode at which each gas is obtained. One of these gases when reacts with dry calcium hydroxide produces a compound 'Z' which is widely used in water treatment plants and textile industries. Name Z and write chemical equation for the reaction involved in its formation.,2024,3,Remember,Factual,"Recalls the chlor-alkali process, electrode products, bleaching powder, and standard equation.",“Name and state… process” and “Name Z”,0.9
37,a,Chemistry,E,1.0,Write the molecular formula of first two members of homologous series having functional group -Br.,2024,3,Apply,Conceptual,Uses homologous-series relationships to derive formulas of the first bromoalkanes.,“first two members… functional group -Br”,0.9
37,b,Chemistry,E,1.0,Given below are the formulae of some functional groups: (i) -CHO (ii) -C=O. Write the name of these functional groups.,2024,3,Remember,Factual,Recalls names corresponding to given functional-group formulae.,“Write the name of these functional groups”,0.99
37,c,Chemistry,E,2.0,What would be observed on adding a 5% alkaline potassium permanganate drop by drop to some warm ethanol taken in a test tube? State the role of KMnO4 in the reaction and write the chemical equation for the reaction involved.,2024,3,Apply,Conceptual,"Applies ethanol oxidation knowledge to predict observation, reagent role, and products.",“adding… alkaline potassium permanganate… warm ethanol”,0.94
37,c_alt,Chemistry,E,2.0,OR Write the name of the compound formed when ethanol is heated at 443 K temperature with excess of conc. H2SO4. What is the role of conc. H2SO4 in the reaction? Write the chemical equation for the reaction involved.,2024,3,Apply,Conceptual,"Applies ethanol dehydration conditions to determine product, reagent role, and equation.",“heated at 443 K… excess conc. H2SO4”,0.95
38,a,Biology,E,1.0,Name the glands present in the buccal cavity and write the components of food on which the secretion of these glands act upon.,2024,3,Remember,Factual,Recalls buccal glands and food components acted on by their secretion.,“Name the glands… components of food”,0.97
38,b,Biology,E,1.0,Two organs have a sphincter muscle at their exit. Name them.,2024,3,Remember,Factual,Recalls organs that possess sphincter muscles at their exits.,“Name them”,0.94
38,c,Biology,E,2.0,What will happen if: (i) mucus is not secreted by the gastric glands. (ii) Villi are absent in the small intestine.,2024,3,Apply,Conceptual,Predicts digestive consequences from the functions of mucus and villi.,“What will happen if”,0.96
38,c_alt,Biology,E,2.0,"OR ""Bile juice does not contain any enzyme, yet it has important roles in digestion."" Justify the statement.",2024,3,Understand,Conceptual,Explains bile's digestive roles despite its lack of enzymes.,“yet it has important roles in digestion”,0.96
39,a.i,Physics,E,0.5,In a domestic circuit five LED bulbs are arranged as shown. State what happens when key K1 is closed.,2024,3,Apply,Conceptual,Applies circuit-switch behavior to predict the effect of closing K1.,“what happens when key K1 is closed”,0.53
39,a.ii,Physics,E,0.5,State what happens when key K2 is closed.,2024,3,Apply,Conceptual,Applies circuit-switch behavior to predict the effect of closing K2.,“what happens when key K2 is closed”,0.53
39,b,Physics,E,1.0,Find the current drawn by the bulb B when it glows.,2024,3,Apply,Procedural,Uses circuit values and electrical relations to calculate bulb current.,“Find the current drawn by the bulb B”,0.4
39,c.i,Physics,E,1.0,Calculate the resistance of bulb B.,2024,3,Apply,Procedural,Uses electrical relations and circuit data to calculate bulb resistance.,“Calculate the resistance of bulb B”,0.4
39,c.ii,Physics,E,1.0,"Calculate total resistance of the combination of four bulbs B, C, D and E.",2024,3,Apply,Procedural,Uses resistance-combination rules to calculate an equivalent resistance.,Calculate total resistance of four bulbs.,0.82
39,c_alt,Physics,E,2.0,OR What would happen to the glow of all the bulbs in the circuit when keys K1 and K2 both are closed and the bulb C suddenly get fused? Give reason to justify your answer.,2024,3,Apply,Conceptual,Predicts circuit behavior by applying consequences of a fused bulb and closed keys.,What would happen when bulb C gets fused?,0.8
1,,Chemistry,A,1.0,An iron nail is placed in a solution of copper sulphate. The nail is taken out after 15 minutes. The nail will be found to be covered with: (A) blue deposit (B) brown deposit (C) grey deposit (D) green deposit,2024,2,Apply,Conceptual,Applies the displacement-reaction principle to predict the deposit on iron.,Iron nail placed in copper sulphate solution.,0.96
2,,Chemistry,A,1.0,Consider the following cases: (a) CaSO4 + Al -> (b) CuSO4 + Ca -> (c) FeSO4 + Cu -> (d) ZnSO4 + Mg -> The cases in which new products will form are (A) (a) and (b) (B) (b) and (c) (C) (c) and (d) (D) (b) and (d),2024,2,Analyze,Conceptual,Examines each metal-displacement case to determine where reactions occur.,Consider following cases; new products will form.,0.97
3,,Chemistry,A,1.0,Which of the following reactions is an endothermic reaction? (A) Burning of coal (B) Decomposition of vegetable matter into compost (C) Process of respiration (D) Decomposition of calcium carbonate to form quick lime and carbon dioxide.,2024,2,Remember,Factual,Retrieves the known example of an endothermic reaction.,Which reaction is an endothermic reaction?,0.93
4,,Chemistry,A,1.0,The oxide which can react with HCl as well as KOH to give corresponding salt and water is (A) CuO (B) Al2O3 (C) Na2O (D) K2O,2024,2,Understand,Conceptual,Classifies an oxide using the concept of amphoteric behavior.,React with HCl as well as KOH.,0.95
5,,Chemistry,A,1.0,Juice of tamarind turns blue litmus to red. It is because of the presence of an acid called : (A) methanoic acid (B) acetic acid (C) tartaric acid (D) oxalic acid,2024,2,Remember,Factual,Retrieves the acid specifically associated with tamarind juice.,Acid called in tamarind juice.,0.98
6,,Chemistry,A,1.0,Consider the following statements about homologous series of carbon compounds: (a) All succeeding members differ by -CH2 unit. (b) Melting point and boiling point increases with increasing molecular mass. (c) The difference in molecular masses between two successive members is 16 u. (d) C2H2 and C3H4 are NOT the successive members of alkyne series. The correct statements are (A) (a) and (b) (B) (b) and (c) (C) (a) and (c) (D) (c) and (d),2024,2,Analyze,Conceptual,Checks several homologous-series claims against structural and mass relationships.,Consider following statements about homologous series.,0.98
7,,Chemistry,A,1.0,Identify the correct statement about the following reaction: 2H2S + SO2 -> 2H2O + 3S (A) H2S is oxidising agent and SO2 is reducing agent. (B) H2S is reduced to sulphur. (C) SO2 is oxidising agent and H2S is reducing agent. (D) SO2 is oxidised to sulphur.,2024,2,Analyze,Conceptual,Determines oxidation and reduction roles by examining reactant-product changes.,Identify correct statement about 2H2S + SO2.,0.96
8,,Biology,A,1.0,In the given diagram the leaf shown belongs to which plant ? [Diagram showing Adventitious buds] (A) Hibiscus (B) Money plant (C) Mustard (D) Bryophyllum,2024,2,Remember,Factual,Identifies a plant from its characteristic adventitious buds.,Diagram showing adventitious buds.,0.98
9,,Biology,A,1.0,Select out of the following a gland which does NOT occur as a pair in the human body: (A) Pituitary (B) Ovary (C) Testis (D) Adrenal,2024,2,Remember,Factual,Retrieves which listed human gland is unpaired.,Gland which does NOT occur as a pair.,0.98
10,,Biology,A,1.0,"In human respiratory system, when a person breathes in, the position of ribs and diaphragm will be : (A) lifted ribs and curve/dome shaped diaphragm. (B) lifted ribs and flattened diaphragm. (C) relaxed ribs and flattened diaphragm. (D) relaxed ribs and curve/dome shaped diaphragm.",2024,2,Remember,Conceptual,Retrieves the standard rib and diaphragm movements during inhalation.,When a person breathes in.,0.94
11,,Biology,A,1.0,Which of the following statement(s) is (are) true about human heart? (a) Right atrium receives oxygenated blood from lungs through pulmonary artery. (b) Left atrium transfers oxygenated blood to left ventricle which sends it to various parts of the body. (c) Right atrium receives deoxygenated blood through vena cava from upper and lower body. (d) Left atrium transfers oxygenated blood to aorta which sends it to different parts of the body. (A) (a) (B) (a) and (d) (C) (b) and (c) (D) (b) and (d),2024,2,Analyze,Conceptual,Fact-checks multiple statements about blood flow through heart chambers.,Which statements are true about human heart?,0.98
12,,Biology,A,1.0,A cross made between two pea plants produces 50% tall and 50% short pea plants. The gene combination of the parental pea plants must be (A) Tt and Tt (B) TT and Tt (C) Tt and tt (D) TT and tt,2024,2,Apply,Conceptual,Uses Mendelian inheritance ratios to infer parental genotypes.,Produces 50% tall and 50% short.,0.97
13,,Physics,A,1.0,"Study the I-V graph for three resistors of resistances R1, R2 and R3 and select the correct statement from the following: [Graph showing I vs V] (A) R1 = R2 = R3 (B) R1 > R2 > R3 (C) R3 > R2 > R1 (D) R2 > R3 > R1",2024,2,Analyze,Conceptual,Interprets relationships between I-V graph slopes and resistance values.,Study the I-V graph for three resistors.,0.88
14,,Physics,A,1.0,The maximum resistance of a network of five identical resistors each 1/5 Ohm can be (A) 1 Ohm (B) 0.5 Ohm (C) 0.25 Ohm (D) 0.1 Ohm,2024,2,Apply,Procedural,Applies resistor-network rules to obtain the maximum possible resistance.,Maximum resistance of five identical resistors.,0.96
15,,Physics,A,1.0,"The speed of light in vacuum is 3x10^8 m/s. If the speed of light in a medium is 2.25x10^8 m/s, the absolute refractive index of the medium is : (A) 7/6 (B) 5/4 (C) 4/3 (D) 3/2",2024,2,Apply,Procedural,Substitutes given light speeds into the refractive-index calculation.,Speed in vacuum and medium are given.,0.99
16,,Physics,A,1.0,"Study the following statements: (a) A fuse in a circuit prevents damage to the circuit due to overloading. (b) Total resistance in a circuit increases due to overloading. (c) During short circuiting the current in the circuit abruptly increases. (d) In order that each appliance has same current, they are connected in parallel to each other. The correct statements are (A) (a) and (b) (B) (b) and (d) (C) (a) and (c) (D) (a), (c) and (d)",2024,2,Analyze,Conceptual,Checks several circuit-safety statements against electrical relationships.,Study following statements about fuse and overloading.,0.98
17,,Chemistry,A,1.0,Assertion (A): Carbon reduces the oxides of Sodium and Magnesium. Reason (R): Sodium and Magnesium have more affinity for Oxygen than Carbon.,2024,2,Analyze,Conceptual,Examines the assertion and reason for their factual and relational correctness.,Assertion and Reason on carbon reducing oxides.,0.95
18,,Physics,A,1.0,Assertion (A): The deflection of a compass needle placed near a current carrying wire decreases when the magnitude of an electric current in the wire is increased. Reason (R): Strength of the magnetic field at a point due to a current carrying conductor increases on increasing the current in the conductor.,2024,2,Analyze,Conceptual,Examines whether assertion and reason agree about current and magnetic field strength.,Assertion and Reason on compass deflection.,0.97
19,,Physics,A,1.0,Assertion (A): The colour of clear sky appears blue. Reason (R): Light of blue colour has longer wavelength as compared to the light of red colour so it is scattered more in the upper atmosphere.,2024,2,Analyze,Conceptual,Examines the assertion-reason relationship concerning sky color and scattering.,Assertion and Reason on clear sky appearing blue.,0.97
20,,Biology,A,1.0,Assertion (A): Human female has a perfect pair of sex chromosome. Reason (R): Sex chromosome contributed by the human male in the zygote decides the sex of a child.,2024,2,Analyze,Conceptual,Examines the assertion-reason relationship concerning human sex chromosomes.,Assertion and Reason on sex of child.,0.96
21,a.i,Chemistry,B,1.0,Give one example of each of the following: Chemical reaction showing evolution of gas.,2024,2,Remember,Factual,Recalls a standard example of a gas-evolution chemical reaction.,Give one example of gas evolution.,0.96
21,a.ii,Chemistry,B,1.0,Give one example of each of the following: Change in the colour of the substance during a chemical reaction.,2024,2,Remember,Factual,Recalls a standard reaction involving a visible colour change.,Give one example of colour change.,0.95
21,b.i,Chemistry,B,1.0,OR Translate the following statements into chemical equations and then balance them: Hydrogen sulphide gas burns in air to give water and sulphur dioxide.,2024,2,Apply,Procedural,Converts a word reaction into a formula equation and balances it.,Translate into chemical equations and then balance.,0.99
21,b.ii,Chemistry,B,1.0,Translate the following statements into chemical equations and then balance them: Silver bromide on exposure to sunlight decomposes into silver and bromine.,2024,2,Apply,Procedural,Converts the stated decomposition into a balanced chemical equation.,Translate into chemical equations and then balance.,0.99
22,,Biology,B,2.0,Name the blood vessel which brings blood to the kidneys. Why is nephron called a basic filtration unit of kidney? Write the role of tubular part of nephron in urine formation.,2024,2,Understand,Conceptual,Explains nephron filtration and tubular roles within the kidney system.,Why nephron is filtration unit; role of tubular part.,0.91
23,,Biology,B,2.0,"Mendel crossed a round and yellow seeded pea plant with a wrinkled and green seeded pea plant. What did the plants of F1 generation look like in terms of shape and colour of seed? On self-pollinating F1 generation plants, plants with four types of combinations of characters were seen in F2 generation. Write the combinations along with their ratios.",2024,2,Apply,Conceptual,Uses a dihybrid Mendelian cross to predict F1 and F2 traits and ratios.,Crossed round yellow with wrinkled green peas.,0.98
24,,Physics,B,2.0,"Use Ohm's law to determine the potential difference across the 3 Ohm resistor in the circuit shown in the following diagram when key is closed : [Circuit diagram with 2V cell, 1 Ohm, 2 Ohm, 3 Ohm resistors in series]",2024,2,Apply,Procedural,Uses Ohm's law and the circuit values to calculate potential difference.,Use Ohm's law to determine potential difference.,0.98
25,a,Physics,B,2.0,A person suffering from an eye defect uses lenses of power -1 D. Name the defect of vision and list its two causes. State the nature (converging/diverging) of the corrective lens.,2024,2,Apply,Conceptual,Uses lens power to identify the defect and associated corrective-lens properties.,Uses lenses of power -1 D.,0.95
25,b,Physics,B,2.0,OR What is presbyopia? Name the type of lenses used for the correction of this defect. State the nature (converging/diverging) of the upper part of such lenses.,2024,2,Remember,Conceptual,Retrieves the definition and correction details for presbyopia.,What is presbyopia? Name type of lenses.,0.95
26,,Biology,B,2.0,Name the term used for the materials which cannot be broken down by biological processes. Give two ways by which they harm various components of an ecosystem.,2024,2,Understand,Conceptual,Explains ecosystem harm caused by materials resistant to biological breakdown.,Ways by which they harm ecosystem components.,0.91
27,a,Chemistry,C,1.0,Sodium metal is stored under kerosene oil. Why?,2024,2,Understand,Conceptual,Explains sodium storage through its reactivity with air and moisture.,Sodium metal is stored under kerosene oil. Why?,0.97
27,b,Chemistry,C,1.0,Some metal oxides are soluble in water. What are the aqueous solutions of these oxides called? Write one example of such a solution.,2024,2,Remember,Factual,Retrieves the name and an example of aqueous metal-oxide solutions.,What are aqueous solutions called? One example.,0.94
27,c,Chemistry,C,1.0,"At ordinary temperature the surface of metals such as magnesium, aluminium, zinc etc. is covered with a thin layer. What is the composition of this layer? State its importance.",2024,2,Understand,Conceptual,Explains the oxide layer's composition and protective importance on metals.,Composition of layer; state its importance.,0.95
28,,Chemistry,C,3.0,It is observed that Calcium on reaction with water floats on its surface. Explain why it happens. Also write a balanced chemical equation for the reaction that occurs. What happens when the aqueous solution of the product of this reaction reacts with Carbon dioxide gas? Write a balanced chemical equation for the reaction.,2024,2,Apply,Procedural,"Applies calcium-water and product-carbon-dioxide reactions, including balancing equations.",Write balanced chemical equations for both reactions.,0.98
29,a,Biology,C,2.0,List any two contraceptive methods practised only by women. Mention how these methods work.,2024,2,Understand,Conceptual,Explains female-only contraceptive methods through their mechanisms of action.,Mention how these methods work.,0.94
29,b,Biology,C,1.0,Write the two roles performed by testes in human males.,2024,2,Remember,Conceptual,Retrieves the two established functions of testes in males.,Write the two roles performed by testes.,0.97
30,a.i,Biology,C,1.0,Give reasons for the following: Alveoli in lungs are richly supplied with blood capillaries.,2024,2,Understand,Conceptual,Explains how rich capillary supply enables efficient gas exchange in alveoli.,Give reasons: alveoli richly supplied with capillaries.,0.97
30,a.ii,Biology,C,1.0,Give reasons for the following: Respiratory pigment in the blood takes up oxygen and not carbon dioxide.,2024,2,Understand,Conceptual,Explains oxygen uptake by respiratory pigment using gas-transport relationships.,"Why respiratory pigment takes up oxygen, not carbon dioxide.",0.91
30,a.iii,Biology,C,1.0,"Give reasons for the following: During anaerobic respiration, a 3-carbon molecule is formed as an end product instead of CO2 in human beings.",2024,2,Understand,Conceptual,Explains why anaerobic respiration produces a three-carbon product rather than carbon dioxide.,“Give reasons” for different anaerobic end product.,0.96
30,b.i,Biology,C,1.5,OR Name the movements that occur all along the gut in human digestive system. How do they help in digestion?,2024,2,Understand,Conceptual,Explains how gut movements contribute to digestion after naming them.,“How do they help in digestion?”,0.96
30,b.ii,Biology,C,1.5,Where is bile juice stored in human body? List two roles of bile juice.,2024,2,Remember,Factual,Retrieves bile storage location and two learned functions.,“Where is bile juice stored” and “List two roles”.,0.98
31,a,Physics,C,3.0,Define the term power of accommodation of human eye. Write the name of the part of eye which plays a major role in the process of accommodation and explain what happens when human eye focuses (i) nearby objects and (ii) distant objects.,2024,2,Understand,Conceptual,Explains accommodation and linked changes in eye structures for different object distances.,“explain what happens” for nearby and distant objects.,0.97
31,b,Physics,C,3.0,"OR Draw a ray diagram to show the formation of a rainbow in the sky. On this diagram mark A- where dispersion of light occurs, B where internal reflection of light occurs and C where refraction of light occurs. List two necessary conditions to observe a rainbow.",2024,2,Remember,Conceptual,Reproduces a standard rainbow ray diagram and recalls observation conditions.,“Draw a ray diagram” and “List two necessary conditions”.,0.94
32,,Physics,C,3.0,"Define the term solenoid. Draw the pattern of magnetic field lines around a current carrying solenoid. State how this magnetic field can be used to magnetise a piece of magnetic material, like soft iron.",2024,2,Apply,Procedural,Uses solenoid magnetic-field knowledge to describe magnetising soft iron.,“how this magnetic field can be used to magnetise”.,0.9
33,,Biology,C,3.0,Use of pesticides to protect our crops affect organisms at various trophic levels especially human beings. Name the phenomenon involved and explain how does it happen.,2024,2,Understand,Conceptual,Explains biomagnification and its increase through trophic levels.,“Name the phenomenon” and “explain how does it happen”.,0.97
34,a.i,Biology,D,2.0,Distinguish between hormonal co-ordination in plants and animals.,2024,2,Understand,Conceptual,Compares hormonal coordination systems in plants and animals.,“Distinguish between” plant and animal coordination.,0.98
34,a.ii,Biology,D,2.0,Which part of the brain is responsible for - (1) intelligence (2) riding a bicycle (3) vomiting (4) controlling hunger,2024,2,Remember,Factual,Retrieves brain parts associated with specified functions.,“Which part of the brain is responsible”.,0.99
34,a.iii,Biology,D,1.0,How is brain and spinal-cord protected against mechanical injuries?,2024,2,Remember,Factual,Recalls protective structures for the brain and spinal cord.,“How is brain and spinal-cord protected”.,0.98
34,b.i,Biology,D,2.0,OR What are tropic movements? Give an example of a plant hormone which (1) inhibits growth and (2) promotes cell division.,2024,2,Remember,Conceptual,Recalls the definition of tropic movement and hormone examples.,“What are tropic movements?” and hormone examples.,0.97
34,b.ii,Biology,D,3.0,Explain directional movement of a tendril in pea plant in response to touch. Name the hormone responsible for this movement.,2024,2,Understand,Conceptual,Explains touch-induced tendril movement through differential growth and hormone action.,“Explain directional movement” in response to touch.,0.96
35,a,Physics,D,3.0,Upper half of a convex lens is covered with a black paper. Draw a ray diagram to show the formation of image of an object placed at a distance of 2F from such a lens. Mention the position and nature of the image formed. State the observable difference in the image obtained if the lens is uncovered. Give reason to justify your answer.,2024,2,Apply,Conceptual,Applies convex-lens image formation principles to a partially covered lens.,Object at “2F” and lens “covered with black paper”.,0.97
35,b,Physics,D,2.0,An object is placed at a distance of 30 cm from the optical centre of a concave lens of focal length 15 cm. Use lens formula to determine the distance of the image from the optical centre of the lens.,2024,2,Apply,Procedural,Uses the lens formula with supplied distance and focal length.,“Use lens formula to determine” image distance.,0.99
36,a.i,Chemistry,D,2.0,Give reason why carbon can neither form C4+ cations nor C4- anions but form covalent compounds.,2024,2,Understand,Conceptual,Explains carbon’s bonding behavior using electronic stability and covalent bonding.,“Give reason why carbon” forms covalent compounds.,0.97
36,a.ii,Chemistry,D,2.0,What is homologous series of carbon compound? Write the molecular formula of any two consecutive members of homologous series of aldehydes.,2024,2,Remember,Conceptual,Recalls homologous-series meaning and formulas of consecutive aldehydes.,“What is homologous series” and molecular formulas.,0.98
36,a.iii,Chemistry,D,1.0,Draw the structure of the molecule of cyclohexane (C6H12).,2024,2,Remember,Conceptual,Reproduces the standard structural representation of cyclohexane.,“Draw the structure” of C6H12.,0.96
36,b.i,Chemistry,D,1.0,OR Name a commercially important carbon compound having functional group -OH and write its molecular formula.,2024,2,Remember,Factual,Retrieves a commercially important compound containing hydroxyl group and its formula.,“Name” compound and “write its molecular formula”.,0.98
36,b.ii,Chemistry,D,4.0,Write chemical equation to show its reaction with: (1) Sodium metal (2) Excess conc. sulphuric acid (3) Ethanoic acid in the presence of an acid catalyst (4) Acidified potassium dichromate. Also write the name of the product formed in each case.,2024,2,Apply,Procedural,Writes known reaction equations for ethanol under specified reagents and conditions.,“Write chemical equation” for four specified reactions.,0.96
37,a,Biology,E,1.0,Which of the cut pieces of the two Planaria could regenerate to form a complete organism?,2024,2,Apply,Conceptual,Applies regeneration knowledge to determine which Planaria fragments form complete organisms.,“Which ... cut pieces” could regenerate.,0.72
37,b,Biology,E,1.0,Give an example of another organism which follows the same mode of reproduction as Planaria.,2024,2,Remember,Factual,Recalls another organism that reproduces through the same mode.,“Give an example of another organism”.,0.98
37,c,Biology,E,2.0,What is the meaning of 'development' in regeneration?,2024,2,Understand,Conceptual,Explains the meaning of development within the process of regeneration.,“What is the meaning of ‘development’”.,0.95
37,c_alt,Biology,E,2.0,OR Differentiate between regeneration and fragmentation.,2024,2,Understand,Conceptual,Compares the defining features of regeneration and fragmentation.,“Differentiate between regeneration and fragmentation”.,0.98
38,a,Physics,E,1.0,List two properties of heating elements.,2024,2,Remember,Factual,Recalls two required material properties of heating elements.,“List two properties of heating elements”.,0.99
38,b,Physics,E,1.0,List two properties of electric fuse.,2024,2,Remember,Factual,Recalls two required properties of an electric fuse.,“List two properties of electric fuse”.,0.99
38,c,Physics,E,2.0,Name the principle on which an electric fuse works. Explain how a fuse wire is capable of saving electrical appliances from getting damaged due to accidently produced high currents.,2024,2,Understand,Conceptual,Explains fuse operation through the heating effect of excessive current.,“Explain how a fuse wire” saves appliances.,0.97
38,c_alt,Physics,E,2.0,"OR The power of an electric heater is 1100 W. If the potential difference between the two terminals of the heater is 220 V, find the current flowing in the circuit. What will happen to an electric fuse of rating 5 A connected in this circuit?",2024,2,Apply,Procedural,Calculates current using power relations and applies fuse-rating criteria.,“find the current” and fuse rating of 5 A.,0.99
39,a,Chemistry,E,1.0,Identify the acid and base from which Sodium chloride is formed.,2024,2,Remember,Factual,Recalls the acid and base that produce sodium chloride.,“Identify the acid and base”.,0.99
39,b,Chemistry,E,1.0,Find the cation and the anion present in Calcium sulphate.,2024,2,Remember,Factual,Retrieves the constituent ions of calcium sulphate.,“Find the cation and the anion”.,0.99
39,c,Chemistry,E,2.0,Sodium chloride and washing soda both belong to the same family of salts. Justify this statement.,2024,2,Understand,Conceptual,Explains shared salt-family membership using the common-ion relationship.,“Justify this statement” about same family of salts.,0.95
39,c_alt,Chemistry,E,2.0,OR Define the term pH scale. Name the salt obtained by the reaction of Potassium hydroxide and Sulphuric acid and give the pH value of its aqueous solution.,2024,2,Remember,Factual,"Recalls the pH-scale definition, product salt, and neutral solution pH.",“Define pH scale” and “give the pH value”.,0.97
1,,Chemistry,A,1.0,Select from the following a decomposition reaction in which source of energy for decomposition is light : (a) 2FeSO4 -> Fe2O3 + SO2 + SO3 (b) 2H2O -> 2H2 + O2 (c) 2AgBr -> 2Ag + Br2 (d) CaCO3 -> CaO + CO2,2024,1,Analyze,Conceptual,Examines reaction options to identify decomposition driven specifically by light.,“Select ... decomposition reaction” with light energy.,0.94
2,,Chemistry,A,1.0,"When 2 mL of sodium hydroxide solution is added to few pieces of granulated zinc in a test tube and then warmed, the reaction that occurs can be written in the form of a balanced chemical equation as : (a) NaOH + Zn -> NaZnO2 + H2O (b) 2NaOH + Zn -> Na2ZnO2 + H2 (c) 2NaOH + Zn -> NaZnO2 + H2 (d) 2NaOH + Zn -> Na2ZnO2 + H2O",2024,1,Apply,Procedural,Applies balancing rules and zinc–sodium hydroxide reaction knowledge to select an equation.,“balanced chemical equation” for warmed zinc and NaOH.,0.96
3,,Chemistry,A,1.0,MnO2 + 4HCl -> MnCl2 + 2H2O + Cl2. The reaction given above is a redox reaction because in this case : (a) MnO2 is oxidised and HCl is reduced. (b) HCl is oxidised. (c) MnO2 is reduced. (d) MnO2 is reduced and HCl is oxidised.,2024,1,Analyze,Conceptual,Analyzes oxidation and reduction changes of reactants in the redox equation.,“redox reaction because” with oxidation-reduction options.,0.97
4,,Chemistry,A,1.0,Consider the following compounds: FeSO4; CuSO4; CaSO4; Na2CO3. The compound having maximum number of water of crystallisation in its crystalline form in one molecule is : (a) FeSO4 (b) CuSO4 (c) CaSO4 (d) Na2CO3,2024,1,Remember,Factual,Recalls waters of crystallisation for listed crystalline compounds.,“maximum number of water of crystallisation”.,0.88
5,,Biology,A,1.0,"In a nerve cell, the site where the electrical impulse is converted into a chemical signal is known as: (a) Axon (b) Dendrites (c) Neuromuscular junction (d) Cell body",2024,1,Remember,Factual,Retrieves the named site of chemical signal formation in a nerve cell.,“site where electrical impulse is converted”.,0.97
6,,Chemistry,A,1.0,A metal and a non-metal that exists in liquid state at the room temperature are respectively: (a) Bromine and Mercury (b) Mercury and Iodine (c) Mercury and Bromine (d) Iodine and Mercury,2024,1,Remember,Factual,Recalls the liquid metal and non-metal at room temperature.,“exists in liquid state at room temperature”.,0.99
7,,Physics,A,1.0,At what distance from a convex lens should an object be placed to get an image of the same size as that of the object on a screen ? (a) Beyond twice the focal length of the lens. (b) At the principal focus of the lens. (c) At twice the focal length of the lens. (d) Between the optical centre of the lens and its principal focus.,2024,1,Remember,Conceptual,Recalls the convex-lens object position producing an equal-sized screen image.,“image of the same size” on a screen.,0.98
8,,Chemistry,A,1.0,Carbon compounds : (i) are good conductors of electricity. (ii) are bad conductors of electricity. (iii) have strong forces of attraction between their molecules. (iv) have weak forces of attraction between their molecules. The correct statements are: (a) (i) and (ii) (b) (ii) and (iii) (c) (ii) and (iv) (d) (i) and (iii),2024,1,Analyze,Conceptual,Checks multiple statements about conductivity and intermolecular forces of carbon compounds.,Four labelled statements and correct pair selection.,0.96
9,,Chemistry,A,1.0,Oxides of aluminium and zinc are: (a) acidic (b) basic (c) amphoteric (d) neutral,2024,1,Remember,Factual,Recalls the classification of aluminium and zinc oxides.,“Oxides of aluminium and zinc are”.,0.98
10,,Biology,A,1.0,"Chromosomes : (i) carry hereditary information from parents to the next generation. (ii) are thread like structures located inside the nucleus of an animal cell. (iii) always exist in pairs in human reproductive cells. (iv) are involved in the process of cell division. The correct statements are: (a) (i) and (ii) (b) (iii) and (iv) (c) (i), (ii) and (iv) (d) (i) and (iv)",2024,1,Analyze,Conceptual,Determines correctness across several chromosome statements and their biological relationships.,“correct statements” with four labelled claims,0.98
11,,Biology,A,1.0,"Consider the following statements : (i) The sex of a child is determined by what it inherits from the mother. (ii) The sex of a child is determined by what it inherits from the father. (iii) The probability of having a male child is more than that of a female child. (iv) The sex of a child is determined at the time of fertilisation when male and female gametes fuse to form a zygote. The correct statements are: (a) (i) and (iii) (b) (ii) and (iv) (c) (iii) and (iv) (d) (i), (iii) and (iv)",2024,1,Analyze,Conceptual,Assesses multiple claims about sex determination and fertilisation relationships.,“correct statements” with four labelled claims,0.98
12,,Biology,A,1.0,Which one of the following organ is NOT a part of human female reproductive system ? (a) Ovary (b) Uterus (c) Vas deferens (d) Fallopian tube,2024,1,Remember,Factual,Retrieves which named organ does not belong to the female reproductive system.,“NOT a part” of named system,0.99
13,,Biology,A,1.0,"In which of the following organisms, multiple fission is a means of asexual reproduction ? (a) Yeast (b) Leishmania (c) Paramoecium (d) Plasmodium",2024,1,Remember,Factual,Retrieves the organism known to reproduce by multiple fission.,“multiple fission” organism options,0.99
14,,Physics,A,1.0,In bifocal lenses used for the correction of presbyopia: (a) the upper portion is of convex lens for the near vision and lower part is of concave lens for the distant vision. (b) the upper portion is of convex lens for the distant vision and lower part is of concave lens for the near vision. (c) the upper portion is of concave lens is for the near vision and lower part is of convex lens for the distant vision. (d) the upper portion is of concave lens for the distant vision and lower part is of convex lens for the near vision.,2024,1,Remember,Factual,Retrieves the standard lens arrangement used in bifocal spectacles.,“In bifocal lenses” option descriptions,0.97
15,,Physics,A,1.0,The pattern of the magnetic field produced inside a current carrying solenoid is: [Diagram options showing parallel straight lines],2024,1,Remember,Conceptual,Recognizes the standard magnetic-field pattern inside a solenoid.,“field produced inside a current carrying solenoid”,0.95
16,,Biology,A,1.0,"Identify the food chain in which the organisms of the second trophic level are missing: (a) Grass, goat, lion (b) Zooplankton, Phytoplankton, small fish, large fish (c) Tiger, grass, snake, frog (d) Grasshopper, grass, snake, frog, eagle",2024,1,Analyze,Conceptual,Examines trophic positions within each proposed food-chain sequence.,“second trophic level are missing”,0.88
17,,Physics,A,1.0,Assertion (A): The rainbow is a natural spectrum of sunlight in the sky. Reason (R): Rainbow is formed in the sky when the sun is overhead and water droplets are also present in air.,2024,1,Analyze,Conceptual,Examines the validity and relationship of assertion and reason about rainbow formation.,Assertion and Reason statements,0.94
18,,Chemistry,A,1.0,Assertion (A): Hydrogen gas is not evolved when zinc reacts with nitric acid. Reason (R): Nitric acid oxidises the hydrogen gas produced to water and itself gets reduced.,2024,1,Analyze,Conceptual,Examines the validity and causal relationship between nitric acid and hydrogen evolution.,Assertion and Reason statements,0.95
19,,Biology,A,1.0,Assertion (A): Accumulation of harmful chemicals is maximum in the organisms at the highest trophic level of a food chain. Reason (R): Harmful chemicals are sprayed on the crops to protect them from diseases and pests.,2024,1,Analyze,Conceptual,Examines the relationship between biomagnification and pesticide application.,Assertion and Reason statements,0.94
20,,Biology,A,1.0,Assertion (A): The rate of breathing in aquatic organisms is much faster than in terrestrial organisms. Reason (R): The amount of oxygen dissolved in water is very high as compared to the amount of oxygen in air.,2024,1,Analyze,Conceptual,Examines claims about oxygen availability and aquatic breathing rate.,Assertion and Reason statements,0.96
21,A.i,Biology,B,1.0,Write the significance of peripheral nervous system in human beings.,2024,1,Understand,Conceptual,Explains the functional significance of the peripheral nervous system.,“significance of peripheral nervous system”,0.96
21,A.ii,Biology,B,1.0,How is human brain protected from mechanical injuries and shocks?,2024,1,Understand,Conceptual,Explains how protective structures prevent mechanical injury to the brain.,“protected from mechanical injuries and shocks”,0.96
21,B,Biology,B,2.0,OR Name one directional growth movement each in response to chemicals and water in plants. Write an example for each of them.,2024,1,Remember,Conceptual,Retrieves named directional growth movements and their standard examples.,“response to chemicals and water”,0.94
22,i,Biology,B,1.0,"Give reason why herbivorous animals have longer, small intestine than carnivorous animals ?",2024,1,Understand,Conceptual,Explains the digestive relationship between diet and small-intestine length.,“Give reason why herbivorous animals”,0.97
22,ii,Biology,B,1.0,Although 'Pepsin' and 'Trypsin' are both protein digesting enzymes yet they differ from each other. Justify this statement by giving one difference between them.,2024,1,Understand,Conceptual,Explains a functional difference between two protein-digesting enzymes.,“giving one difference between them”,0.95
23,,Chemistry,B,2.0,"Translate the following statement into a balanced chemical equation. ""When barium chloride reacts with aluminium sulphate, aluminium chloride and barium sulphate are formed."" State the type of this reaction giving reason to justify your answer.",2024,1,Apply,Procedural,Constructs a balanced equation and applies reaction-type criteria to this case.,“balanced chemical equation” and “type of reaction”,0.97
24,i,Physics,B,1.0,Two magnetic field lines do not intersect each other. Why?,2024,1,Understand,Conceptual,Explains why intersecting magnetic field lines are impossible.,“do not intersect each other. Why?”,0.97
24,ii,Physics,B,1.0,How is a uniform magnetic field in a given region represented ? Draw a diagram in support of your answer.,2024,1,Remember,Conceptual,Reproduces the standard representation of a uniform magnetic field.,“represented” and “Draw a diagram”,0.96
25,,Physics,B,2.0,Draw the pattern of the magnetic field lines due to a straight current carrying conductor indicating the direction of current in the conductor and the direction of the corresponding magnetic field lines.,2024,1,Remember,Conceptual,Reproduces the standard field-line pattern around a straight current-carrying conductor.,“Draw the pattern of magnetic field lines”,0.96
26,,Physics,B,2.0,An object is placed at a distance of 10 cm from a convex mirror of focal length 15 cm. Find the position of the image formed by the mirror.,2024,1,Apply,Procedural,Uses the mirror formula and sign convention for specified values.,“distance of 10 cm” and “focal length 15 cm”,0.99
27,A,Biology,C,3.0,"Plants -> Deer -> Lion. In the given food chain, what will be the impact of removing all the organisms of second trophic level on the first and third trophic level? Will the impact be the same for the organisms of the third trophic level in the above food chain if they were present in a food web? Justify.",2024,1,Analyze,Conceptual,Examines trophic-level removal effects and compares food-chain and food-web interactions.,“impact of removing” and “food web”,0.97
27,B,Biology,C,3.0,OR A gas 'X' which is a deadly poison is found at the higher levels of atmosphere and performs an essential function. Name the gas and write the function performed by this gas in the atmosphere. Which chemical is linked to the decrease in the level of this gas? What measures have been taken by an international organization to check the depletion of the layer containing this gas ?,2024,1,Remember,Factual,"Retrieves ozone, its function, ozone-depleting chemical, and international measures.",“Name the gas” and “measures… international organization”,0.93
28,i,Physics,C,1.5,Name and state the rule to determine the direction of a : magnetic field produced around a current carrying straight conductor.,2024,1,Remember,Procedural,States the learned rule for determining magnetic-field direction around a conductor.,“Name and state the rule”,0.99
28,ii,Physics,C,1.5,Name and state the rule to determine the direction of a : force experienced by a current carrying straight conductor placed in a magnetic field which is perpendicular to it.,2024,1,Remember,Procedural,States the learned rule for determining force direction on a conductor.,“Name and state the rule”,0.99
29,i,Physics,C,1.0,Name the defect of vision represented in the diagram. Give reason for your answer.,2024,1,Apply,Conceptual,Uses the depicted image formation to identify a vision defect and explain it.,“represented in the diagram”,0.58
29,ii,Physics,C,1.0,List two causes of this defect.,2024,1,Remember,Conceptual,Retrieves standard causes of the previously identified vision defect.,“List two causes of this defect”,0.68
29,iii,Physics,C,1.0,With the help of a diagram show how this defect of vision is corrected.,2024,1,Remember,Conceptual,Reproduces the standard ray diagram for correcting the identified defect.,“With the help of a diagram show”,0.7
30,,Biology,C,3.0,Define reflex action. With the help of a flow chart show the path of a reflex action such as sneezing.,2024,1,Remember,Conceptual,States the definition and standard reflex-arc sequence.,“Define reflex action” and “flow chart”,0.96
31,i,Biology,C,1.5,Which organisms have a three-chambered heart? Why do they have three-chambered hearts?,2024,1,Understand,Conceptual,Explains why organisms with specified circulation have three-chambered hearts.,“Why do they have three-chambered hearts?”,0.94
31,ii,Biology,C,1.5,List two functions of lymph.,2024,1,Remember,Factual,Retrieves two learned functions of lymph.,“List two functions of lymph”,0.99
32,i,Chemistry,C,1.0,A compound which is prepared from gypsum has the property of hardening when water is mixed in right quantity with it: Write common name and the chemical name of this compound.,2024,1,Remember,Factual,Retrieves the common and chemical names of the gypsum-derived compound.,“common name and the chemical name”,0.99
32,ii,Chemistry,C,1.0,Give chemical equation for its preparation.,2024,1,Remember,Procedural,Reproduces the standard chemical equation for preparing the compound.,“chemical equation for its preparation”,0.96
32,iii,Chemistry,C,1.0,List its two uses.,2024,1,Remember,Factual,Retrieves two standard uses of the gypsum-derived compound.,“List its two uses”,0.99
33,i,Chemistry,C,1.5,Define a decomposition reaction. Write chemical equation for the reaction that occurs when lead nitrate is heated strongly in a boiling tube.,2024,1,Remember,Procedural,States a definition and reproduces the taught thermal decomposition equation.,“Define a decomposition reaction” and heating lead nitrate,0.97
33,ii,Chemistry,C,1.5,In electrolytic decomposition of water two gases are liberated at the electrodes. Give the mass ratio of the gas liberated at the cathode and at the anode.,2024,1,Remember,Factual,Retrieves the known mass ratio of hydrogen and oxygen from electrolysis.,“Give the mass ratio”,0.98
34,A.i,Physics,D,2.0,State whether the currents and potential difference in all the bulbs will be same or different when in a circuit three bulbs of: (a) same wattage are connected in series. (b) same wattage are connected in parallel. (c) different wattage are connected in series. (d) different wattage are connected in parallel.,2024,1,Apply,Conceptual,Applies series and parallel circuit relationships to each bulb arrangement.,“connected in series” and “connected in parallel”,0.97
34,A.ii,Physics,D,3.0,Two identical resistors of 24 Ohm each are connected to a battery of 6 V. Calculate the ratio of the power consumed by the resulting combinations with (a) minimum resistance and (b) maximum resistance.,2024,1,Apply,Procedural,Calculates power ratios for series and parallel resistor combinations.,“Calculate the ratio of the power”,0.99
34,B.i,Physics,D,1.5,"OR Draw a schematic diagram of a circuit consisting of a battery of six 2V cells, a 6 Ohm resistor, a 12 Ohm resistor and a 18 Ohm resistor and a plug key all connected in series. Calculate Electric current flowing in the circuit.",2024,1,Apply,Procedural,Constructs the specified series circuit and calculates its current using circuit rules.,“connected in series” and “Calculate Electric current”,0.98
34,B.ii,Physics,D,1.5,Calculate Potential difference across 18 Ohm resistor.,2024,1,Apply,Procedural,Calculates voltage across a specified resistor using circuit relationships.,“Calculate Potential difference across 18 Ohm resistor”,0.99
34,B.iii,Physics,D,2.0,Calculate Electric power consumed in 18 Ohm resistor.,2024,1,Apply,Procedural,Uses the electric-power formula for a specified resistor.,Calculate Electric power consumed in 18 Ohm resistor.,0.78
35,A.i,Chemistry,D,1.0,Define a homologous series of carbon compounds.,2024,1,Remember,Conceptual,Retrieves the taught definition of a homologous series.,Define a homologous series.,0.99
35,A.ii,Chemistry,D,1.0,Why is the melting and boiling points of C4H8 higher than that of C3H6 or C2H4?,2024,1,Understand,Conceptual,Explains the molecular-size relationship affecting melting and boiling points.,Why melting and boiling points... higher?,0.95
35,A.iii,Chemistry,D,1.0,Why do we NOT see any gradation in chemical properties of a homologous series compounds ?,2024,1,Understand,Conceptual,Explains why chemical properties remain similar across a homologous series.,Why do we NOT see gradation?,0.95
35,A.iv,Chemistry,D,2.0,Write the name and structures of (i) aldehyde and (ii) ketone with molecular form C3H6O,2024,1,Apply,Conceptual,Uses functional-group and formula knowledge to identify required structures.,aldehyde and ketone with molecular formula C3H6O,0.9
35,B.i,Chemistry,D,1.0,OR Write the name and structure of an organic compound 'X' having two carbon atoms in its molecule and its name is suffixed with '-ol'.,2024,1,Remember,Factual,Retrieves the standard two-carbon alcohol name and structure.,two carbon atoms... suffixed with '-ol',0.96
35,B.ii,Chemistry,D,2.0,What happens when 'X' is heated with excess concentrated sulphuric acid at 443 K? Write chemical equation for the reaction stating the conditions for the reaction. Also state the role played by concentrated sulphuric acid in the reaction.,2024,1,Apply,Conceptual,"Applies alcohol dehydration principles to predict products, equation, and acid role.",X heated with concentrated sulphuric acid at 443 K,0.96
35,B.iii,Chemistry,D,2.0,Name and draw the electron dot structure of hydrocarbon produced in the above reaction.,2024,1,Apply,Conceptual,Uses the preceding dehydration reaction to identify and represent its hydrocarbon product.,hydrocarbon produced in the above reaction,0.92
36,A.i,Biology,D,3.0,Name three techniques/devices used by human females to avoid pregnancy. Mention the side effects caused by each.,2024,1,Remember,Factual,Retrieves known contraceptive methods and their associated side effects.,Name three techniques/devices... Mention side effects,0.91
36,A.ii,Biology,D,2.0,"What will happen if in a human female (a) fertilisation takes place, (b) an egg is not fertilised?",2024,1,Apply,Conceptual,Predicts reproductive outcomes for the two specified fertilisation conditions.,What will happen... fertilisation... egg is not fertilised?,0.96
36,B.i,Biology,D,2.5,OR Draw a diagram showing spore formation in Rhizopus and label the (a) reproductive and (b) non-reproductive parts. Why does Rhizopus not multiply on a dry slice of bread?,2024,1,Understand,Conceptual,Explains spore formation and the condition preventing Rhizopus multiplication.,Why does Rhizopus not multiply on a dry slice?,0.83
36,B.ii,Biology,D,2.5,Name and explain the process by which reproduction takes place in Hydra.,2024,1,Understand,Conceptual,Explains the reproductive process occurring in Hydra.,Name and explain the process... in Hydra,0.97
37,i,Biology,E,1.0,"When Mendel crossed pea plants with pure tall and pure short characteristics to produce F1 progeny, which two observations were made by him in F1 plants ?",2024,1,Remember,Factual,Recalls Mendel's recorded observations for the F1 generation.,which two observations were made... in F1 plants,0.98
37,ii,Biology,E,1.0,Write one difference between dominant and recessive trait.,2024,1,Understand,Conceptual,Differentiates dominant and recessive traits using their expression relationship.,Write one difference between dominant and recessive trait.,0.97
37,iii.A,Biology,E,2.0,In a cross with two pairs of contrasting characters RRYY x rryy (Round Yellow) (Wrinkled Green) Mendel observed 4 types of combinations in F2 generation. By which method did he obtain F2 generation? Write the ratio of the parental combinations obtained and what conclusions were drawn from this experiment.,2024,1,Analyze,Conceptual,"Examines dihybrid-cross outcomes, parental combinations, and conclusions about inheritance.",4 types of combinations in F2... conclusions,0.93
37,iii.B,Biology,E,2.0,"OR Justify the statement : ""It is possible that a trait is inherited but may not be expressed.""",2024,1,Evaluate,Conceptual,Defends the validity of a claim using genotype-expression relationships.,Justify the statement... inherited but may not be expressed.,0.94
38,i,Physics,E,1.0,In which one of the above cases the mirror will form a diminished image of the object? Justify your answer.,2024,1,Apply,Conceptual,Applies image-formation rules to identify the diminished-image case.,above cases... mirror will form a diminished image,0.58
38,ii,Physics,E,1.0,List two properties of the image formed in case 2.,2024,1,Apply,Conceptual,Applies image-formation rules to the referenced second case.,List two properties... formed in case 2.,0.55
38,iii.A,Physics,E,2.0,What is the nature and size of the image formed by mirror C? Draw ray diagram to justify your answer.,2024,1,Apply,Conceptual,Applies mirror image rules to determine image characteristics and construct rays.,nature and size... mirror C... Draw ray diagram,0.58
38,iii.B,Physics,E,2.0,OR An object is placed at a distance of 18 cm from the pole of a concave mirror of focal length 12 cm. Find the position of the image formed in this case.,2024,1,Apply,Procedural,Uses the mirror formula to calculate image position for given values.,distance 18 cm... focal length 12 cm... Find position,0.99
39,i,Chemistry,E,1.0,What is the cathode and anode made of in the refining of copper by this process ?,2024,1,Remember,Factual,Retrieves the materials used for cathode and anode in copper refining.,What is the cathode and anode made of,0.98
39,ii,Chemistry,E,1.0,Name the solution used in the above process and write its formula.,2024,1,Remember,Factual,Retrieves the electrolyte name and chemical formula for copper refining.,Name the solution used... write its formula.,0.98
39,iii.A,Chemistry,E,2.0,How copper gets refined when electric current is passed in the electrolytic cell?,2024,1,Understand,Conceptual,Explains electrode changes and copper transfer during electrolytic refining.,How copper gets refined when electric current is passed,0.96
39,iii.B,Chemistry,E,2.0,OR You have two beakers 'A' and 'B' containing copper sulphate solution. What would you observe after about 2 hours if you dip a strip of zinc in beaker 'A' and a strip of silver in beaker 'B' ? Give reason for your observations in each case.,2024,1,Apply,Conceptual,Predicts displacement-reaction observations for zinc and silver in copper sulphate.,observe... zinc... silver... copper sulphate solution,0.98
1,,Chemistry,Section A,1.0,"When aqueous solutions of potassium iodide and lead nitrate are mixed, an insoluble substance separates out. The chemical equation for the reaction involved is: (a) KI + PbNO3 -> PbI + KNO3 (b) 2KI + Pb(NO3)2 -> PbI2 + 2KNO3 (c) KI + Pb(NO3)2 -> PbI + KNO3 (d) KI + PbNO3 -> PbI2 + KNO3",2023,3,Apply,Procedural,Selects the correctly balanced equation for the specified precipitation reaction.,chemical equation... KI and lead nitrate mixed,0.98
2,,Chemistry,Section A,1.0,"When Sodium bicarbonate reacts with dilute hydrochloric acid, the gas evolved is: (a) Hydrogen; it gives pop sound with burning match stick. (b) Hydrogen; it turns lime water milky. (c) Carbon dioxide; it turns lime water milky. (d) Carbon dioxide; it blows off a burning match stick with a pop sound.",2023,3,Apply,Conceptual,Applies acid-carbonate reaction knowledge to identify the gas and test.,Sodium bicarbonate reacts with dilute hydrochloric acid,0.98
3,,Chemistry,Section A,1.0,Acid present in tomato is: (a) Methanoic acid (b) Acetic acid (c) Lactic acid (d) Oxalic acid,2023,3,Remember,Factual,Retrieves the specific acid present in tomato.,Acid present in tomato is,0.99
4,,Chemistry,Section A,1.0,"A metal ribbon 'X' burns in oxygen with a dazzling white flame forming a white ash 'Y'. The correct description of X, Y and the type of reaction is : (a) X=Ca; Y=CaO; Type of reaction = Decomposition (b) X=Mg; Y=MgO; Type of reaction = Combination (c) X=Al; Y=Al2O3; Type of reaction = Thermal decomposition (d) X=Zn; Y=ZnO; Type of reaction = Endothermic",2023,3,Apply,Conceptual,"Applies known metal-oxygen reaction properties to identify reactants, product, and reaction type.",burns in oxygen... dazzling white flame... white ash,0.97
5,,Chemistry,Section A,1.0,The name of the salt used to remove permanent hardness of water is : (a) Sodium hydrogen carbonate (NaHCO3) (b) Sodium chloride (NaCl) (c) Sodium carbonate decahydrate (Na2CO3.10H2O) (d) Calcium sulphate hemihydrate (CaSO4.1/2H2O),2023,3,Remember,Factual,Retrieves the salt conventionally used to remove permanent water hardness.,salt used to remove permanent hardness of water,0.98
6,,Chemistry,Section A,1.0,"The electron dot structure of chlorine molecule is: [Refer to diagram options a, b, c, d]",2023,3,Remember,Factual,Recognizes the standard taught electron-dot representation of chlorine.,electron dot structure of chlorine molecule,0.91
7,,Chemistry,Section A,1.0,"Sodium hydroxide is termed an alkali while Ferric hydroxide is not because: (a) Sodium hydroxide is a strong base, while Ferric hydroxide is a weak base. (b) Sodium hydroxide is a base which is soluble in water while Ferric hydroxide is also a base but it is not soluble in water. (c) Sodium hydroxide is a strong base while Ferric hydroxide is a strong acid. (d) Sodium hydroxide and Ferric hydroxide both are strong base but the solubility of Sodium hydroxide in water is comparatively higher than that of Ferric hydroxide.",2023,3,Understand,Conceptual,Explains alkali classification through solubility of bases in water.,termed an alkali... soluble in water,0.98
8,,Biology,Section A,1.0,Opening and closing of stomata is due to : (a) High pressure of gases inside the cells. (b) Movement of water in and out of the guard cells. (c) Stimulus of light in the guard cells. (d) Diffusion of CO2 in and out of the guard cells.,2023,3,Remember,Conceptual,Retrieves the known mechanism governing stomatal opening and closing.,Opening and closing of stomata is due to,0.95
9,,Biology,Section A,1.0,Water in the root enters due to : (a) the function of the root to absorb water. (b) difference in the concentration of ions between the root and the soil. (c) excess water present in the soil. (d) diffusion of water in the roots.,2023,3,Understand,Conceptual,Explains water entry into roots through a concentration difference.,Water in the root enters due to,0.94
10,,Biology,Section A,1.0,Which one of the given statements is incorrect: (a) DNA has the complete information for a particular characteristic. (b) DNA is the molecule responsible for the inheritance of characters from parents to offsprings. (c) Change in information will produce a different protein. (d) Characteristics will remain the same even if protein changes.,2023,3,Analyze,Conceptual,Checks several DNA-protein statements to determine which conflicts with established relationships.,Which one of the given statements is incorrect,0.98
11,,Biology,Section A,1.0,Sensory nerve of a reflex arc carries information from the receptor cells to the: (a) spinal cord (b) brain (c) muscles of the effector organ (d) bones of the receptor organ,2023,3,Remember,Factual,Retrieves the destination of sensory-nerve signals in a reflex arc.,Sensory nerve... carries information... to the,0.98
12,,Biology,Section A,1.0,A cross between pea plant with white flowers (vv) and pea plant with violet flowers (VV) resulted in F2 progeny in which ratio of violet (VV) and white (vv) flowers will be : (a) 1:1 (b) 2:1 (c) 3:1 (d) 1:3,2023,3,Apply,Conceptual,Uses Mendelian inheritance to determine the F2 phenotypic ratio.,white flowers vv and violet flowers VV... F2 ratio,0.97
13,,Physics,Section A,1.0,"The correct pattern of magnetic field lines of the field produced by a current carrying circular loop is : [Refer to diagram options a, b, c, d]",2023,3,Remember,Conceptual,Recognizes the standard magnetic-field-line pattern for a circular current loop.,correct pattern of magnetic field lines... circular loop,0.88
14,,Physics,Section A,1.0,Two LED bulbs of 12W and 6W are connected in series. If the current through 12W bulb is 0.06A the current through 6W bulb will be : (a) 0.04A (b) 0.06A (c) 0.08A (d) 0.12A,2023,3,Apply,Conceptual,Applies the series-circuit rule that current is identical through each component.,bulbs... connected in series... current through 12W,0.99
15,,Physics,Section A,1.0,An alpha particle enters a uniform magnetic field as shown. The direction of motion of the alpha particle is : (a) towards right (b) towards left (c) into the page (d) out of the page,2023,3,Apply,Conceptual,Applies the magnetic-force rule to determine particle motion direction.,alpha particle enters a uniform magnetic field as shown,0.67
16,,Physics,Section A,1.0,"The resistance of a resistor is reduced to half of its initial value. If other parameters of the electrical circuit remain unaltered, the amount of heat produced in the resistor will become : (a) four times (b) two times (c) half (d) one fourth",2023,3,Apply,Conceptual,Applies Joule-heating dependence to the specified resistance change.,resistance... reduced to half... heat produced,0.75
17,,Biology,Section A,1.0,"Assertion (A): In humans, if gene (B) is responsible for black eyes and gene (b) is responsible for brown eyes, then the colour of eyes of the progeny having gene combination Bb, bb or BB will be black only. Reason (R): The black colour of the eyes is a dominant trait.",2023,3,Analyze,Conceptual,Examines whether the assertion follows from dominance and the stated reason.,"Assertion–reason about Bb, bb, BB and dominance.",0.96
18,,Chemistry,Section A,1.0,Assertion (A): Reaction of Quicklime with water is an exothermic reaction. Reason (R): Quicklime reacts vigorously with water releasing a large amount of heat.,2023,3,Analyze,Conceptual,Examines the causal relationship between an exothermic reaction and heat release.,Assertion–reason on quicklime reacting with water.,0.98
19,,Physics,Section A,1.0,Assertion (A): A current carrying straight conductor experiences a force when placed perpendicular to the direction of magnetic field. Reason (R): The net charge on a current carrying conductor is always zero.,2023,3,Analyze,Conceptual,Examines whether charge neutrality explains magnetic force on a conductor.,Assertion–reason about force and net charge.,0.97
20,,Biology,Section A,1.0,Assertion (A): The inner walls of the small intestine have finger like projections called villi which are rich in blood. Reason (R): These villi have a large surface area to help the small intestine in completing the digestion of food.,2023,3,Analyze,Conceptual,"Examines relationships between villi structure, blood supply, surface area, and digestion.",Assertion–reason concerning villi and their function.,0.94
21,,Biology,Section B,2.0,Name a plant hormone responsible for bending of a shoot of a plant when it is exposed to unidirectional light. How does it promote phototropism?,2023,3,Understand,Conceptual,Explains auxin-mediated differential growth causing phototropic bending.,“How does it promote phototropism?”,0.96
22,(A)(i),Chemistry,Section B,2.0,A student took a small amount of copper oxide in a conical flask and added dilute hydrochloric acid to it with constant stirring. He observed a change in colour of the solution. Write the name of the compound formed and its colour.,2023,3,Apply,Conceptual,Applies the metal oxide–acid reaction to identify the product and colour.,Copper oxide treated with dilute hydrochloric acid.,0.92
22,(A)(ii),Chemistry,Section B,2.0,Write a balanced chemical equation for the reaction involved.,2023,3,Apply,Procedural,Uses balancing rules to write the reaction equation.,“Write a balanced chemical equation.”,0.99
22,(B),Chemistry,Section B,2.0,"OR: The industrial process used for the manufacture of caustic soda involves electrolysis of an aqueous solution of compound 'X'. In this process, two gases 'Y' and 'Z' are liberated. 'Y' is liberated at cathode and 'Z', which is liberated at anode, on treatment with dry slaked lime forms a compound 'B'. Name X, Y, Z and B.",2023,3,Remember,Factual,Retrieves named substances and products of the chlor-alkali process.,"“Name X, Y, Z and B.”",0.97
23,,Biology,Section B,2.0,"Two green plants are kept separately in oxygen free containers, one in the dark and other in sunlight. It was observed that plant kept in dark could not survive longer. Give reason for this observation.",2023,3,Apply,Conceptual,Applies photosynthesis and respiration principles to the stated oxygen-free conditions.,Plants in oxygen-free dark and sunlight containers.,0.94
24,,Biology,Section B,2.0,What is the other name of 'tissue fluid' ? Write its two functions.,2023,3,Remember,Factual,Retrieves the alternate name and known functions of tissue fluid.,“Other name” and “two functions.”,0.98
25,,Biology,Section B,2.0,Although gardens are created by man but they are considered to be an ecosystem. Justify this statement.,2023,3,Evaluate,Conceptual,Defends the classification of a garden as an ecosystem using ecosystem criteria.,“Justify this statement.”,0.9
26,(A)(i),Physics,Section B,2.0,Observe the following diagram and answer the questions following it: Identify the defect of vision shown.,2023,3,Remember,Factual,Identifies a standard visual defect from the supplied diagram.,“Identify the defect of vision shown.”,0.72
26,(A)(ii),Physics,Section B,2.0,Observe the following diagram and answer the questions following it: List its two causes.,2023,3,Remember,Factual,Retrieves known causes of the depicted visual defect.,“List its two causes.”,0.72
26,(A)(iii),Physics,Section B,2.0,Observe the following diagram and answer the questions following it: Name the type of lens used for the correction of this defect.,2023,3,Remember,Factual,Retrieves the standard corrective lens for the depicted defect.,“Name the type of lens used.”,0.72
26,(B),Physics,Section B,2.0,OR: The colour of clear sky from the earth appears blue but from the space it appears black. Why?,2023,3,Understand,Conceptual,Explains sky colour through scattering of light in different viewing conditions.,"Clear sky blue from Earth, black from space.",0.95
27,(a),Chemistry,Section C,3.0,"Consider the following salts: (i) YCl (ii) NH4X (iii) ZCO3. What would be the pH of the salt solution if in YCl, Y is sodium ? Give reason for your answer.",2023,3,Apply,Conceptual,Applies salt hydrolysis principles to sodium chloride solution pH.,Y is sodium in YCl.,0.97
27,(b),Chemistry,Section C,3.0,"If in salt NH4X, X is nitrate, then its solution will give what colour with universal indicator? Why?",2023,3,Apply,Conceptual,Applies salt hydrolysis and indicator behaviour to ammonium nitrate solution.,NH4X where X is nitrate; universal indicator.,0.97
27,(c),Chemistry,Section C,3.0,What would be the change in colour in blue litmus solution if ZCO3 is added to it and Z is potassium ?,2023,3,Apply,Conceptual,Applies basic salt behaviour to predict litmus colour change.,ZCO3 added; Z is potassium.,0.97
28,(i),Chemistry,Section C,3.0,While electrolysing water before passing the current some drops of an acid are added. Why? Name the gases liberated at cathode and anode. Write the relationship between the volume of gas collected at anode and the volume of gas collected at cathode.,2023,3,Apply,Conceptual,"Applies electrolysis principles to acidification, electrode gases, and volume ratio.","Electrolysing water; cathode, anode, gas volumes.",0.96
28,(ii),Chemistry,Section C,3.0,What is observed when silver chloride is exposed to sunlight? Give the type of reaction involved.,2023,3,Apply,Conceptual,Applies photochemical decomposition knowledge to silver chloride in sunlight.,“Silver chloride is exposed to sunlight.”,0.96
29,,Physics,Section C,3.0,The magnification produced when an object is placed at a distance of 20 cm from a spherical mirror is +1/2. Where should the object be placed to reduce the magnification to +1/3.,2023,3,Apply,Procedural,Uses mirror magnification relations to calculate a new object position.,Magnification changes from +1/2 to +1/3.,0.98
30,(A)(i),Biology,Section C,3.0,How does Paramecium obtain its food?,2023,3,Remember,Factual,Retrieves the known feeding method of Paramecium.,“How does Paramecium obtain its food?”,0.98
30,(A)(ii),Biology,Section C,3.0,List the role of each of the following in our digestive system : (a) Hydrochloric acid (b) Trypsin (c) Muscular walls of stomach (d) Salivary amylase,2023,3,Remember,Factual,Retrieves standard functions of listed digestive components.,“List the role of each.”,0.96
30,(B)(i),Biology,Section C,3.0,OR: What is double circulation?,2023,3,Remember,Conceptual,States the learned circulatory-system concept of double circulation.,“What is double circulation?”,0.97
30,(B)(ii),Biology,Section C,3.0,Why is the separation of the right side and the left side of the heart useful? How does it help birds and mammals ?,2023,3,Understand,Conceptual,Explains how cardiac separation supports efficient oxygen supply in endotherms.,“Why is separation... useful?”,0.96
31,(A)(i),Physics,Section C,3.0,Why is an alternating current (A.C.) considered to be advantageous over direct current (D.C.) for the long distance transmission of electric power?,2023,3,Understand,Conceptual,Explains the principle making AC suitable for long-distance power transmission.,“Why is A.C. advantageous... long distance transmission?”,0.96
31,(A)(ii),Physics,Section C,3.0,How is the type of current used in household supply different from the one given by a battery of dry cells ?,2023,3,Understand,Conceptual,Compares the directional behaviour of household AC and cell DC.,Household supply compared with dry-cell battery.,0.97
31,(A)(iii),Physics,Section C,3.0,How does an electric fuse prevent the electric circuit and the appliances from a possible damage due to short circuiting or overloading.,2023,3,Understand,Conceptual,Explains how fuse heating and melting interrupts excessive current.,“How does an electric fuse prevent... damage?”,0.97
31,(B),Physics,Section C,3.0,"OR: For the current carrying solenoid as shown, draw magnetic field lines and give reason to explain that out of the three points A, B and C, at which point the field strength is maximum and at which point it is minimum ?",2023,3,Apply,Conceptual,Applies magnetic-field distribution around a solenoid to the given points.,"Draw field lines; compare points A, B, C.",0.76
32,,Biology,Section C,3.0,Write one difference between biodegradable and non-biodegradable wastes. List two impacts of each type of the accumulated waste on environment if not disposed off properly.,2023,3,Understand,Conceptual,Explains waste categories and environmental consequences of their accumulation.,Difference and impacts of biodegradable and non-biodegradable wastes.,0.93
33,(A),Physics,Section C,3.0,"Define the term dispersion of white light. State the colour which bends (i) the most, (ii) the least while passing through a glass prism. Draw a diagram to show the dispersion of white light.",2023,3,Remember,Conceptual,"Retrieves dispersion definition, wavelength-dependent bending facts, and standard prism diagram.",Define dispersion; state colours; draw diagram.,0.95
33,(B),Physics,Section C,3.0,OR: What is a rainbow? Draw a labelled diagram to show its formation.,2023,3,Remember,Conceptual,Retrieves the definition and standard labelled formation representation of a rainbow.,“What is a rainbow? Draw a labelled diagram.”,0.94
34,(i),Biology,Section D,5.0,Name and explain the two modes of asexual reproduction observed in hydra.,2023,3,Understand,Conceptual,Explains the mechanisms of the two stated asexual reproduction modes.,“Name and explain the two modes.”,0.9
34,(ii),Biology,Section D,5.0,What is vegetative propagation ? List two advantages of using this technique.,2023,3,Understand,Conceptual,Explains vegetative propagation and why it offers specific advantages.,Definition plus “two advantages.”,0.95
35,(i),Physics,Section D,5.0,How is electric current related to the potential difference across the terminals of a conductor? Draw a labelled circuit diagram to verify this relationship.,2023,3,Understand,Conceptual,Explains the current–potential difference relationship and its verification setup.,Relationship across conductor terminals; verification circuit.,0.93
35,(ii),Physics,Section D,5.0,Why should an ammeter have low resistance ?,2023,3,Understand,Conceptual,Explains the circuit principle requiring an ammeter’s resistance to be low.,“Why should an ammeter have low resistance?”,0.98
35,(iii),Physics,Section D,5.0,"Two V - I graphs A and B for series and parallel combinations of two resistors are as shown. Giving reason state which graph shows (a) series, (b) parallel combination of the resistors.",2023,3,Analyze,Conceptual,Interprets V–I graph slopes to distinguish series and parallel resistance combinations.,Two V–I graphs for series and parallel combinations.,0.94
36,(A),Chemistry,Section D,5.0,Write the chemical equation for the following: (i) Combustion of methane (ii) Oxidation of ethanol (iii) Hydrogenation of ethene (iv) Esterification Reaction (v) Saponification Reaction,2023,3,Apply,Procedural,Uses chemical equation-writing and balancing procedures for specified reactions.,Write equations for five named reactions.,0.98
36,(B)(i),Chemistry,Section D,5.0,OR: Draw two structural isomers of butane.,2023,3,Remember,Conceptual,Reproduces standard structural isomers of butane.,“Draw two structural isomers of butane.”,0.96
36,(B)(ii),Chemistry,Section D,5.0,Draw the structures of propanol and propanone.,2023,3,Remember,Factual,Reproduces the standard structural formulas of propanol and propanone.,“Draw the structures of propanol and propanone.”,0.98
36,(B)(iii),Chemistry,Section D,5.0,Name the third homologue of: (a) alcohols (b) aldehydes,2023,3,Remember,Factual,Requires recalling the names of specified homologues in two series.,“Name the third homologue”,0.99
36,(B)(iv),Chemistry,Section D,5.0,Name the following: (a) Benzene structure (b) CH3-CH2-CH=CH2,2023,3,Remember,Factual,Requires recalling names for benzene structure and a given organic compound.,“Name the following”,0.98
36,(B)(v),Chemistry,Section D,5.0,Show the covalent bond formation in nitrogen molecule.,2023,3,Remember,Conceptual,Requires reproducing the standard electron-sharing representation of nitrogen bonding.,“Show the covalent bond formation”,0.94
37,(i),Biology,Section E,1.0,Why an offspring of human being is not a true copy of his parents in sexual reproduction ?,2023,3,Understand,Conceptual,Requires explaining how sexual reproduction produces variation from parents.,“not a true copy... in sexual reproduction”,0.97
37,(ii),Biology,Section E,1.0,"While performing experiments on inheritance in plants, what is the difference between F1 and F2 generation?",2023,3,Understand,Conceptual,Requires explaining the distinction between successive filial generations.,“difference between F1 and F2 generation”,0.98
37,(iii)(A),Biology,Section E,2.0,Why do we say that variations are useful for the survival of a species over time?,2023,3,Understand,Conceptual,Requires explaining the survival value of variation over time.,“variations are useful for survival”,0.98
37,(iii)(B),Biology,Section E,2.0,"OR: Study Mendel's cross between two plants with a pair of contrasting characters. RRYY x rryy. He observed 4 types of combinations in F2 generation. Which of these were new combinations? Why do new features which are not present in the parents, appear in F2 generation?",2023,3,Apply,Conceptual,Requires applying Mendelian inheritance principles to identify recombinant F2 combinations and explain their origin.,“RRYY × rryy... new combinations in F2”,0.92
38,(i),Physics,Section E,1.0,Determine the speed of light in diamond if the refractive index of diamond with respect to vacuum is 2.42. Speed of light in vacuum is 3x10^8 m/s.,2023,3,Apply,Procedural,Requires substituting refractive index and vacuum speed into the speed relation.,“Determine the speed... refractive index... 2.42”,0.99
38,(ii),Physics,Section E,1.0,"Refractive indices of glass, water and carbon disulphide are 1.5, 1.33 and 1.62 respectively. If a ray of light is incident in these media at the same angle (say θ), then write the increasing order of the angle of refraction in these media.",2023,3,Apply,Conceptual,Requires applying refraction relationships to order refracted angles in given media.,“increasing order of the angle of refraction”,0.96
38,(iii)(A),Physics,Section E,2.0,The speed of light in glass is 2x10^8 m/s and in water is 2.25x10^8 m/s. (a) Which one of the two is optically denser and why ? (b) A ray of light is incident normally at the water-glass interface when it enters a thick glass container filled with water. What will happen to the path of the ray after entering the glass ? Give reason.,2023,3,Apply,Conceptual,Requires applying light-speed and normal-incidence principles to specified media.,“optically denser” and “incident normally”,0.95
38,(iii)(B),Physics,Section E,2.0,"OR: The absolute refractive indices of water and glass are 4/3 and 3/2 respectively. If the speed of light in glass is 2x10^8 m/s, find the speed of light in (i) vacuum and (ii) water.",2023,3,Apply,Procedural,Requires using refractive-index relationships to calculate speeds in vacuum and water.,“find the speed... vacuum and water”,0.99
39,(i),Chemistry,Section E,1.0,Show the electron transfer in the formation of magnesium chloride.,2023,3,Remember,Conceptual,Requires reproducing the standard electron-transfer representation for magnesium chloride formation.,“Show the electron transfer”,0.95
39,(ii),Chemistry,Section E,1.0,List two properties of ionic compounds other than their high melting and boiling points.,2023,3,Remember,Factual,Requires listing known properties of ionic compounds.,“List two properties of ionic compounds”,0.99
39,(iii)(A),Chemistry,Section E,2.0,While forming an ionic compound say sodium chloride how does sodium atom attain its stable configuration ?,2023,3,Understand,Conceptual,Requires explaining electron loss and stable configuration in sodium chloride formation.,“how does sodium atom attain its stable configuration”,0.97
39,(iii)(B),Chemistry,Section E,2.0,OR: Give reasons: (i) Why do ionic compounds in the solid state not conduct electricity? (ii) What happens at the cathode when electricity is passed through an aqueous solution of sodium chloride ?,2023,3,Apply,Conceptual,Requires applying ion mobility and electrolysis principles to specified cases.,“solid state not conduct” and “cathode... aqueous solution”,0.91
1,,Chemistry,Section A,1.0,"The number of electrons in the outermost shell of the atom of a non-metal can be : (a) 1, 2 or 3 (b) 3, 4 or 5 (c) 5, 6 or 7 (d) 5, 6 or 8",2023,2,Remember,Factual,Requires recalling the usual valence-electron range of non-metals.,“outermost shell... non-metal”,0.99
2,,Chemistry,Section A,1.0,"Select the correct option(s) in the following table: (i) Tamarind - Tartaric acid, (ii) Tomato - Acetic acid, (iii) Ant sting - Oxalic acid, (iv) Nettle sting - Methanoic acid. (a) (i) only (b) (iii) only (c) (i) and (iv) (d) (i), (ii) and (iv)",2023,2,Analyze,Factual,Requires checking several acid-source pairings against known facts.,“Select the correct option(s)... table”,0.98
3,,Chemistry,Section A,1.0,"Among the following, the metal with lowest density is : (a) Lithium (b) Lead (c) Magnesium (d) Aluminium",2023,2,Remember,Factual,Requires recalling which listed metal has the lowest density.,“metal with lowest density”,0.99
4,,Chemistry,Section A,1.0,Which of the following is an example of endothermic process? (a) Formation of slaked lime (b) Decomposition of vegetable matter into compost (c) Dissolution of ammonium chloride in water (d) Digestion of food in our body,2023,2,Remember,Factual,Requires identifying a known example of an endothermic process.,“example of endothermic process”,0.99
5,,Chemistry,Section A,1.0,"In order to balance the following chemical equation, the values of the coefficients x and y respectively are: x Pb(NO3)2 -> 2 PbO + y NO2 + O2. (a) 2, 4 (b) 2, 2 (c) 2, 3 (d) 4, 2",2023,2,Apply,Procedural,Requires balancing the equation to determine coefficient values.,“balance... chemical equation... coefficients x and y”,0.99
6,,Chemistry,Section A,1.0,"When zinc reacts with sodium hydroxide, the product formed is: (a) Sodium oxide (b) Sodium zincate (c) Zinc oxide (d) Sodium zincate and hydrogen gas",2023,2,Remember,Factual,Requires recalling the products of zinc reacting with sodium hydroxide.,“product formed”,0.98
7,,Chemistry,Section A,1.0,"Select the correct option from the following table [Salt, Parent acid, Parent base, Nature of salt]: (a) Sodium acetate / CH3COOH / NaOH / Neutral (b) Sodium carbonate / H2CO3 / NaOH / Basic (c) Sodium chloride / HCl / NaOH / Acidic (d) Sodium nitrate / HNO3 / NaOH / Acidic",2023,2,Analyze,Conceptual,Requires checking multiple salt classifications using acid-base relationships.,“Select the correct option... Parent acid... Nature of salt”,0.98
8,,Physics,Section A,1.0,"For verifying Ohm's law, we design an electric circuit diagram in which we show the arrangement of different circuit components. We find that with respect to the resistor, the: (a) ammeter is connected in parallel and the voltmeter in series. (b) ammeter is connected in series and the voltmeter in parallel. (c) ammeter and voltmeter are both connected in series. (d) ammeter and voltmeter are both connected in parallel.",2023,2,Remember,Procedural,Requires recalling the standard ammeter and voltmeter arrangement for Ohm’s law.,“For verifying Ohm’s law... arrangement”,0.97
9,,Physics,Section A,1.0,"An object is placed in front of a convex mirror at infinity. According to the New Cartesian Sign Convention, the sign of the focal length and the sign of the image distance in this case are respectively : (a) +, - (b) -, + (c) -, - (d) +, +",2023,2,Apply,Conceptual,Requires applying Cartesian sign conventions to the stated convex-mirror image case.,“object... convex mirror at infinity”,0.96
10,,Biology,Section A,1.0,"When an 'X' bearing sperm fertilises the egg, the resulting zygote has the following combination of chromosomes : (a) 44+XX (b) 44+XY (c) 22+XX (d) 22+XY",2023,2,Remember,Factual,Requires recalling the chromosome combination resulting from X-bearing sperm fertilisation.,“‘X’ bearing sperm fertilises the egg”,0.99
11,,Biology,Section A,1.0,Sphincter muscles are present at the exit of: (a) Stomach and small intestine (b) Stomach and anus (c) Small intestine and large intestine (d) Oesophagus and stomach,2023,2,Remember,Factual,Requires recalling the anatomical locations containing sphincter muscles.,“Sphincter muscles are present at the exit”,0.97
12,,Biology,Section A,1.0,"In the following diagram, identify the cells through which massive amounts of gaseous exchange takes place for photosynthesis : (a) I (b) IV (c) III (d) II",2023,2,Remember,Factual,Requires identifying the labelled cell type responsible for major gaseous exchange.,“identify the cells... gaseous exchange”,0.62
13,,Biology,Section A,1.0,"During vigorous exercise, the occurrence of cramps in the outer muscles of an athlete is due to the conversion of pyruvate to: (a) Glucose (b) Ethanol (c) Lactic acid (d) Lactose",2023,2,Remember,Factual,Requires recalling the anaerobic product responsible for exercise cramps.,“conversion of pyruvate to”,0.99
14,,Biology,Section A,1.0,Plants which bear unisexual flowers are: (a) Mustard and Papaya (b) Hibiscus and Watermelon (c) Mustard and Hibiscus (d) Watermelon and Papaya,2023,2,Remember,Factual,Requires recalling examples of plants bearing unisexual flowers.,“Plants which bear unisexual flowers”,0.99
15,,Chemistry,Section A,1.0,A positron enters a uniform magnetic field at right angles to it as shown. The direction of force experienced by the positron will be : (a) to the right (b) to the left (c) into the page (d) out of the page,2023,2,Apply,Conceptual,Requires applying the magnetic-force rule to the shown charge and field directions.,“positron enters... field at right angles... as shown”,0.68
16,,Physics,Section A,1.0,"In a resistive circuit if the current is increased to two times, the percentage change in the amount of heat dissipated in the circuit would be: (a) 400% (b) 300% (c) 200% (d) 100%",2023,2,Apply,Procedural,Requires using the Joule-heating relation for a doubled current.,“current is increased to two times... heat dissipated”,0.99
17,,Physics,Section A,1.0,"Assertion (A): Magnetic field lines do not intersect each other. Reason (R): Magnetic field lines are imaginary lines, the tangent to which at any point gives the direction of the field at that point.",2023,2,Analyze,Conceptual,Requires examining whether the reason correctly explains the assertion about field lines.,“Assertion... Reason”,0.96
18,,Chemistry,Section A,1.0,Assertion (A): Sodium oxide is an amphoteric oxide. Reason (R): Metal oxides which react with both acids as well as bases are known as amphoteric oxides.,2023,2,Analyze,Conceptual,Requires examining the assertion and definition to determine their scientific relationship.,“Sodium oxide is an amphoteric oxide... Reason”,0.98
19,,Physics,Section A,1.0,Assertion (A): The angle through which a ray of light bends on passing through a prism is called the angle of deviation. Reason (R): The peculiar shape of a prism makes the emergent ray bend at an angle to the direction of the incident ray.,2023,2,Analyze,Conceptual,Requires examining whether the reason explains prism deviation as asserted.,“angle of deviation... Reason”,0.96
20,,Biology,Section A,1.0,"Assertion (A): When a bacterium divides into two, and the resultant two bacteria divide again, the four bacteria produced would be almost similar. Reason (R): DNA copying involves small inaccuracies in the reproduction process.",2023,2,Analyze,Conceptual,"Requires examining the relationship between bacterial division, DNA copying, and variation.",“Assertion... Reason... DNA copying inaccuracies”,0.97
21,,Physics,Section B,2.0,"V-I graph for two conducting wires A and B are as shown. If both wires are of the same length and same diameter, which of the two is made of a material of high resistivity? Give reasons to justify your answer.",2023,2,Analyze,Conceptual,Requires interpreting graph relationships to infer resistivity and support the choice.,“V-I graph... material of high resistivity”,0.9
22,(a),Biology,Section B,2.0,State the role of the following in the process of digestion : (a) Bile juice and bile salts,2023,2,Understand,Conceptual,Requires explaining bile juice and bile salts’ function in digestion.,“State the role... digestion”,0.99
22,(b),Biology,Section B,2.0,State the role of the following in the process of digestion : (b) Pancreatic enzymes,2023,2,Understand,Conceptual,Requires explaining the digestive function of pancreatic enzymes.,“State the role... Pancreatic enzymes”,0.99
23,(a),Chemistry,Section B,2.0,What is observed when aqueous solutions of potassium iodide and lead nitrate are mixed together? Name the type of reaction and write the chemical equation for the reaction that occurs.,2023,2,Apply,Procedural,Requires predicting a reaction observation and writing its chemical equation.,“mixed together... write the chemical equation”,0.97
23,(b),Chemistry,Section B,2.0,"OR: When copper powder is heated in a watch glass, a black substance is formed. (i) Why is this black substance formed? Name it. (ii) How can this black substance be reversed to its original form?",2023,2,Apply,Conceptual,Requires applying oxidation and reduction knowledge to explain copper’s change and reversal.,“black substance formed... reversed to original form”,0.95
24,(a),Biology,Section B,2.0,Mendel crossed a pure tall pea plant (TT) with a pure short pea plant (tt) and obtained all tall plants in F1 generation. What is the gene combination present in the plants of F1 generation?,2023,2,Apply,Conceptual,Uses Mendelian inheritance to determine the F1 genotype from a specified cross.,“TT” crossed with “tt”,0.98
24,(b),Biology,Section B,2.0,Give reason why only tall plants are observed in F1 progeny.,2023,2,Understand,Conceptual,Explains dominance as the reason tall phenotype appears in all F1 plants.,“Give reason why only tall”,0.97
24,(c),Biology,Section B,2.0,What will be the ratio of the plants obtained in the F2 generation when F1 plants are self-pollinated?,2023,2,Apply,Conceptual,Uses Mendelian segregation to predict the F2 phenotypic ratio.,“F1 plants are self-pollinated”,0.98
25,(a),Physics,Section B,2.0,When and where does a rainbow appear in the sky? Draw a labelled ray diagram to show its formation.,2023,2,Remember,Conceptual,Recalls conditions for rainbow formation and reproduces its standard ray diagram.,“Draw a labelled ray diagram”,0.95
25,(b),Physics,Section B,2.0,OR: What is scattering of light? Why does the clear sky appear blue ?,2023,2,Understand,Conceptual,Explains scattering and its causal role in the blue appearance of sky.,“Why does the clear sky appear blue”,0.97
26,,Chemistry,Section B,2.0,"Ozone, although a deadly poison, performs an essential function for the earth and its inhabitants. Explain.",2023,2,Understand,Conceptual,Explains ozone’s protective function despite its poisonous nature.,“performs an essential function”,0.96
27,(a),Chemistry,Section C,3.0,Define oxidation.,2023,2,Remember,Conceptual,Recalls the learned definition of oxidation.,“Define oxidation”,0.99
27,(b)(i),Chemistry,Section C,3.0,Identify the oxidising agent in the following reactions and balance the chemical equations : Pb3O4 + HCl -> PbCl2 + Cl2 + H2O,2023,2,Apply,Procedural,Applies redox identification and equation-balancing procedures to a given reaction.,“Identify the oxidising agent” and “balance”,0.99
27,(b)(ii),Chemistry,Section C,3.0,Identify the oxidising agent in the following reactions and balance the chemical equations : MnO2 + Al -> Mn + Al2O3,2023,2,Apply,Procedural,Applies redox identification and equation-balancing procedures to a given reaction.,“Identify the oxidising agent” and “balance”,0.99
28,(a),Chemistry,Section C,3.0,Copper reacts with a moist gas 'A' in the air and slowly loses its shiny brown surface. It turns green. Identify 'A' and the substance of the green coating formed on the surface of copper.,2023,2,Remember,Factual,Retrieves the moist gas and green corrosion product of copper.,“Identify ‘A’ and the substance”,0.98
28,(b),Chemistry,Section C,3.0,How is copper obtained from its sulphide ore? Write the chemical equations for the reaction involved in its extraction.,2023,2,Remember,Procedural,Reproduces the taught extraction process and associated equations for sulphide ore.,“How is copper obtained”,0.93
29,(a)(i),Biology,Section C,3.0,What is meant by excretion?,2023,2,Remember,Conceptual,Recalls the definition of excretion.,“What is meant by excretion”,0.99
29,(a)(ii),Biology,Section C,3.0,Name the organ that connects the kidneys with the urinary bladder. State its function.,2023,2,Remember,Factual,Retrieves the named organ and its known function.,“Name the organ” and “State its function”,0.96
29,(a)(iii),Biology,Section C,3.0,List two factors on which the amount of water reabsorbed depends.,2023,2,Remember,Conceptual,Recalls known factors affecting water reabsorption.,“List two factors”,0.96
29,(b)(i),Biology,Section C,3.0,"OR: In the human respiratory system, name the following: (I) Part where air is filtered by fine hairs and mucus lining (II) Part which separates chest cavity from abdominal cavity (III) Balloon like structures where exchange of gases takes place (IV) The two large air passages that lead from trachea to the lungs",2023,2,Remember,Factual,Retrieves named respiratory structures from their stated descriptions.,“name the following”,0.99
29,(b)(ii),Biology,Section C,3.0,List any two characteristics of lungs which make it an efficient respiratory surface.,2023,2,Understand,Conceptual,Connects lung features with their efficiency for gaseous exchange.,“make it an efficient respiratory surface”,0.95
30,(a),Physics,Section C,3.0,"A student has focussed the image of an object of height 3 cm on a white screen using a concave mirror of focal length 12 cm. If the distance of the object from the mirror is 18 cm, find the values of the following: (i) Distance of the image from the mirror (ii) Height of the image",2023,2,Apply,Procedural,Uses mirror formula and magnification calculations for specified object and focal distances.,“find” image distance and height,0.99
30,(b),Physics,Section C,3.0,"OR: Define power of a lens. The focal length of a lens is 10 cm. Write the nature of the lens and find its power. If an object is placed at a distance of 20 cm from the optical centre of this lens, according to the New Cartesian Sign Convention, what will be the sign of magnification in this case?",2023,2,Apply,Procedural,Uses lens power and sign-convention rules for the specified focal and object distances.,“find its power” and “sign of magnification”,0.98
31,,Chemistry,Section C,3.0,Explain how some harmful chemicals enter our bodies through the food chain. Why is the concentration of these harmful chemicals found to be maximum in human beings?,2023,2,Understand,Conceptual,Explains biomagnification through trophic transfer in a food chain.,“maximum in human beings”,0.94
32,(a),Physics,Section C,3.0,List two factors on which the magnitude of magnetic field produced by a current carrying straight conductor depends.,2023,2,Remember,Conceptual,Recalls factors affecting magnetic-field magnitude around a straight current-carrying conductor.,“List two factors”,0.96
32,(b),Physics,Section C,3.0,State the rule which determines the direction of magnetic field in the above case.,2023,2,Remember,Procedural,Recalls the rule used to determine magnetic-field direction.,“State the rule”,0.98
32,(c),Physics,Section C,3.0,Draw the pattern of magnetic field lines produced in this case.,2023,2,Remember,Conceptual,Reproduces the standard magnetic-field-line pattern around a straight conductor.,“Draw the pattern of magnetic field lines”,0.97
33,,Biology,Section C,3.0,Name the hormone released and the gland which secretes it in human beings during scary situations. How does the body respond to enable it to deal with the situation?,2023,2,Understand,Conceptual,Explains adrenaline release and coordinated bodily responses during frightening situations.,“How does the body respond”,0.96
34,(a)(i),Biology,Section D,5.0,List three points of difference between nervous and hormonal mechanisms for control and coordination in animals.,2023,2,Understand,Conceptual,Compares nervous and hormonal control mechanisms using their distinguishing features.,“points of difference”,0.98
34,(a)(ii),Biology,Section D,5.0,How are auxins related with the bending of plant shoot towards unidirectional light? Explain.,2023,2,Understand,Conceptual,Explains the relationship between auxin distribution and phototropic shoot bending.,“auxins related with the bending”,0.97
34,(b)(i),Biology,Section D,5.0,OR: Name the disorder which a person is likely to suffer from due to the following: (I) Over-secretion of growth hormone (II) Deficiency of oestrogen in females (III) Less secretion of thyroxine. Also name the gland that secretes each of the hormones mentioned above.,2023,2,Remember,Factual,Retrieves disorders and the glands that secrete the specified hormones.,“Name the disorder” and “name the gland”,0.98
34,(b)(ii),Biology,Section D,5.0,How is the timing and amount of hormone released regulated? Explain with the help of an example.,2023,2,Understand,Conceptual,Explains hormonal feedback regulation using an example.,“timing and amount… regulated”,0.96
35,(a),Chemistry,Section D,5.0,"An acid 'X' and an alcohol 'Y' react with each other in the presence of an acid catalyst to form a sweet smelling substance 'Z'. Identify 'X', 'Y' and 'Z'. Write the chemical equation for the reaction involved and name it. The substance 'Z' on treatment with sodium hydroxide produces back the alcohol 'Y' and sodium ethanoate. Write the chemical equation for the reaction involved and name it, giving justification for the name.",2023,2,Apply,Procedural,Applies esterification and saponification reactions to identify substances and write equations.,"“Identify X, Y and Z” and “Write chemical equation”",0.97
35,(b)(i),Chemistry,Section D,5.0,OR: Name the simplest saturated hydrocarbon. Draw its electron dot structure. Which type of bonds exist in this compound?,2023,2,Remember,Factual,"Recalls methane, its standard electron-dot structure, and its bond type.",“simplest saturated hydrocarbon”,0.98
35,(b)(ii),Chemistry,Section D,5.0,"Name any two mixtures of the carbon compound used as a fuel in daily life, of which the above mentioned compound is an important component.",2023,2,Remember,Factual,Retrieves common fuel mixtures containing methane.,“Name any two mixtures”,0.96
35,(b)(iii),Chemistry,Section D,5.0,In which homologous series of carbon compounds can this compound be placed? Write the general formula of the series.,2023,2,Understand,Conceptual,Classifies methane within a homologous series and states its general formula.,“In which homologous series”,0.95
35,(b)(iv),Chemistry,Section D,5.0,Which type of flame is produced on burning it ?,2023,2,Remember,Factual,Recalls the flame type produced when methane burns.,“Which type of flame”,0.98
36,(a),Physics,Section D,5.0,Draw a ray diagram for showing the convergence of a parallel beam of light by a concave mirror and mark the positions of pole and the centre of curvature in it.,2023,2,Remember,Conceptual,Reproduces the standard concave-mirror ray diagram for parallel-ray convergence.,“Draw a ray diagram”,0.98
36,(b),Physics,Section D,5.0,An object 4 cm in size is placed at 25 cm in front of a concave mirror of focal length 15 cm. At what distance from the mirror should a screen be placed in order to obtain a sharp image ? Find the nature and size of the image.,2023,2,Apply,Procedural,Uses mirror formula and magnification calculations for the supplied numerical case.,“At what distance” and “Find”,0.99
36,(c),Physics,Section D,5.0,List any two uses of a concave mirror.,2023,2,Remember,Factual,Retrieves known applications of a concave mirror.,“List any two uses”,0.99
37,(a),Chemistry,Section E,1.0,"For the solutions provided (Group A: Lemon juice, vinegar, colourless aerated drink; Group B: Tomato juice, coffee, ginger juice; Group C: Sodium hydroxide, sodium chloride, lime water), which group is/are likely to have pH value (i) less than 7, and (ii) greater than 7?",2023,2,Understand,Conceptual,Classifies solution groups by interpreting acid-base character and pH categories.,“pH value less than 7”,0.94
37,(b),Chemistry,Section E,1.0,List two ways of determining pH of a solution,2023,2,Remember,Procedural,Recalls established methods for determining a solution’s pH.,“List two ways of determining pH”,0.98
37,(c),Chemistry,Section E,2.0,"Explain, why the sour substances such as lemon juice are effective in cleaning the tarnished copper vessels.",2023,2,Apply,Conceptual,Applies acid reaction principles to explain removal of copper tarnish.,“sour substances… cleaning tarnished copper”,0.95
37,(c)_OR,Chemistry,Section E,2.0,"OR: ""pH has great importance in our daily life."" Justify this statement by giving two examples.",2023,2,Evaluate,Conceptual,Defends the claim about pH importance using relevant everyday examples.,“Justify this statement”,0.97
38,(a),Biology,Section E,1.0,Name the type of fission that occurs in Leishmania and Plasmodium.,2023,2,Remember,Factual,Retrieves the fission types associated with Leishmania and Plasmodium.,“Name the type of fission”,0.99
38,(b),Biology,Section E,1.0,Write one advantage of sexual mode of reproduction over asexual,2023,2,Understand,Conceptual,Compares reproductive modes to explain a beneficial difference.,"""advantage of sexual... over asexual""",0.96
38,(c),Biology,Section E,2.0,Give reasons why : (i) Colonies of yeast fail to multiply in water but multiply in sugar solution. (ii) Rhizopus individuals do not grow on a dry slice of bread.,2023,2,Understand,Conceptual,Explains how water and nutrients affect growth and reproduction.,"""Give reasons why""",0.95
38,(c)_OR,Physics,Section E,2.0,OR: Name the filamentous structures a student could identify when he collected water from a pond that appeared dark green. How do these organisms multiply? Explain.,2023,2,Understand,Conceptual,Explains the multiplication method of identified pond organisms.,"""How do these organisms multiply? Explain""",0.9
39,(a),Physics,Section E,1.0,What is the relationship between the readings of A1 and A3 ? Give reasons for your answer.,2023,2,Apply,Conceptual,Uses circuit-current relationships to compare specified ammeter readings.,"""relationship between... A1 and A3""",0.67
39,(b),Physics,Section E,1.0,What is the relationship between the readings of A2 and A3?,2023,2,Apply,Conceptual,Uses circuit-current relationships to compare specified ammeter readings.,"""relationship between... A2 and A3""",0.67
39,(c),Physics,Section E,2.0,Determine the reading of the voltmeter V1.,2023,2,Apply,Procedural,Determines a meter reading using circuit-analysis rules.,"""Determine the reading of voltmeter V1""",0.72
39,(c)_OR,Physics,Section E,2.0,OR: Find the total resistance of the circuit.,2023,2,Apply,Procedural,Calculates equivalent resistance using a circuit-resistance procedure.,"""Find the total resistance""",0.83
1,,Chemistry,Section A,1.0,The emission of brown fumes in the given experimental set-up is due to: (a) thermal decomposition of lead nitrate which produces brown fumes of nitrogen dioxide. (b) thermal decomposition of lead nitrate which produces brown fumes of lead oxide. (c) oxidation of lead nitrate forming lead oxide and nitrogen dioxide. (d) oxidation of lead nitrate forming lead oxide and oxygen.,2023,1,Remember,Factual,Retrieves the known products and observation for heated lead nitrate.,"""thermal decomposition of lead nitrate""",0.93
2,,Chemistry,Section A,1.0,"In the experimental setup given below, it is observed that on passing the gas produced in the reaction in the solution 'X' the solution 'X' first turns milky and then colourless. The option that justifies the above stated observation is that 'X' is aqueous calcium hydroxide and: (a) it turns milky due to carbon dioxide gas liberated in the reaction... (b) it turns milky due to formation of calcium carbonate and on passing excess of carbon dioxide it becomes colourless due to formation of calcium hydrogen carbonate which is soluble in water. (c) ... (d) ...",2023,1,Apply,Conceptual,Applies carbon-dioxide reactions with limewater to explain the stated observations.,"""first turns milky and then colourless""",0.96
3,,Chemistry,Section A,1.0,The table below has information regarding pH and the nature (acidic/basic) of four different solutions. Which one of the options in the table is correct? (a) Lemon juice / Orange / 3 / Basic (b) Milk of magnesia / Blue / 10 / Basic (c) Gastric juice / Red / 6 / Acidic (d) Pure water / Yellow / 7 / Neutral,2023,1,Analyze,Conceptual,"Checks several indicator, pH, and solution-nature relationships for consistency.","""Which one... is correct?""",0.95
4,,Chemistry,Section A,1.0,"MnO2 + x HCl -> MnCl2 + y H2O + z Cl2. In order to balance the above chemical equation, the values of x, y and z respectively are: (a) 6, 2, 2 (b) 4, 1, 2 (c) 4, 2, 1 (d) 2, 2, 1",2023,1,Apply,Procedural,Balances a chemical equation to determine stoichiometric coefficients.,"""In order to balance""",0.99
5,,Chemistry,Section A,1.0,Select washing soda from the following: (a) NaHCO3 (b) Na2CO3.5H2O (c) Na2CO3.10H2O (d) NaOH,2023,1,Remember,Factual,Retrieves the chemical formula of washing soda.,"""Select washing soda""",0.99
6,,Chemistry,Section A,1.0,"Consider the structures of the three cyclic carbon compounds A, B and C given below and select the correct option from the following: (a) A and C are isomers of hexane and B is benzene. (b) A is an isomer of hexane, B is benzene and C is an isomer of hexene. (c) A is a saturated cyclic hydrocarbon and B and C are unsaturated cyclic hydrocarbons. (d) A is cyclohexane and B and C are the isomers of benzene.",2023,1,Analyze,Conceptual,Examines structural saturation and isomer relationships among cyclic compounds.,"""structures... A, B and C""",0.63
7,,Chemistry,Section A,1.0,"The following diagram shows the electrolytic refining of copper. Which of the following statements is incorrect description of the process? (a) The impure metal from the anode dissolves into the electrolyte. (b) The pure metal from the electrolyte is deposited on the cathode. (c) Insoluble impurities settle down at the bottom of the anode. (d) On passing the current through the electrolyte, the pure metal from the anode dissolves into the electrolyte.",2023,1,Analyze,Conceptual,Fact-checks multiple statements about electrode reactions and impurities.,"""statements is incorrect description""",0.97
8,,Biology,Section A,1.0,Consider the following statements about small intestine and select the one which is NOT correct: (a) The length of the small intestine in animals differs as it depends on the type of food they eat. (b) The small intestine is the site of complete digestion of food. (c) The small intestine receives secretions from liver and pancreas. (d) The villi of the small intestine absorb water from the unabsorbed food before it gets removed from the body via the anus.,2023,1,Analyze,Conceptual,Checks several structural and functional claims about the small intestine.,"""one which is NOT correct""",0.97
9,,Biology,Section A,1.0,"An organism which breaks down the food material outside the body and then absorbs it is (a) a plant parasite, Cuscuta (b) an animal parasite, Tapeworm (c) a bacteria, Rhizobium (d) a fungi, Rhizopus",2023,1,Remember,Factual,Retrieves the organism known for extracellular digestion.,"""breaks down... outside the body""",0.97
10,,Chemistry,Section A,1.0,Which of the following metals do not corrode in moist air? (a) Copper (b) Iron (c) Gold (d) Silver,2023,1,Remember,Factual,Retrieves which listed metal resists corrosion in moist air.,"""do not corrode in moist air""",0.98
11,,Biology,Section A,1.0,Select from the following the correct statement about tropic movement in plants: (a) It is due to stimulus of touch and temperature. (b) It does not depend upon the direction of stimulus received. (c) It is observed only in roots and not in stems. (d) It is a growth related movement.,2023,1,Remember,Conceptual,Retrieves the defining characteristic of tropic movement.,"""correct statement about tropic movement""",0.94
12,,Biology,Section A,1.0,"The statement that correctly describes the characteristic(s) of a gene is: (a) In individuals of a given species, a specific gene is located on a particular chromosome. (b) A gene is not the information source for making proteins in the cell. (c) Each chromosome has only one gene located all along its length. (d) All the inherited traits in human beings are not controlled by genes.",2023,1,Analyze,Conceptual,Checks multiple claims about gene location and function.,"""characteristic(s) of a gene""",0.96
13,,Physics,Section A,1.0,In domestic electric circuits the wiring with 15 A current rating is for the electric devices which have (a) higher power ratings such as geyser. (b) lower power ratings such as fan. (c) metallic bodies and low power ratings. (d) non-metallic bodies and low power ratings.,2023,1,Apply,Conceptual,Applies domestic-wiring ratings to a specified class of appliance.,"""15 A current rating... devices""",0.93
14,,Physics,Section A,1.0,"If four identical resistors, of resistance 8 ohm, are first connected in series so as to give an effective resistance Rs and then connected in parallel so as to give an effective resistance Rp, then the ratio Rs/Rp is (a) 32 (b) 2 (c) 0.5 (d) 16",2023,1,Apply,Procedural,Calculates series and parallel equivalent resistances and their ratio.,"""ratio Rs/Rp""",0.99
15,,Physics,Section A,1.0,The resultant magnetic field at point 'P' situated midway between two parallel wires (placed horizontally) each carrying a steady current I is (a) in the vertically upward direction. (b) in the same direction as the current in the wires. (c) zero (d) in the vertically downward direction.,2023,1,Apply,Conceptual,Applies magnetic-field superposition at the specified midpoint.,"""field at point P... midway""",0.69
16,,Physics,Section A,1.0,"If the current I through a resistor is increased by 100% (at constant temperature), the increase in power dissipated will be (a) 100% (b) 200% (c) 300% (d) 400%",2023,1,Apply,Procedural,Uses the power-current relationship to calculate percentage increase.,"""current... increased by 100%""",0.99
17,,Biology,Section A,1.0,Assertion (A): Genes inherited from the parents decide the sex of a child. Reason (R): X chromosome in a male child is inherited from his father.,2023,1,Analyze,Conceptual,Examines the truth and relationship of assertion and reason.,"""Assertion... Reason""",0.95
18,,Chemistry,Section A,1.0,"Assertion (A): The colour of aqueous solution of copper sulphate turns colourless when a piece of lead is added to it. Reason (R): Lead is more reactive than copper, and hence displaces copper from its salt solution.",2023,1,Analyze,Conceptual,Examines whether reactivity explains the stated displacement observation.,"""Assertion... Reason""",0.96
19,,Physics,Section A,1.0,Assertion (A): The strength of the magnetic field produced at the centre of a current carrying circular coil increases on increasing the number of turns in it. Reason (R): The current in each circular turn has the same direction and the magnetic field due to each turn then just adds up.,2023,1,Analyze,Conceptual,Examines whether field addition explains the assertion about coil turns.,"""Assertion... Reason""",0.97
20,,Biology,Section A,1.0,"Assertion (A): Left atrium receives oxygenated blood from pulmonary vein. Reason (R): Right atrium transfers deoxygenated blood to the right ventricle, which pumps it to the lungs for oxygenation.",2023,1,Analyze,Conceptual,Examines the relationship between blood-flow statements and the assertion.,"""Assertion... Reason""",0.95
21,,Biology,Section B,2.0,A plant hormone helps in bending of stem towards light. Name the hormone and explain how is the movement achieved.,2023,1,Understand,Conceptual,Explains hormone-controlled differential growth causing phototropic bending.,"""explain how is the movement achieved""",0.97
22,(a)(i),Chemistry,Section B,2.0,A compound 'X' which is prepared from gypsum has the property of hardening when mixed with proper quantity of water. Identify 'X' and write its chemical formula.,2023,1,Remember,Factual,Retrieves the identity and formula of the gypsum-derived compound.,"""Identify X and write its chemical formula""",0.98
22,(a)(ii),Chemistry,Section B,2.0,State the difference in chemical composition between baking soda and baking powder.,2023,1,Understand,Conceptual,Differentiates two substances by their chemical composition.,"""difference in chemical composition""",0.95
22,(b),Chemistry,Section B,2.0,OR: Write balanced chemical equation for the reaction that occurs when: (i) blue coloured copper sulphate crystals are heated and (ii) Sodium hydrogen carbonate is heated during cooking.,2023,1,Apply,Procedural,Writes balanced equations for specified heating reactions.,"""Write balanced chemical equation""",0.98
23,,Biology,Section B,2.0,Name the part of the human excretory system where nephrons are found. Write the structure and function of nephrons.,2023,1,Understand,Conceptual,Describes nephron structure and explains its function in excretion.,"""structure and function of nephrons""",0.96
24,,Chemistry,Section B,2.0,Write the constituents of solder alloy. Which property of solder makes it suitable for welding electrical wires?,2023,1,Remember,Factual,Retrieves solder constituents and its relevant physical property.,"""constituents of solder alloy""",0.95
25,,Chemistry,Section B,2.0,Why is damage to the ozone layer a cause for concern? What steps are being taken to limit this damage?,2023,1,Understand,Conceptual,Explains ozone depletion consequences and known measures to reduce it.,"""cause for concern... limit this damage""",0.91
26,(a),Physics,Section B,2.0,A narrow beam XY of white light is passing through a glass prism ABC as shown in the diagram: Trace it on your answer sheet and show the path of the emergent beam as observed on the screen PQ. Name the phenomenon observed and state its cause.,2023,1,Apply,Conceptual,Applies prism dispersion principles to trace the emergent beam.,"""show the path of the emergent beam""",0.92
26,(b),Physics,Section B,2.0,OR: It is observed that the power of an eye to see nearby objects as well as far off objects diminishes with age. (i) Give reason for the above statement. (ii) Name the defect that is likely to arise in the eyes in such a condition. (iii) Draw a labelled ray diagram to show the type of corrective lens used for restoring the vision of such an eye.,2023,1,Apply,Conceptual,Applies age-related accommodation changes to identify and correct the defect.,"""corrective lens... restoring the vision""",0.91
27,(a),Chemistry,Section C,3.0,"A chemical compound X is used in glass, soap and paper industries. On treatment with ethanoic acid, it forms salt, water and carbon dioxide. Identify X.",2023,1,Apply,Conceptual,Identifies a compound by applying its reactions and industrial uses.,"""treatment with ethanoic acid""",0.94
27,(b),Chemistry,Section C,3.0,How is this compound obtained from brine? Write the equations involved.,2023,1,Remember,Procedural,Recalls the industrial preparation from brine and its equations.,"""obtained from brine... equations""",0.86
27,(c),Chemistry,Section C,3.0,State the number of molecules of water of crystallization present in compound X.,2023,1,Remember,Factual,Retrieves the water-of-crystallization number for the referenced compound.,"""number of molecules of water""",0.84
28,(a),Chemistry,Section C,3.0,Identify the reducing agent in the following reactions: (i) 4NH3 + 5O2 -> 4NO + 6H2O (ii) H2O + F2 -> HF + HOF (iii) Fe2O3 + 3CO -> 2Fe + 3CO2 (iv) 2H2 + O2 -> 2H2O,2023,1,Apply,Conceptual,Uses oxidation-reduction relationships to identify reducing agents in given equations.,"""Identify the reducing agent""",0.96
28,(b),Chemistry,Section C,3.0,Define a redox reaction in terms of gain or loss of oxygen.,2023,1,Remember,Conceptual,Recalls the taught definition linking redox reactions to oxygen transfer.,“Define ... in terms of gain or loss of oxygen”,0.99
29,(a),Physics,Section C,3.0,A student wants to project the image of a candle flame on a screen 60 cm in front of a mirror by keeping the candle at a distance of 15 cm from its pole. Name the type of mirror used.,2023,1,Apply,Conceptual,Uses mirror-image formation conditions to identify the appropriate mirror.,Screen image; object and image distances specified,0.96
29,(b),Physics,Section C,3.0,Also calculate: (i) Magnification of the image produced (ii) Distance between object and its image,2023,1,Apply,Procedural,Uses mirror formula and magnification relations for the stated case.,“calculate ... Magnification ... Distance”,0.98
29,(c),Physics,Section C,3.0,Draw a ray diagram to show the image formation.,2023,1,Apply,Conceptual,Constructs image formation using ray rules for the specified optical setup.,“Draw a ray diagram to show image formation”,0.83
30,(a)(i),Biology,Section C,3.0,State the role of ATP in cellular respiration.,2023,1,Remember,Factual,Recalls ATP's stated role in cellular respiration.,“State the role of ATP”,0.98
30,(a)(ii),Biology,Section C,3.0,What ensures sufficient exchange of gases in plants?,2023,1,Remember,Factual,Recalls plant features that enable adequate gaseous exchange.,“What ensures sufficient exchange of gases”,0.91
30,(a)(iii),Biology,Section C,3.0,State the conditions on which the direction of diffusion of gases in plant depend upon.,2023,1,Remember,Conceptual,Recalls factors determining the direction of gaseous diffusion.,“conditions ... direction of diffusion ... depend upon”,0.94
30,(b)(i),Biology,Section C,3.0,OR: What is the internal energy reserve in plants and animals?,2023,1,Remember,Factual,Recalls the stored energy reserves of plants and animals.,“internal energy reserve in plants and animals”,0.99
30,(b)(ii),Biology,Section C,3.0,How desert plants perform photosynthesis if their stomata remain closed during the day?,2023,1,Understand,Conceptual,Explains the CAM adaptation relating stomatal closure to photosynthesis.,“How desert plants perform photosynthesis”,0.96
31,(a)(i),Physics,Section C,3.0,State the rule used to find the force acting on a current carrying conductor placed in a magnetic field.,2023,1,Remember,Procedural,Recalls the named rule for determining force direction.,“State the rule used to find the force”,0.99
31,(a)(ii),physics,Section C,3.0,Given below are three diagrams showing entry of an electron in a magnetic field. Identify the case in which the force will be (1) maximum and (2) minimum respectively. Give reason for your answer.,2023,1,Apply,Conceptual,Applies the force-angle relationship to the diagrammed electron entries.,“force ... maximum ... minimum ... Give reason”,0.97
31,(b)(i),physics,Section C,3.0,OR: Draw the pattern of magnetic field lines of (1) a current carrying solenoid (2) a bar magnet,2023,1,Remember,Conceptual,Reproduces standard taught magnetic-field patterns for two sources.,“Draw the pattern of magnetic field lines”,0.97
31,(b)(ii),physics,Section C,3.0,List two distinguishing features between the two fields.,2023,1,Understand,Conceptual,Compares characteristic features of two magnetic-field systems.,“distinguishing features between the two fields”,0.95
32,(a)(i),Biology,Section C,3.0,Why does a kitchen garden called an artificial ecosystem while a forest is considered to be a natural ecosystem?,2023,1,Understand,Conceptual,Explains the basis for classifying ecosystems as artificial or natural.,“Why ... artificial ecosystem ... natural ecosystem”,0.98
32,(a)(ii),Biology,Section C,3.0,"While designing an artificial ecosystem at home, write any two things to be kept in mind to convert it into a self-sustaining system. Give reason to justify your answer.",2023,1,Create,Procedural,Designs features for a new self-sustaining home ecosystem and justifies them.,“designing ... write ... things ... self-sustaining”,0.92
32,(b)(i),Biology,Section C,3.0,"OR: Construct a food chain of four trophic levels comprising the following: Hawk, snake, plants, rat.",2023,1,Apply,Conceptual,Arranges given organisms by known trophic feeding relationships.,“Construct a food chain ... comprising”,0.98
32,(b)(ii),physics,Section C,3.0,"20,000 J of energy was transferred by the producers to the organism of second trophic level. Calculate the amount of energy that will be transferred by organisms of the third trophic level to the organisms of the fourth trophic level.",2023,1,Apply,Conceptual,Applies the trophic energy-transfer rule to calculate a later transfer.,“Calculate ... energy ... third ... fourth trophic level”,0.99
33,,physics,Section C,3.0,A person cannot see distinctly the object placed beyond 5 m from his eyes. Name the defect of vision the person is suffering from. Draw a ray diagram to illustrate this defect. List its two possible causes. Name the lens used for the correction of this defect.,2023,1,Apply,Conceptual,Uses the stated far point to diagnose myopia and its correction.,“cannot see ... beyond 5 m”,0.91
34,(a),Biology,Section D,5.0,Mention the role of the following organs of human male reproductive system: (i) Testis (ii) Scrotum (iii) Vas-deferens (iv) Seminal vesicle,2023,1,Remember,Factual,Recalls functions of specified male reproductive organs.,“Mention the role ... Testis ... Scrotum”,0.99
34,(b),Biology,Section D,5.0,What is Placenta? State its function in a human female.,2023,1,Understand,Conceptual,Explains placenta as a structure and its maternal-fetal function.,“What is Placenta? State its function”,0.96
35,(a),physics,Section D,5.0,"An electric iron consumes energy at a rate of 880 W when heating is at the maximum rate and 330 W when the heating is at the minimum. If the source voltage is 220 V, calculate the current and resistance in each case.",2023,1,Apply,Procedural,Uses electrical power relations to calculate current and resistance in each setting.,“calculate the current and resistance”,0.99
35,(b),physics,Section D,5.0,What is heating effect of electric current?,2023,1,Remember,Conceptual,Recalls the definition of heating effect of electric current.,“What is heating effect”,0.99
35,(c),Chemistry,Section D,5.0,Find an expression for the amount of heat produced when a current passes through a resistor for some time.,2023,1,Remember,Procedural,Recalls the standard expression from Joule's heating law.,“Find an expression for the amount of heat”,0.93
36,(a),Chemistry,Section D,5.0,"A saturated organic compound 'A' belongs to the homologous series of alcohols. On heating 'A' with concentrated sulphuric acid at 443 K, it forms an unsaturated compound 'B' with molecular mass 28 u. The compound 'B' on addition of one mole of hydrogen in the presence of Nickel, changes to a saturated hydrocarbon 'C'. (i) Identify A, B and C. (ii) Write the chemical equations showing the conversion of A into B. (iii) What happens when compound C undergoes combustion? (iv) State one industrial application of hydrogenation reaction. (v) Name the products formed when compound A reacts with sodium.",2023,1,Apply,Conceptual,Applies organic reaction relationships to identify compounds and predict products.,"Alcohol dehydration, hydrogenation, combustion, and sodium reaction",0.96
36,(b)(i),Biology,Section D,5.0,"OR: With the help of diagram, show the formation of micelles, when soap is applied on oily dirt.",2023,1,Remember,Conceptual,Reproduces the standard micelle representation for soap action.,“show the formation of micelles”,0.96
36,(b)(ii),Chemistry,Section D,5.0,"Take two test tubes X and Y with 10 mL of hard water in each. In test tube 'X', add few drops of soap solution and in test tube Y add a few drops of detergent solution. Shake both the test tubes for the same period. (1) In which test tube the formation of foam will be more ? Why? (2) In which test tube is a curdy solid formed? Why?",2023,1,Apply,Conceptual,Predicts observations by applying soap and detergent behavior in hard water.,Hard water; compare foam and curdy solid,0.97
37,(a),Biology,Section E,1.0,Write any two pairs of contrasting characteristics of pea plant used by Mendel other than those mentioned above.,2023,1,Remember,Factual,Recalls contrasting pea-plant characteristics used by Mendel.,“Write any two pairs ... used by Mendel”,0.99
37,(b),Biology,Section E,1.0,Differentiate between dominant and recessive traits.,2023,1,Understand,Conceptual,Explains the conceptual distinction between dominant and recessive traits.,“Differentiate between dominant and recessive traits”,0.98
37,(c),Biology,Section E,2.0,State the ratio of the combinations observed in the seeds of F2 generation (in the above case). What do you interpret from this result?,2023,1,Understand,Conceptual,Interprets the F2 ratio as evidence of inheritance relationships.,“What do you interpret from this result?”,0.91
37,(c)_OR,Biology,Section E,2.0,OR: Given below is a cross between a pure violet flowered pea plant (VV) and a pure white flowered pea plant (vv). Diagrammatically explain what type of progeny is obtained in F1 generation and F2 generation : Pure violet flowered plant (VV) x Pure white flowered plant (vv).,2023,1,Apply,Conceptual,Uses Mendelian crossing principles to derive F1 and F2 progeny.,“cross ... VV ... vv ... F1 ... F2”,0.99
38,(a),physics,Section E,1.0,List two applications of concave mirror.,2023,1,Remember,Factual,Recalls known applications of a concave mirror.,“List two applications”,0.99
38,(b),physics,Section E,1.0,"If the distance between the mirror and the principal focus is 15 cm, find the radius of curvature of the mirror.",2023,1,Apply,Procedural,Uses the focal length-radius relation for a mirror.,"“principal focus is 15 cm, find radius”",0.99
38,(c),physics,Section E,2.0,Draw a ray diagram to show the type of image formed when an object is placed between pole and focus of a concave mirror.,2023,1,Apply,Conceptual,Constructs rays for the specified object position in a concave mirror.,“object ... between pole and focus”,0.98
38,(c)_OR,physics,Section E,2.0,"OR: An object 10 cm in size is placed at 100 cm in front of a concave mirror. If its image is formed at the same point where the object is located, find: (i) focal length of the mirror, and (ii) magnification of the image formed with sign as per Cartesian sign convention.",2023,1,Apply,Procedural,Uses mirror geometry and magnification equations for the given condition.,“image ... same point ... find focal length ... magnification”,0.99
39,(a),Chemistry,Section E,1.0,What happens when copper is heated in air? (Give the equation of the reaction involved).,2023,1,Remember,Factual,Recalls the known reaction and product when copper is heated in air.,“What happens when copper is heated in air?”,0.97
39,(b),Chemistry,Section E,1.0,Why are some metal oxides categorized as amphoteric? Give one example.,2023,1,Understand,Conceptual,Explains amphoteric behavior and supplies an illustrative example.,“Why ... categorized as amphoteric?”,0.98
39,(c),Chemistry,Section E,2.0,Complete the following equations: (i) Na2O(s) + H2O(l) -> (ii) Al2O3 + 2 NaOH ->,2023,1,Apply,Procedural,Completes equations by applying known reaction and balancing rules.,“Complete the following equations”,0.98
39,(c)_OR,Chemistry,Section E,2.0,OR: On burning Sulphur in oxygen a colourless gas is produced. (i) Write chemical equation for the reaction. (ii) Name the gas formed. (iii) State the nature of the gas. (iv) What will be the action of this on a dry litmus paper?,2023,1,Remember,Factual,Recalls sulfur combustion products and their stated properties.,“Write chemical equation ... Name the gas ... nature”,0.96
1,a (i),Physics,A,1.0,An electric heater rated 1100 W operates at 220 V. Calculate (i) its resistance[cite: 11],2022,1,Apply,Procedural,Uses rated power and voltage relations to calculate resistance.,“Calculate ... its resistance”,0.99
1,a (ii),Physics,A,1.0,An electric heater rated 1100 W operates at 220 V. Calculate (ii) the current drawn by it.[cite: 11],2022,1,Apply,Procedural,Uses rated power and voltage relations to calculate current.,“Calculate ... current drawn”,0.99
1,OR (b),Physics,A,2.0,"Calculate the equivalent resistance of the following electric circuit : [Circuit diagram with 10 Ω, parallel combination of (20 Ω) and (10 Ω + 10 Ω), and 20 Ω in series][cite: 11]",2022,1,Apply,Procedural,Uses resistance-combination rules to calculate a circuit-specific equivalent resistance.,Calculate equivalent resistance of the given circuit.,0.99
2,—,Chemistry,A,2.0,"In the modern periodic table, compare the tendency of the elements to lose electrons while moving (i) down a group, and (ii) from left to right in a period.[cite: 11]",2022,1,Understand,Conceptual,Explains comparative electron-loss trends across groups and periods.,Compare tendency to lose electrons down and across.,0.98
3,—,Chemistry,A,2.0,Draw two structural isomers of butane.[cite: 11],2022,1,Remember,Conceptual,Reproduces standard known structural representations of butane isomers.,Draw two structural isomers of butane.,0.94
4,a,Biology,A,2.0,Kulhads (disposable cups made of clay) and disposable paper cups both are used as an alternative for disposable plastic cups. Which one of these two can be considered as a better alternative to plastic cups and why?[cite: 11],2022,1,Evaluate,Conceptual,Judges which alternative is preferable using environmental reasons.,Which is a better alternative and why?,0.98
4,OR (b),Biology,A,2.0,Human beings are most adversely affected by the Biological Magnification. State the reason. Why can ordinary washing of the edibles (fruits and vegetables) not reduce the effect of biological magnification?[cite: 11],2022,1,Understand,Conceptual,Explains biomagnification effects and why washing cannot remove accumulated pollutants.,State the reason; explain washing limitation.,0.97
5,a (i),Biology,A,0.5,"In the given diagram, name the parts where (i) pollen grains are produced[cite: 11]",2022,1,Remember,Factual,Requires recalling the flower part that produces pollen grains.,Name parts where pollen grains are produced.,0.8
5,a (ii),Biology,A,0.5,"In the given diagram, name the parts where (ii) pollen grains are transferred.[cite: 11]",2022,1,Remember,Factual,Requires recalling the flower part receiving transferred pollen grains.,Name parts where pollen grains are transferred.,0.8
5,b,Biology,A,1.0,What happens to ovule and ovary after fertilisation?[cite: 11],2022,1,Understand,Conceptual,Explains the standard developmental relationship following fertilisation.,What happens to ovule and ovary after fertilisation?,0.97
6,—,Biology,A,2.0,Suggest any two contraceptive methods to control the size of human population and explain them.[cite: 11],2022,1,Understand,Conceptual,Describes known contraceptive methods and how they prevent conception.,Suggest two contraceptive methods and explain them.,0.92
7,a,Biology,A,2.0,Mendel crossed two pea plants with visible contrasting characteristics and found that there were no half-way characteristics in the plants of F1 progeny. Explain the reason for this observation of Mendel.[cite: 11],2022,1,Understand,Conceptual,Explains dominance causing F1 offspring to lack intermediate characteristics.,Explain Mendel's F1 observation.,0.98
7,OR (b),Biology,A,2.0,"Justify the statement ""Sex of the children will be determined by what they inherit from their father"".[cite: 11]",2022,1,Understand,Conceptual,Explains sex determination through inheritance of paternal sex chromosomes.,Justify sex determination by father.,0.98
8,—,Chemistry,B,3.0,Identify the periodic law with which the given table is associated. List two important features and two anomalies of the above periodic law.[cite: 11],2022,1,Remember,Conceptual,"Recalls a periodic law, its features, and established anomalies.",Identify law; list features and anomalies.,0.94
9,—,Biology,B,3.0,How do Mendel's experiments show that the traits are inherited independently? Explain.[cite: 11],2022,1,Analyze,Conceptual,Examines Mendelian experimental outcomes to establish independent inheritance of traits.,How experiments show traits are inherited independently.,0.88
10,a,Biology,B,2.0,What are decomposers? State the role of decomposers in the natural replenishment of the soil.[cite: 11],2022,1,Understand,Conceptual,Explains decomposers' role in recycling nutrients into soil.,State role in natural replenishment of soil.,0.97
10,b,Biology,B,1.0,Why are decomposers not helpful in decomposing the plastic waste?[cite: 11],2022,1,Understand,Conceptual,Explains the relationship between plastic's properties and resistance to decomposition.,Why decomposers cannot decompose plastic waste.,0.98
11,a (i),Chemistry,B,1.0,State the reason why (i) carbon compounds have low melting and boiling points.[cite: 11],2022,1,Understand,Conceptual,Explains why carbon compounds generally have low melting and boiling points.,State reason for low melting and boiling points.,0.98
11,a (ii),Chemistry,B,1.0,State the reason why (ii) carbon compounds do not conduct electricity.[cite: 11],2022,1,Understand,Conceptual,Explains why carbon compounds lack mobile charge carriers for conduction.,State reason carbon compounds do not conduct electricity.,0.98
11,a (iii),Chemistry,B,1.0,State the reason why (iii) carbon can form only covalent compounds.[cite: 11],2022,1,Understand,Conceptual,Explains carbon's bonding tendency that leads to covalent compounds.,State reason carbon forms only covalent compounds.,0.98
11,OR (b),Chemistry,B,3.0,What is a homologous series? Find the difference in molecular mass between the two consecutive members of a homologous series. State how in a homologous series of carbon compounds the following properties vary with increase in molecular mass: (i) Melting and boiling points (ii) Chemical properties[cite: 11],2022,1,Understand,Conceptual,Explains homologous-series relationships and property trends with molecular mass.,State how properties vary with increasing molecular mass.,0.93
12,a,Physics,B,2.0,Draw the pattern of magnetic field lines produced by a current carrying circular loop showing the direction of current in the loop and the direction of the magnetic field lines.[cite: 11],2022,1,Remember,Conceptual,Reproduces the standard magnetic-field pattern around a current-carrying loop.,Draw pattern of magnetic field lines.,0.91
12,b,Physics,B,1.0,State the rule which can be applied to know the direction of magnetic field lines in the above case.[cite: 11],2022,1,Remember,Procedural,Recalls the named rule for determining magnetic-field direction.,State the rule for direction of field lines.,0.99
13,a (i),Physics,B,1.0,Why does the galvanometer show deflection only when the key (K) is plugged in and not when a steady current starts flowing in the circuit ?[cite: 11],2022,1,Understand,Conceptual,"Explains galvanometer deflection using changing, rather than steady, magnetic flux.",Why deflection only when key is plugged in.,0.95
13,a (ii),Physics,B,1.0,"What is observed in the galvanometer, when the key is plugged out?[cite: 11]",2022,1,Apply,Conceptual,Predicts the galvanometer observation when circuit current is interrupted.,What is observed when key is plugged out?,0.96
13,a (iii),Physics,B,1.0,State the conclusion based on the observation of this activity.[cite: 11],2022,1,Understand,Conceptual,States the principle inferred from electromagnetic-induction observations.,State conclusion based on observation.,0.91
13,OR (b) (i),Physics,B,0.75,State the directions in which the arms AB and CD will experience a force.[cite: 11],2022,1,Apply,Conceptual,Applies the motor-force rule to the specified conductor arms.,State directions arms AB and CD experience force.,0.86
13,OR (b) (ii),Physics,B,0.75,Identify the part of the electric motor that reverses the flow of current in the coil ABCD and write its name.[cite: 11],2022,1,Remember,Factual,Recalls the motor component that reverses current in the coil.,Identify part that reverses current.,0.98
13,OR (b) (iii),Physics,B,0.75,"After the reversal of flow of current in the coil ABCD, state the directions in which the arms AB and CD will experience a force.[cite: 11]",2022,1,Apply,Conceptual,Applies force-direction relationships after the specified current reversal.,"After reversal, state force directions.",0.88
13,OR (b) (iv),Physics,B,0.75,Name the rule which is applied to determine the direction of force on a current carrying conductor placed in a magnetic field.[cite: 11],2022,1,Remember,Procedural,Recalls the named rule for force on a current-carrying conductor.,Name the rule applied to determine force direction.,0.99
14,a,Physics,C,1.0,Find the equivalent resistance of arm C.[cite: 11],2022,1,Apply,Procedural,Uses circuit-resistance procedures to determine arm C's equivalent resistance.,Find equivalent resistance of arm C.,0.88
14,b,Physics,C,1.0,Calculate the equivalent resistance of the parallel combination of the arms B and C.[cite: 11],2022,1,Apply,Procedural,Uses the parallel-resistance rule for the specified circuit arms.,Calculate parallel combination of arms B and C.,0.97
14,c (i),Physics,C,2.0,Determine the current that flows through the ammeter.[cite: 11],2022,1,Apply,Procedural,Uses circuit laws to calculate current through the ammeter.,Determine current through the ammeter.,0.97
14,OR (c) (ii),Physics,C,2.0,Determine the current that flows in the ammeter when the arm B is withdrawn from the circuit.[cite: 11],2022,1,Apply,Procedural,Recalculates circuit current after removing a specified arm.,Determine current when arm B is withdrawn.,0.97
15,a,Biology,C,1.0,State the name of the organism in which binary fission takes place in a definite orientation. Also name the disease caused by this organism.[cite: 11],2022,1,Remember,Factual,Recalls the organism with oriented binary fission and its associated disease.,Name organism and disease caused.,0.98
15,b,Biology,C,1.0,Leaves of 'Bryophyllum' when they fall on the soil develop into new plants whereas a banana leaf will not be able to do so. Why?[cite: 11],2022,1,Understand,Conceptual,Explains differing vegetative propagation ability through presence of suitable buds.,Why Bryophyllum leaf forms plants but banana leaf cannot.,0.98
15,c (i),Biology,C,2.0,Explain the process of budding in Hydra.[cite: 11],2022,1,Understand,Conceptual,Explains the known stages and mechanism of budding in Hydra.,Explain the process of budding in Hydra.,0.98
15,OR (c) (ii) (I),Biology,C,1.0,What happens when (I) a spirogyra filament matures and attains a considerable length[cite: 11],2022,1,Apply,Conceptual,Predicts fragmentation when a Spirogyra filament reaches considerable length.,What happens when a Spirogyra filament matures?,0.96
15,OR (c) (ii) (II),Biology,C,1.0,What happens when (II) a sporangia in Rhizopus bursts on maturation?[cite: 11],2022,1,Apply,Conceptual,Predicts spore release and dispersal after sporangium bursting.,What happens when Rhizopus sporangia bursts?,0.96
1,i,Chemistry,A,0.5,"Write the electronic configuration of element X, given by its symbol as under: 40 20 X.[cite: 12]",2022,2,Apply,Procedural,Uses atomic number to derive the element's electronic configuration.,Write electronic configuration for ⁴⁰₂₀X.,0.98
1,ii,Chemistry,A,0.5,Determine its position in the modern periodic table.[cite: 12],2022,2,Apply,Conceptual,Uses electronic configuration to determine periodic-table placement.,Determine its position in the modern periodic table.,0.98
1,iii,Chemistry,A,0.5,What is the nature of its oxide ?[cite: 12],2022,2,Apply,Conceptual,Uses the element's periodic classification to predict oxide nature.,What is the nature of its oxide?,0.97
1,iv,Chemistry,A,0.5,Name one other element of its group.[cite: 12],2022,2,Remember,Factual,Requires recalling an element belonging to the referenced periodic-table group.,"""Name one other element of its group""",0.72
2,i,Chemistry,A,1.0,Write the name and draw the structure of a saturated hydrocarbon with four carbon atoms.[cite: 12],2022,2,Remember,Factual,Requires recalling the name and standard structural representation of butane.,"""saturated hydrocarbon with four carbon atoms""",0.97
2,ii,Chemistry,A,1.0,Write the number of single covalent bonds present in this compound.[cite: 12],2022,2,Apply,Conceptual,Requires using covalent-bond structure to count single bonds in the specified compound.,"""number of single covalent bonds""",0.78
3,a,Biology,A,1.0,Name the reproductive and non-reproductive parts of bread mould (Rhizopus).[cite: 12],2022,2,Remember,Factual,Requires recalling named reproductive and vegetative structures of Rhizopus.,"""Name the reproductive and non-reproductive parts""",0.98
3,b,Biology,A,1.0,List any two advantages of vegetative propagation.[cite: 12],2022,2,Remember,Factual,Requires listing learned advantages of vegetative propagation.,"""List any two advantages""",0.96
4,a (i),Biology,A,0.5,State one drawback of each of the following: (i) Oral contraceptive pills[cite: 12],2022,2,Remember,Factual,Requires recalling a known disadvantage of oral contraceptive pills.,"""one drawback... Oral contraceptive pills""",0.97
4,a (ii),Biology,A,0.5,State one drawback of each of the following: (ii) Copper-T[cite: 12],2022,2,Remember,Factual,Requires recalling a known disadvantage of Copper-T.,"""one drawback... Copper-T""",0.97
4,b,Biology,A,1.0,"Under which category of contraceptive methods, is the use of condom kept? In what way, its use is better as compared to other methods of contraception?[cite: 12]",2022,2,Understand,Conceptual,Requires classifying condoms and explaining their comparative contraceptive benefit.,"""category... In what way... better""",0.91
5,a,Physics,A,1.0,"Name the poles P, Q, R and S of the magnets in the following figures 'a' and 'b': Figure 'a' [P and Q], Figure 'b' [R and S][cite: 12]",2022,2,Apply,Conceptual,Requires applying magnetic pole interaction rules to the given figures.,"""Name the poles P, Q, R and S""",0.68
5,b,Physics,A,1.0,State the inference drawn about the direction of the magnetic field lines on the basis of these diagrams.[cite: 12],2022,2,Understand,Conceptual,Requires interpreting diagrams to state the magnetic-field direction relationship.,"""inference... direction of the magnetic field lines""",0.9
5,OR (i),Physics,A,1.0,When is the force experienced by a current carrying straight conductor placed in a uniform magnetic field: (i) Maximum;[cite: 12],2022,2,Remember,Conceptual,Requires recalling the orientation condition for maximum magnetic force.,"""force... Maximum""",0.96
5,OR (ii),Physics,A,1.0,When is the force experienced by a current carrying straight conductor placed in a uniform magnetic field: (ii) Minimum ?[cite: 12],2022,2,Remember,Conceptual,Requires recalling the orientation condition for minimum magnetic force.,"""force... Minimum""",0.96
6,—,Biology,A,2.0,"In the following food chain, only 2J of energy was available to the peacocks. How much energy would have been present in Grass? Justify your answer. GRASS -> GRASS HOPPER -> FROG -> SNAKE -> PEACOCK[cite: 12]",2022,2,Apply,Conceptual,Requires applying trophic energy-transfer principles to calculate energy in grass.,"""2J... peacocks... energy... Grass""",0.98
6,OR (a),Biology,A,1.0,What is meant by garbage? List two classes into which garbage is classified.[cite: 12],2022,2,Understand,Conceptual,Requires explaining garbage and its conceptual classification into classes.,"""What is meant by garbage?... classes""",0.94
6,OR (b),Biology,A,1.0,"What do we actually mean when we say that the ""enzymes are specific in their action""?[cite: 12]",2022,2,Understand,Conceptual,Requires explaining the meaning of enzyme action specificity.,"""mean... enzymes are specific""",0.98
7,—,Biology,A,2.0,Name the reproductive parts of an angiosperm. Where are these parts located? Explain the structure of its male reproductive part.[cite: 12],2022,2,Remember,Factual,"Requires recalling flower reproductive parts, locations, and standard male-part structure.","""Name... Where... structure of its male reproductive part""",0.88
7,OR,Biology,A,2.0,What is puberty? Mention any two changes that are common to both boys and girls in early teenage years.[cite: 12],2022,2,Remember,Factual,Requires recalling the definition of puberty and common adolescent changes.,"""What is puberty?... two changes""",0.98
8,a,Chemistry,B,1.0,Consider the following organic compounds : (i) H3C-CH2-CHO (ii) H3C-CHO (a) Name the functional group present in their compounds.[cite: 12],2022,2,Apply,Conceptual,Requires recognizing a functional group from specific displayed molecular structures.,"""functional group present""",0.97
8,b,Chemistry,B,1.0,Consider the following organic compounds : (i) H3C-CH2-CHO (ii) H3C-CHO (b) Write the general formula for the compounds of this functional group.[cite: 12],2022,2,Remember,Procedural,Requires recalling the general formula of the identified functional-group series.,"""Write the general formula""",0.96
8,c,Chemistry,B,1.0,Consider the following organic compounds : (i) H3C-CH2-CHO (ii) H3C-CHO (c) State the relationship between these compounds and draw the structure of any other compound having similar functional group.[cite: 12],2022,2,Apply,Conceptual,Requires identifying homologous-series relationship and constructing another member using that relationship.,"""relationship... draw... another compound""",0.92
8,OR (a),Chemistry,B,1.0,Draw the electron dot structure for ethyne.[cite: 12],2022,2,Remember,Factual,Requires reproducing the standard electron-dot representation of ethyne.,"""Draw the electron dot structure for ethyne""",0.98
8,OR (b),Chemistry,B,2.0,List two differences between the properties exhibited by covalent compounds and ionic compounds.[cite: 12],2022,2,Understand,Conceptual,Requires comparing properties of ionic and covalent compounds.,"""two differences between the properties""",0.98
9,a,Chemistry,B,1.0,State Newland Law of Octaves.[cite: 12],2022,2,Remember,Conceptual,Requires stating the learned periodic classification principle called Newlands' Law of Octaves.,"""State Newland Law of Octaves""",0.98
9,b,Chemistry,B,1.0,"With an example, explain Dobereiner's Triads.[cite: 12]",2022,2,Understand,Conceptual,Requires explaining the triad relationship using an example.,"""With an example, explain Dobereiner's Triads""",0.98
9,c,Chemistry,B,1.0,List one limitation each of both the attempts mentioned in 'a' & 'b'.[cite: 12],2022,2,Remember,Factual,Requires recalling known limitations of the two historical classification attempts.,"""List one limitation each""",0.92
10,a,Physics,B,1.0,What is the heating effect of electric current ?[cite: 12],2022,2,Understand,Conceptual,Requires explaining the meaning of heating effect of electric current.,"""What is the heating effect""",0.98
10,b,Physics,B,1.0,Write an expression for the amount of heat produced in a resistor when an electric current is passed through it stating the meanings of the symbols used.[cite: 12],2022,2,Remember,Procedural,Requires recalling Joule's heating expression and meanings of its symbols.,"""Write an expression... meanings of the symbols""",0.98
10,c,Physics,B,1.0,Name two appliances based on heating effect of electric current.[cite: 12],2022,2,Remember,Factual,Requires recalling examples of appliances using heating effect.,"""Name two appliances""",0.98
11,—,Biology,B,3.0,What are Chromosomes? Explain how stability of the DNA of the species is ensured in sexually reproducing organisms.[cite: 12],2022,2,Understand,Conceptual,Requires explaining chromosome meaning and how sexual reproduction maintains DNA stability.,"""Explain how stability of the DNA... ensured""",0.94
12,a,Biology,B,1.0,Why is ozone layer getting depleted at the higher levels of the atmosphere? Mention one harmful effect caused by its depletion.[cite: 12],2022,2,Understand,Conceptual,Requires explaining the cause of ozone depletion and a resulting harmful effect.,"""Why... depleted... harmful effect""",0.97
12,b,Biology,B,2.0,"We do not clean ponds or lakes, but an aquarium needs to be cleaned regularly. Why?[cite: 12]",2022,2,Analyze,Conceptual,Requires examining ecosystem differences that make ponds self-cleaning but aquariums require cleaning.,"""ponds or lakes... aquarium... Why""",0.95
13,a,Physics,B,2.0,"The resistance of a wire of 0.01 cm radius is 10 Ω. If the resistivity of the wire is 50x10^-8 Ω m, find the length of this wire.[cite: 12]",2022,2,Apply,Procedural,Requires substituting given values into the resistance-resistivity relation to find length.,"""find the length of this wire""",0.99
13,b,Physics,B,1.0,List the factors on which the resistance of a uniform cylindrical conductor of a given material depends.[cite: 12],2022,2,Remember,Conceptual,Requires listing learned variables that determine resistance of a uniform conductor.,"""factors on which the resistance... depends""",0.97
13,OR (a),Physics,B,1.5,What is the meaning of electric power of an electrical device ? Write its SI unit.[cite: 12],2022,2,Understand,Conceptual,Requires explaining electric power meaning and stating its standard unit.,"""meaning of electric power... SI unit""",0.97
13,OR (b),Physics,B,1.5,An electric kettle of 2kW is used for 2h. Calculate the energy consumed in (i) kilowatt hour and (ii) joules.[cite: 12],2022,2,Apply,Procedural,Requires calculating electrical energy from specified power and time in two units.,"""2kW... 2h... Calculate the energy""",0.99
14,a,Physics,C,1.0,"A student was asked to perform an experiment to study the force on a current carrying conductor in a magnetic field. He took a small aluminum rod AB, a strong horse shoe magnet, some connecting wires, a battery and a switch and connected them as shown. On the basis of your understanding of this phenomenon, answer the following questions: (a) State the condition under which the displacement of the rod is largest for the same magnitude of current flowing through it.[cite: 12]",2022,2,Apply,Conceptual,Requires applying the force-orientation principle to determine maximum rod displacement.,"""condition... displacement... largest""",0.94
14,b,Physics,C,1.0,"A student was asked to perform an experiment to study the force on a current carrying conductor in a magnetic field. He took a small aluminum rod AB, a strong horse shoe magnet, some connecting wires, a battery and a switch and connected them as shown. On the basis of your understanding of this phenomenon, answer the following questions: (b) State the rule that determines the direction of the force on the conductor AB.[cite: 12]",2022,2,Remember,Procedural,Requires recalling the named rule for determining force direction.,"""State the rule that determines the direction""",0.98
14,c (i),Physics,C,1.0,"If the U shaped magnet is held vertically and the aluminum rod is suspended horizontally with its end B towards due north, then on passing current through the rod from B to A as shown, in which direction will the rod be displaced?[cite: 12]",2022,2,Apply,Conceptual,Requires applying magnetic-force direction rules to the specified orientation and current.,"""in which direction will the rod be displaced""",0.96
14,c (ii),Physics,C,1.0,Name any two devices that use current carrying conductors and magnetic field.[cite: 12],2022,2,Remember,Factual,Requires recalling examples of devices using current-carrying conductors and magnetic fields.,"""Name any two devices""",0.98
14,OR (c),Physics,C,2.0,Draw the pattern of magnetic field lines produced around a current carrying straight conductor held vertically on a horizontal cardboard. Indicate the direction of the field lines as well as the direction of current flowing through the conductor.[cite: 12],2022,2,Remember,Conceptual,Requires reproducing the standard magnetic-field pattern and indicated directions around a straight conductor.,"""Draw the pattern of magnetic field lines""",0.97
15,a,Biology,C,1.0,Mendel blended his knowledge of Science and mathematics to keep the count of the individuals exhibiting a particular trait in each generation. He observed a number of contrasting visible characters controlled in pea plants in a field. He conducted many experiments to arrive at the laws of inheritance. (a) What do the F1 progeny of tall plants with round seeds and short plants with wrinkled seeds look like?[cite: 12],2022,2,Apply,Conceptual,Uses Mendelian dominance in a specified dihybrid cross to predict F1 appearance.,F1 progeny of tall-round × short-wrinkled plants.,0.96
15,b,Biology,C,1.0,Mendel blended his knowledge of Science and mathematics to keep the count of the individuals exhibiting a particular trait in each generation. He observed a number of contrasting visible characters controlled in pea plants in a field. He conducted many experiments to arrive at the laws of inheritance. (b) What are recessive traits?[cite: 12],2022,2,Remember,Conceptual,Retrieves the learned definition of recessive traits.,What are recessive traits?,0.99
15,c,Biology,C,2.0,"Mendel blended his knowledge of Science and mathematics to keep the count of the individuals exhibiting a particular trait in each generation. He observed a number of contrasting visible characters controlled in pea plants in a field. He conducted many experiments to arrive at the laws of inheritance. (c) Mention the type of the new combinations of plants obtained in F2 progeny along with their ratio, if F1 progeny was allowed to self pollinate.[cite: 12]",2022,2,Apply,Conceptual,Applies dihybrid inheritance ratios to the specified self-pollinated F1 generation.,New combinations and ratio in selfed F2.,0.96
15,OR (c) (i),Biology,C,1.0,"If 1600 plants were obtained in F2 progeny, write the number of plants having traits: (i) Tall with round seeds[cite: 12]",2022,2,Apply,Conceptual,Applies the F2 dihybrid phenotypic ratio to calculate a particular trait count.,1600 F2 plants; tall with round seeds.,0.98
15,OR (c) (ii),Biology,C,1.0,"If 1600 plants were obtained in F2 progeny, write the number of plants having traits: (ii) Short with wrinkled seeds. Write the conclusion of the above experiment.[cite: 12]",2022,2,Apply,Conceptual,Applies the dihybrid ratio to calculate offspring and infer the experimental inheritance conclusion.,1600 F2 plants; conclusion of experiment.,0.9
1,a,Chemistry,A,1.0,"Two elements, A and B belong to the 3rd period of Modern Periodic Table. Element A belongs to Group 1 whereas Element B belongs to Group 16. Compare the following characteristics of A and B, giving justification for each: (a) Atomic size",2022,3,Apply,Conceptual,Applies periodic trends across a specified period to compare atomic sizes.,"Group 1 and Group 16, third period.",0.96
1,b,Chemistry,A,1.0,"Two elements, A and B belong to the 3rd period of Modern Periodic Table. Element A belongs to Group 1 whereas Element B belongs to Group 16. Compare the following characteristics of A and B, giving justification for each: (b) Metallic character",2022,3,Apply,Conceptual,Applies periodic trends across a specified period to compare metallic character.,"Group 1 and Group 16, third period.",0.96
2,a,Chemistry,A,1.0,The atomic number of a non-metal 'X' is 8. (a) Write the period number and the group number of 'X'.,2022,3,Apply,Conceptual,Uses atomic number and electronic configuration rules to determine period and group.,Atomic number of X is 8.,0.96
2,b,Chemistry,A,1.0,The atomic number of a non-metal 'X' is 8. (b) Draw the electron dot structure of its molecule.,2022,3,Remember,Conceptual,Reproduces the standard electron-dot representation for the molecule of oxygen.,Draw electron dot structure of its molecule.,0.83
3,—,Biology,A,2.0,Which one of the two multicellular organisms - Spirogyra and Planaria reproduces by regeneration and why? Give an example of any other organism which can also reproduce by the same process.,2022,3,Understand,Conceptual,Explains regeneration capability by relating it to organismal organisation and provides an example.,Reproduces by regeneration and why.,0.94
4,a,Biology,A,1.0,(a) What happens when in a human female the egg released by the ovary is not fertilised ?,2022,3,Understand,Conceptual,Explains the known consequence of an unfertilised egg in the human reproductive cycle.,Egg released is not fertilised.,0.97
4,b,Biology,A,1.0,(b) Name one bacterial and one viral infection caused due to unsafe sex.,2022,3,Remember,Factual,Retrieves examples of one bacterial and one viral sexually transmitted infection.,Name one bacterial and one viral infection.,0.99
5,a (i),Physics,A,1.0,(a) (i) Name and state the rule to determine the direction of force experienced by a current carrying straight conductor placed in a uniform magnetic field which is perpendicular to it.,2022,3,Remember,Procedural,Recalls the named rule and its stated method for finding force direction.,Name and state the rule to determine direction.,0.98
5,a (ii),Physics,A,1.0,(a) (ii) An alpha particle while passing through a magnetic field gets projected towards north. In which direction will an electron project when it passes through the same magnetic field?,2022,3,Apply,Conceptual,Applies the effect of opposite charge on magnetic deflection in the same field.,Electron passes through the same magnetic field.,0.95
5,OR (b) (i),Physics,A,1.0,(b) (i) What is a solenoid ?,2022,3,Remember,Factual,Retrieves the definition of a solenoid.,What is a solenoid?,0.99
5,OR (b) (ii),Physics,A,1.0,(b) (ii) Draw the pattern of magnetic field lines of the magnetic field produced by a solenoid through which a steady current flows.,2022,3,Remember,Conceptual,Reproduces the standard magnetic field-line pattern of a current-carrying solenoid.,Draw pattern of magnetic field lines.,0.97
6,a,Biology,A,2.0,(a) What is ozone? How is it formed in the upper layers of the Earth's atmosphere? How does ozone affect our ecosystem?,2022,3,Understand,Conceptual,"Explains ozone, its atmospheric formation, and its ecosystem effect.",How formed and affects ecosystem.,0.96
6,OR (b) (i),Biology,A,1.0,(b) (i) List two human-made ecosystems.,2022,3,Remember,Factual,Retrieves examples of human-made ecosystems.,List two human-made ecosystems.,0.99
6,OR (b) (ii),Biology,A,1.0,"(b) (ii) ""We do not clean a pond in the same manner as we do in an aquarium."" Give reason to justify this statement.",2022,3,Understand,Conceptual,Explains why ponds and aquariums differ in their ecological self-maintenance.,Give reason to justify the statement.,0.94
7,a,Biology,A,2.0,(a) What is variation? List two main reasons that may lead to variation in a population.,2022,3,Understand,Conceptual,Explains variation and straightforward causes producing it within a population.,Define variation; reasons in a population.,0.97
7,OR (b) (i),Biology,A,0.67,"(b) (i) In a cross between violet flowered plants and white flowered plants, state the characteristics of the plants obtained in the F1 progeny.",2022,3,Apply,Conceptual,Applies dominance in the specified flower-colour cross to predict F1 characteristics.,Violet flowered × white flowered plants.,0.97
7,OR (b) (ii),Biology,A,0.67,"(b) (ii) If the plants of F1 progeny are self-pollinated, then what would be observed in the plants of F2 progeny?",2022,3,Apply,Conceptual,Applies Mendelian segregation to predict observations in self-pollinated F2 progeny.,F1 progeny are self-pollinated.,0.97
7,OR (b) (iii),Biology,A,0.66,"(b) (iii) If 100 plants are produced in F2 progeny, then how many plants will show the recessive trait ?",2022,3,Apply,Conceptual,Applies the monohybrid F2 ratio to calculate recessive offspring number.,100 F2 plants; recessive trait.,0.99
8,a,Chemistry,B,3.0,(a) Draw two different possible structures of a saturated hydrocarbon having four carbon atoms in its molecule. What are these two structures of the hydrocarbon having same molecular formula called? Write the molecular formula and the common name of this compound. Also write the molecular formula of its alkyne.,2022,3,Remember,Factual,"Retrieves standard butane isomer structures, names, formulas, and related alkyne formula.",Draw two structures; name and molecular formulas.,0.85
8,OR (b) (i),Chemistry,B,1.0,(b) (i) Write the molecular formula of benzene and draw its structure.,2022,3,Remember,Factual,Retrieves benzene's molecular formula and standard structural representation.,Formula of benzene and draw its structure.,0.99
8,OR (b) (ii),Chemistry,B,1.0,(b) (ii) Write the number of single and double covalent bonds present in a molecule of benzene.,2022,3,Remember,Factual,Retrieves the known numbers of single and double bonds in benzene.,Number of single and double bonds.,0.98
8,OR (b) (iii),Chemistry,B,1.0,(b) (iii) Which compounds are called alkynes?,2022,3,Remember,Conceptual,Retrieves the defining bonding characteristic of alkynes.,Which compounds are called alkynes?,0.98
9,a,Chemistry,B,1.5,(a) List two advantages of adopting the atomic number of an element as the basis of classification of elements in the Modern Periodic Table.,2022,3,Understand,Conceptual,Explains advantages arising from atomic number as the classification basis.,Advantages of adopting atomic number basis.,0.96
9,b,Chemistry,B,1.5,(b) Write the electronic configurations of the elements X (atomic number 13) and Y (atomic number 20).,2022,3,Apply,Procedural,Uses electronic-configuration rules for elements with specified atomic numbers.,Atomic numbers 13 and 20.,0.97
10,a,Physics,B,1.0,"For a heater, rated 4 kW and 220 V, calculate the following: (a) The current",2022,3,Apply,Procedural,Uses the power-voltage relationship to calculate current for the rated heater.,4 kW and 220 V; calculate current.,0.99
10,b,Physics,B,1.0,"For a heater, rated 4 kW and 220 V, calculate the following: (b) Energy consumed in 2 hours",2022,3,Apply,Procedural,Uses rated power and time to calculate electrical energy consumed.,Energy consumed in 2 hours.,0.99
10,c,Physics,B,1.0,"For a heater, rated 4 kW and 220 V, calculate the following: (c) If 1 kWh is priced at ₹ 4.50, then the cost of energy consumed",2022,3,Apply,Procedural,Uses energy consumption and unit price to calculate cost.,1 kWh priced at ₹4.50.,0.99
11,a,Biology,B,1.0,"A red-eyed individual is crossed with a white-eyed individual to produce F1 progeny with red eyes. When F1 individuals are intercrossed, F2 progeny is formed with both red as well as white-eyed individuals. (a) How is the dominant trait identified?",2022,3,Apply,Conceptual,Applies dominance to the stated F1 cross result to identify the dominant trait.,F1 progeny with red eyes.,0.96
11,b,Biology,B,0.5,"A red-eyed individual is crossed with a white-eyed individual to produce F1 progeny with red eyes. When F1 individuals are intercrossed, F2 progeny is formed with both red as well as white-eyed individuals. (b) What are recessive traits?",2022,3,Remember,Conceptual,Retrieves the learned definition of recessive traits.,What are recessive traits?,0.99
11,c,Biology,B,1.5,"A red-eyed individual is crossed with a white-eyed individual to produce F1 progeny with red eyes. When F1 individuals are intercrossed, F2 progeny is formed with both red as well as white-eyed individuals. (c) If 12 individuals are produced in F2 generation, then how many white-eyed individuals would be obtained? Calculate the ratio of red-eyed individuals to white-eyed individuals.",2022,3,Apply,Conceptual,Applies the monohybrid F2 ratio to calculate white-eyed offspring and phenotypic ratio.,12 individuals in F2 generation.,0.98
12,a,Biology,B,1.0,(a) Name the group of organisms which form in the first trophic level of all food chains. Why are they called so?,2022,3,Understand,Conceptual,Explains why first-trophic-level organisms are producers after identifying their group.,First trophic level; why called so.,0.96
12,b,Biology,B,1.0,(b) Why are the human beings most adversely affected by bio-magnification?,2022,3,Understand,Conceptual,Explains the relationship between biomagnification and human exposure at high trophic levels.,Why humans are most adversely affected.,0.96
12,c,Biology,B,1.0,(c) State one ill-effect of the absence of decomposers from a natural ecosystem.,2022,3,Apply,Conceptual,Predicts an ecosystem consequence from the specified absence of decomposers.,Absence of decomposers from ecosystem.,0.96
13,a (i),Physics,B,1.0,(a) (i) Define Electric Power and write its SI unit.,2022,3,Remember,Factual,Retrieves the definition and SI unit of electric power.,Define Electric Power and write SI unit.,0.99
13,a (ii),Physics,B,2.0,(a) (ii) Two bulbs rated 100 W; 220 V and 60 W; 220 V are connected in parallel to an electric mains of 220 V. Find the current drawn by the bulbs from the mains.,2022,3,Apply,Procedural,Uses bulb ratings and parallel-circuit relations to calculate current drawn from mains.,Bulbs connected in parallel to 220 V mains.,0.99
13,OR (b) (i),Physics,B,1.5,(b) (i) State Joule's law of heating. Express it mathematically when an appliance of resistance R is connected to a source of voltage V and the current I flows through the appliance for a time t.,2022,3,Remember,Procedural,Recalls Joule’s law and its standard mathematical expression.,“State Joule's law... Express it mathematically”,0.98
13,OR (b) (ii),Physics,B,1.5,(b) (ii) A 5 Ω resistor is connected across a battery of 6 volts. Calculate the energy that dissipates as heat in 10 s.,2022,3,Apply,Procedural,"Uses the heating-energy relation with supplied resistance, voltage, and time.",“Calculate the energy... in 10 s”,0.99
14,a,Physics,C,1.0,"A student fixes a sheet of white paper on a drawing board using some adhesive materials. She places a bar magnet in the centre of it and sprinkles some iron filings uniformly around the bar magnet using a salt-sprinkler. On tapping the board gently, she observes that the iron filings have arranged themselves in a particular pattern. (a) Draw a diagram to show this pattern of iron filings.",2022,3,Remember,Conceptual,Reproduces the standard iron-filings pattern around a bar magnet.,“Draw a diagram... pattern of iron filings”,0.95
14,b,Physics,C,1.0,"A student fixes a sheet of white paper on a drawing board using some adhesive materials. She places a bar magnet in the centre of it and sprinkles some iron filings uniformly around the bar magnet using a salt-sprinkler. On tapping the board gently, she observes that the iron filings have arranged themselves in a particular pattern. (b) What makes iron filings arrange in a definite pattern?",2022,3,Understand,Conceptual,Explains the magnetic-field cause of the filings’ arrangement.,“What makes iron filings arrange”,0.97
14,c (i),Physics,C,2.0,"A student fixes a sheet of white paper on a drawing board using some adhesive materials. She places a bar magnet in the centre of it and sprinkles some iron filings uniformly around the bar magnet using a salt-sprinkler. On tapping the board gently, she observes that the iron filings have arranged themselves in a particular pattern. (c) (i) How is the direction of magnetic field at a point determined using the field lines? Why do two magnetic field lines not cross each other?",2022,3,Understand,Conceptual,Explains field-line direction and why crossing is impossible.,“How is the direction... Why do... not cross”,0.96
14,OR (c) (ii),Physics,C,2.0,"A student fixes a sheet of white paper on a drawing board using some adhesive materials. She places a bar magnet in the centre of it and sprinkles some iron filings uniformly around the bar magnet using a salt-sprinkler. On tapping the board gently, she observes that the iron filings have arranged themselves in a particular pattern. (c) (ii) How are the magnetic field lines of a bar magnet drawn using a small compass needle ? Draw one magnetic field line each on both sides of the magnet.",2022,3,Remember,Procedural,Recalls the standard compass method and field-line representation.,“drawn using a small compass needle”,0.91
15,a,Biology,C,1.0,"The mechanism by which the sex of an individual is determined is called sex-determination. In human beings, sex of a newborn is genetically determined, whereas in some others it is not. There are 46 (23 pairs) chromosomes in human beings. Out of these, 44 (22 pairs) control the body characters and 2 (one pair) are known as sex chromosomes. The sex chromosomes are of two types - X chromosome and Y chromosome. At the time of fertilisation, depending upon which type of male gamete fuses with the female gamete, the sex of the newborn child is decided. (a) What is the statistical probability of getting either a male or female child ? Justify your answer.",2022,3,Apply,Conceptual,Applies human sex-chromosome inheritance to determine probability and support it.,“statistical probability... Justify your answer”,0.93
15,b,Biology,C,1.0,"The mechanism by which the sex of an individual is determined is called sex-determination. In human beings, sex of a newborn is genetically determined, whereas in some others it is not. There are 46 (23 pairs) chromosomes in human beings. Out of these, 44 (22 pairs) control the body characters and 2 (one pair) are known as sex chromosomes. The sex chromosomes are of two types - X chromosome and Y chromosome. At the time of fertilisation, depending upon which type of male gamete fuses with the female gamete, the sex of the newborn child is decided. (b) Out of male or female, which of them has a perfect pair of sex chromosomes? In case of a perfect pair, will the gametes produced be of the same kind or of a different kind?",2022,3,Remember,Factual,Retrieves which sex has matching chromosomes and its gamete type.,“which... has a perfect pair”,0.95
15,c (i),Biology,C,2.0,"The mechanism by which the sex of an individual is determined is called sex-determination. In human beings, sex of a newborn is genetically determined, whereas in some others it is not. There are 46 (23 pairs) chromosomes in human beings. Out of these, 44 (22 pairs) control the body characters and 2 (one pair) are known as sex chromosomes. The sex chromosomes are of two types - X chromosome and Y chromosome. At the time of fertilisation, depending upon which type of male gamete fuses with the female gamete, the sex of the newborn child is decided. (c) (i) Name two animals whose sex is not genetically determined. Explain the process of their sex determination.",2022,3,Understand,Conceptual,Explains environmental mechanisms determining sex in specified animals.,“Explain the process of their sex determination”,0.91
15,OR (c) (ii),Biology,C,2.0,"The mechanism by which the sex of an individual is determined is called sex-determination. In human beings, sex of a newborn is genetically determined, whereas in some others it is not. There are 46 (23 pairs) chromosomes in human beings. Out of these, 44 (22 pairs) control the body characters and 2 (one pair) are known as sex chromosomes. The sex chromosomes are of two types - X chromosome and Y chromosome. At the time of fertilisation, depending upon which type of male gamete fuses with the female gamete, the sex of the newborn child is decided. (c) (ii) With the help of a flowchart only, show how sex is genetically determined in human beings.",2022,3,Remember,Conceptual,Reproduces the standard genetic sex-determination flowchart for humans.,"“flowchart only, show how sex is genetically determined”",0.93
1,—,Chemistry,A,1.0,Covalent compounds have low melting and boiling point. Why?,2020,1,Understand,Conceptual,Explains the intermolecular-bonding basis for low melting and boiling points.,“low melting and boiling point. Why?”,0.96
2,—,Chemistry,A,1.0,How many metals are present in second period of periodic table?,2020,1,Remember,Factual,Retrieves the number of metals in the second period.,“How many metals... second period”,0.99
3,a,Physics,A,1.0,"Geothermal energy is the energy produced by the heat of molten rocks formed in the deeper hot regions of the earth's crust. This energy is harnessed to generate electricity. When water is made to flow deep underground in the rocks it returns as steam (or hot water, which is later converted to steam) to drive a turbine on an electric power generator. In India, exploration and study of geothermal fields started in 1970. The Geological Survey in India has identified 350 geothermal energy locations in the country. The most promising of these is in Puga valley of Ladakh. The estimated potential for geothermal energy in India is about 10000 MW. There are seven geothermal provinces in India namely the Himalayas, Sohna, West coast, Cambay, Son-Narmada-Tapi; Godavari and Mahanadi. Most power stations in India produce Alternating Current (A.C). (a) What are geothermal energy hot-spots ?",2020,1,Remember,Factual,Recalls the definition of geothermal energy hot-spots.,“What are geothermal energy hot-spots?”,0.95
3,b,Physics,A,1.0,"Geothermal energy is the energy produced by the heat of molten rocks formed in the deeper hot regions of the earth's crust. This energy is harnessed to generate electricity. When water is made to flow deep underground in the rocks it returns as steam (or hot water, which is later converted to steam) to drive a turbine on an electric power generator. In India, exploration and study of geothermal fields started in 1970. The Geological Survey in India has identified 350 geothermal energy locations in the country. The most promising of these is in Puga valley of Ladakh. The estimated potential for geothermal energy in India is about 10000 MW. There are seven geothermal provinces in India namely the Himalayas, Sohna, West coast, Cambay, Son-Narmada-Tapi; Godavari and Mahanadi. Most power stations in India produce Alternating Current (A.C). (b) Name two countries, other than India, where power plants based on geothermal energy are operational.",2020,1,Remember,Factual,Retrieves examples of countries operating geothermal power plants.,“Name two countries... geothermal energy”,0.99
3,c,Physics,A,1.0,"Geothermal energy is the energy produced by the heat of molten rocks formed in the deeper hot regions of the earth's crust. This energy is harnessed to generate electricity. When water is made to flow deep underground in the rocks it returns as steam (or hot water, which is later converted to steam) to drive a turbine on an electric power generator. In India, exploration and study of geothermal fields started in 1970. The Geological Survey in India has identified 350 geothermal energy locations in the country. The most promising of these is in Puga valley of Ladakh. The estimated potential for geothermal energy in India is about 10000 MW. There are seven geothermal provinces in India namely the Himalayas, Sohna, West coast, Cambay, Son-Narmada-Tapi; Godavari and Mahanadi. Most power stations in India produce Alternating Current (A.C). (c) Name the phenomenon that explains the working of an electric generator.",2020,1,Remember,Factual,Recalls the named phenomenon underlying electric generators.,“Name the phenomenon... electric generator”,0.99
3,d,Physics,A,1.0,"Geothermal energy is the energy produced by the heat of molten rocks formed in the deeper hot regions of the earth's crust. This energy is harnessed to generate electricity. When water is made to flow deep underground in the rocks it returns as steam (or hot water, which is later converted to steam) to drive a turbine on an electric power generator. In India, exploration and study of geothermal fields started in 1970. The Geological Survey in India has identified 350 geothermal energy locations in the country. The most promising of these is in Puga valley of Ladakh. The estimated potential for geothermal energy in India is about 10000 MW. There are seven geothermal provinces in India namely the Himalayas, Sohna, West coast, Cambay, Son-Narmada-Tapi; Godavari and Mahanadi. Most power stations in India produce Alternating Current (A.C). (d) State an important advantage of using AC over DC.",2020,1,Remember,Conceptual,Recalls a learned comparative advantage of alternating current.,“State an important advantage of using AC”,0.91
4,a,Biology,A,1.0,"Thyroid gland is a bilobed structure situated in our neck region. It secretes a hormone called thyroxine. Iodine is necessary for the thyroid gland to make thyroxine. Thyroxine regulates carbohydrate, protein and fat metabolism in the body. It promotes growth of body tissues also. When there is an excess of thyroxine in the body, a person suffers from hyperthyroidism and if this gland is underactive it results in hypothyroidism. Hyperthyroidism is diagnosed by blood tests that measure the levels of thyroxine and Thyroid Stimulating Hormone (TSH). Hypothyroidism is caused due to the deficiency of iodine in our diet resulting in a disease called goitre. Iodised salt can be included in our diet to control it. (a) Where is thyroid gland situated in our body?",2020,1,Remember,Factual,Retrieves the anatomical location of the thyroid gland.,“Where is thyroid gland situated”,0.99
4,b,Biology,A,1.0,"Thyroid gland is a bilobed structure situated in our neck region. It secretes a hormone called thyroxine. Iodine is necessary for the thyroid gland to make thyroxine. Thyroxine regulates carbohydrate, protein and fat metabolism in the body. It promotes growth of body tissues also. When there is an excess of thyroxine in the body, a person suffers from hyperthyroidism and if this gland is underactive it results in hypothyroidism. Hyperthyroidism is diagnosed by blood tests that measure the levels of thyroxine and Thyroid Stimulating Hormone (TSH). Hypothyroidism is caused due to the deficiency of iodine in our diet resulting in a disease called goitre. Iodised salt can be included in our diet to control it. (b) State the function of thyroxine in human body.",2020,1,Remember,Conceptual,Recalls thyroxine’s regulatory role in metabolism and growth.,“State the function of thyroxine”,0.98
4,c,Biology,A,1.0,"Thyroid gland is a bilobed structure situated in our neck region. It secretes a hormone called thyroxine. Iodine is necessary for the thyroid gland to make thyroxine. Thyroxine regulates carbohydrate, protein and fat metabolism in the body. It promotes growth of body tissues also. When there is an excess of thyroxine in the body, a person suffers from hyperthyroidism and if this gland is underactive it results in hypothyroidism. Hyperthyroidism is diagnosed by blood tests that measure the levels of thyroxine and Thyroid Stimulating Hormone (TSH). Hypothyroidism is caused due to the deficiency of iodine in our diet resulting in a disease called goitre. Iodised salt can be included in our diet to control it. (c) What is hyperthyroidism?",2020,1,Remember,Factual,Retrieves the definition of hyperthyroidism.,“What is hyperthyroidism?”,0.98
4,d,Biology,A,1.0,"Thyroid gland is a bilobed structure situated in our neck region. It secretes a hormone called thyroxine. Iodine is necessary for the thyroid gland to make thyroxine. Thyroxine regulates carbohydrate, protein and fat metabolism in the body. It promotes growth of body tissues also. When there is an excess of thyroxine in the body, a person suffers from hyperthyroidism and if this gland is underactive it results in hypothyroidism. Hyperthyroidism is diagnosed by blood tests that measure the levels of thyroxine and Thyroid Stimulating Hormone (TSH). Hypothyroidism is caused due to the deficiency of iodine in our diet resulting in a disease called goitre. Iodised salt can be included in our diet to control it. (d) How can we control hypothyroidism?",2020,1,Remember,Factual,Recalls the dietary measure used to control hypothyroidism.,“How can we control hypothyroidism?”,0.96
5,—,Physics,A,1.0,"Consider the following reasons for the reddish appearance of the sun at the sunrise or the sunset: A. Light from the sun near the horizon passes through thinner layers of air. B. Light from the sun covers larger distance of the earth's atmosphere before reaching our eyes. C. Near the horizon, most of the blue light and shorter wavelengths are scattered away by the particles. D. Light from the sun near the horizon passes through thicker layers of air. The correct reasons are (a) A and C only (b) B, C and D (c) A and B only (d) C and D only",2020,1,Analyze,Conceptual,Checks several statements about atmospheric path length and scattering.,“correct reasons are A... B... C... D”,0.98
5,OR,Physics,A,1.0,Person suffering from cataract has (a) elongated eyeball (b) excessive curvature of eye lens (c) weakened ciliary muscles (d) opaque eye lens,2020,1,Remember,Factual,Identifies the known eye condition associated with cataract.,“Person suffering from cataract has”,0.99
6,—,Physics,A,1.0,The maximum resistance which can be made using four resistors each of 2 Ω is (a) 2 Ω (b) 4 Ω (c) 8 Ω (d) 16 Ω,2020,1,Apply,Procedural,Applies series-resistance combination to obtain the maximum resistance.,“maximum resistance... four resistors”,0.99
7,—,Physics,A,1.0,"A student plots V-I graphs for three samples of nichrome wire with resistances R1, R2 and R3. Choose from the following the statement that holds true for this graph. [Graph showing I on vertical axis vs V on horizontal axis with slopes R3 > R1 > R2] (a) R1 = R2 = R3 (b) R1 > R2 > R3 (c) R3 > R2 > R1 (d) R2 > R1 > R3",2020,1,Analyze,Conceptual,Interprets graph slopes to infer relationships among three resistances.,“V-I graphs... statement that holds true”,0.9
8,—,Biology,A,1.0,Which of the following are water intensive crops? (a) Wheat and rice (b) Wheat and sugarcane (c) Sugarcane and rice (d) Wheat and gram,2020,1,Remember,Factual,Retrieves examples of crops requiring high water input.,“Which... are water intensive crops?”,0.99
8,OR,Chemistry,A,1.0,The most poisonous product formed by incomplete combustion of fossil fuels is (a) Carbon dioxide (b) Nitrogen dioxide (c) Carbon monoxide (d) Sulphur dioxide,2020,1,Remember,Factual,Identifies the known toxic product of incomplete fossil-fuel combustion.,“most poisonous product... incomplete combustion”,0.99
9,—,Biology,A,1.0,Bandharas and Tals are age old water harvesting concepts / structures found in (a) Bihar (b) Maharashtra (c) Tamil Nadu (d) Rajasthan,2020,1,Remember,Factual,Retrieves the state associated with Bandharas and Tals.,“found in”,0.99
10,—,Chemistry,A,1.0,"Identify 'x', 'y' and 'z' in the following reaction: 2 KClO3(x) --(y)--> 2 KCl(x) + O2(z) (a) x = gas; y = reaction condition; z = gas (b) x = solid; y = liquid; z = gas (c) x = number of moles of KClO3; y = reaction condition; z = no. of molecules of oxygen. (d) x = physical state of KClO3 and KCl; y = reaction condition; z = physical state of O2.",2020,1,Apply,Procedural,Applies chemical-equation notation to identify states and reaction conditions.,"“Identify x, y and z... reaction”",0.87
11,—,Chemistry,A,1.0,"A visually challenged student, has to perform a lab test to detect the presence of acid in a given solution. The acid-base indicator preferred by him will be : (a) Blue litmus (b) Clove oil (c) Red cabbage extract (d) Hibiscus extract",2020,1,Evaluate,Conceptual,Judges the most suitable indicator using accessibility for a visually challenged student.,“indicator preferred by him”,0.98
12,—,Chemistry,A,1.0,"On the basis of electronic configuration of the element 9 5 X, the group number and period of the element 'X' is: (a) Group 15 period 2 (b) Group 13 period 2 (c) Group 9 period 5 (d) Group 13 period 5",2020,1,Apply,Conceptual,Uses electronic configuration principles to determine group and period.,“basis of electronic configuration... group number and period”,0.98
12,OR,Chemistry,A,1.0,An element 'X' with atomic number 11 forms a compound with element 'Y' with atomic number 8. The formula of the compound formed is (a) XY (b) X2Y (c) XY2 (d) X2Y3,2020,1,Apply,Conceptual,Applies valency and ionic-combination principles to form the compound formula.,“formula of the compound formed”,0.98
13,—,Chemistry,A,1.0,Assertion (A): Ethanoic acid is also known as glacial acetic acid. Reason (R): The melting point of pure ethanoic acid is 290 K and hence it often freezes during winters in cold climates. (a) Both (A) and (R) are true and (R) is correct explanation of the assertion. (b) Both (A) and (R) are true but (R) is not the correct explanation of the assertion. (c) (A) is true but (R) is false. (d) (A) is false but (R) is true.,2020,1,Analyze,Conceptual,Examines truth and explanatory relationship between assertion and reason.,“Assertion... Reason... correct explanation”,0.98
14,—,Physics,A,1.0,Assertion (A): The metals and alloys are good conductors of electricity. Reason (R): Bronze is an alloy of copper and tin and it is not a good conductor of electricity. (a) Both (A) and (R) are true and (R) is correct explanation of the assertion. (b) Both (A) and (R) are true but (R) is not the correct explanation of the assertion. (c) (A) is true but (R) is false. (d) (A) is false but (R) is true.,2020,1,Analyze,Conceptual,Examines truth and explanatory relationship between assertion and reason.,“Assertion... Reason... correct explanation”,0.98
15,i,Chemistry,B,1.0,"A compound 'A' is used in the manufacture of cement. When dissolved in water, it evolves a large amount of heat and forms compound 'B'. (i) Identify A and B.",2020,1,Apply,Conceptual,Uses reaction properties to identify the compounds involved.,“used in manufacture of cement... forms compound B”,0.94
15,ii,Chemistry,B,1.0,"A compound 'A' is used in the manufacture of cement. When dissolved in water, it evolves a large amount of heat and forms compound 'B'. (ii) Write chemical equation for the reaction of A with water.",2020,1,Apply,Procedural,Writes the known chemical equation for the specified reaction.,“Write chemical equation for the reaction”,0.97
15,iii,Chemistry,B,1.0,"A compound 'A' is used in the manufacture of cement. When dissolved in water, it evolves a large amount of heat and forms compound 'B'. (iii) List two types of reaction in which this reaction may be classified.",2020,1,Understand,Conceptual,Classifies the given reaction according to known reaction-type concepts.,“List two types of reaction”,0.9
16,i,Chemistry,B,1.0,Give reasons for the following: (i) Only one half of water molecule is shown in the formula of Plaster of Paris.,2020,1,Understand,Conceptual,Explains the hydrate composition represented by the half-water formula.,“Give reasons... half of water molecule”,0.94
16,ii,Chemistry,B,1.0,Give reasons for the following: (ii) Sodium hydrogen carbonate is used as an antacid.,2020,1,Understand,Conceptual,Explains antacid use through acid-neutralisation behavior.,“Sodium hydrogen carbonate is used as an antacid”,0.97
16,iii,Chemistry,B,1.0,"Give reasons for the following: (iii) On strong heating, blue coloured copper sulphate crystals turn white.",2020,1,Understand,Conceptual,Explains colour change through loss of water of crystallisation.,“On strong heating... crystals turn white”,0.97
16,OR (i),Chemistry,B,1.0,(i) Draw a labelled diagram to show the preparation of hydrogen chloride gas in laboratory.,2020,1,Remember,Procedural,Reproduces the standard labelled laboratory setup for hydrogen chloride preparation.,“Draw a labelled diagram... preparation... in laboratory”,0.94
16,OR (ii),Chemistry,B,1.0,"(ii) Test the gas evolved first with dry and then with wet litmus paper. In which of the two cases, does the litmus paper show change in colour?",2020,1,Apply,Conceptual,Applies acid behaviour of HCl to dry and wet litmus conditions.,“dry and then with wet litmus paper”,0.94
16,OR (iii),Chemistry,B,1.0,(iii) State the reason of exhibiting acidic character by dry HCl gas / HCl solution.,2020,1,Understand,Conceptual,Explains the ionisation-based reason for acidic character under the stated conditions.,“State the reason ... acidic character”,0.91
17,a,Chemistry,B,0.5,"From the elements 39 19 A, 28 14 B, 16 8 C and 40 18 D identify : (a) the most electro positive element.",2020,1,Apply,Conceptual,Uses atomic numbers and periodic trends to identify the most electropositive element.,“From the elements ... identify”,0.96
17,b,Chemistry,B,0.5,"From the elements 39 19 A, 28 14 B, 16 8 C and 40 18 D identify : (b) a noble gas.",2020,1,Apply,Conceptual,Uses electronic configuration derived from atomic number to identify a noble gas.,“identify ... a noble gas”,0.97
17,c,Chemistry,B,0.5,"From the elements 39 19 A, 28 14 B, 16 8 C and 40 18 D identify : (c) a metalloid.",2020,1,Apply,Conceptual,Uses periodic classification from atomic number to identify the metalloid.,“identify ... a metalloid”,0.96
17,d,Chemistry,B,0.5,"From the elements 39 19 A, 28 14 B, 16 8 C and 40 18 D identify : (d) an element which will gain 2 electrons to attain nearest noble gas configuration.",2020,1,Apply,Conceptual,Applies valence-electron configuration to determine which element gains two electrons.,“gain 2 electrons ... noble gas configuration”,0.97
17,e,Chemistry,B,0.5,"From the elements 39 19 A, 28 14 B, 16 8 C and 40 18 D identify : (e) formula of compound formed between A and C.",2020,1,Apply,Conceptual,Applies ionic valencies of the specified elements to formulate their compound.,“formula of compound formed between A and C”,0.96
17,f,Chemistry,B,0.5,"From the elements 39 19 A, 28 14 B, 16 8 C and 40 18 D identify : (f) elements belonging to same period.",2020,1,Apply,Conceptual,Uses atomic numbers to determine electronic shells and identify a common period.,“elements belonging to same period”,0.96
18,a,Biology,B,1.0,(a) Construct a terrestrial food chain comprising four trophic levels.,2020,1,Apply,Conceptual,Arranges organisms using known trophic relationships into a four-level terrestrial food chain.,“food chain comprising four trophic levels”,0.95
18,b,Biology,B,1.0,(b) What will happen if we kill all the organisms in one trophic level?,2020,1,Apply,Conceptual,Predicts ecosystem consequences by applying trophic interdependence to a specified removal.,“if we kill all the organisms”,0.94
18,c,Biology,B,1.0,(c) Calculate the amount of energy available to the organisms at the fourth trophic level if the energy available to the organisms at the second trophic level is 2000 J.,2020,1,Apply,Procedural,Calculates fourth-level energy using the energy-transfer rule across trophic levels.,“Calculate ... fourth trophic level ... 2000 J”,0.98
18,OR (a),Biology,B,1.5,"(a) Complete the following table: [Oxygen: Formula (i), Benefits to biotic component (iii); Ozone: Formula (ii), Benefits to biotic component (iv)]",2020,1,Remember,Factual,Recalls standard formulae and fixed biological benefits of oxygen and ozone.,“Complete the following table”,0.91
18,OR (b),Biology,B,1.5,(b) How is ozone formed at the higher levels of atmosphere?,2020,1,Understand,Conceptual,Explains the atmospheric process by which ozone is formed.,“How is ozone formed”,0.94
19,—,Biology,B,3.0,"Complete the following flow chart as per the given instructions: Gastric Glands Present in the wall of Stomach -> Secretions -> a, b, c -> Function -> d, e, f",2020,1,Remember,Conceptual,Reproduces the standard gastric-gland secretion and function flow-chart relationships.,“Complete the following flow chart”,0.91
20,i,Biology,B,1.5,Explain giving an example how the following provide evidences in favour of evolution in organisms. (i) Homologous organs,2020,1,Understand,Conceptual,Explains how homologous organs support evolution using an illustrative example.,“Explain giving an example ... evidences”,0.96
20,ii,Biology,B,1.5,Explain giving an example how the following provide evidences in favour of evolution in organisms. (ii) Fossils,2020,1,Understand,Conceptual,Explains how fossils provide evidence for evolution using an example.,“Explain giving an example ... Fossils”,0.96
21,—,Biology,B,3.0,What are chromosomes? Explain how in sexually reproducing organisms the number of chromosomes in the progeny is maintained.,2020,1,Understand,Conceptual,Explains chromosome meaning and how meiosis and fertilisation maintain chromosome number.,“how ... number of chromosomes ... is maintained”,0.96
22,i,Physics,B,1.0,"What happens after refraction, when (i) a ray of light parallel to the principal axis passes through a concave lens?",2020,1,Remember,Conceptual,Recalls the standard ray rule for a parallel ray through a concave lens.,“parallel to the principal axis ... concave lens”,0.97
22,ii,Physics,B,1.0,"What happens after refraction, when (ii) a ray of light falls on a convex lens while passing through its principal focus ?",2020,1,Remember,Conceptual,Recalls the standard ray rule for a ray through the principal focus.,“convex lens ... principal focus”,0.97
22,iii,Physics,B,1.0,"What happens after refraction, when (iii) a ray of light passes through the optical centre of a convex lens ?",2020,1,Remember,Conceptual,Recalls the standard undeviated path through a convex lens optical centre.,“through the optical centre”,0.98
23,i,Physics,B,1.5,"Two coils of insulated copper wire are wound over a non-conducting cylinder as shown. Coil 1 has comparative large number of turns. State your observations, when (i) Key K is closed. Give reason for your observation.",2020,1,Apply,Conceptual,Predicts induced-current observation when closing the key using electromagnetic induction.,“when ... Key K is closed”,0.96
23,ii,Physics,B,1.5,"Two coils of insulated copper wire are wound over a non-conducting cylinder as shown. Coil 1 has comparative large number of turns. State your observations, when (ii) Key K is opened. Give reason for your observation.",2020,1,Apply,Conceptual,Predicts induced-current observation when opening the key using electromagnetic induction.,“when ... Key K is opened”,0.96
24,a,Physics,B,1.0,(a) List two causes of hypermetropia.,2020,1,Remember,Factual,Recalls two taught causes of hypermetropia.,“List two causes of hypermetropia”,0.98
24,b,Physics,B,2.0,(b) Draw ray diagrams showing (i) a hypermetropic eye and (ii) its correction using suitable optical device.,2020,1,Remember,Conceptual,Reproduces standard ray diagrams of hypermetropia and its optical correction.,“Draw ray diagrams ... correction”,0.95
24,OR (a),Physics,B,1.0,(a) State the relation between colour of scattered light and size of the scattering particle.,2020,1,Remember,Conceptual,Recalls the established relationship between scattered-light colour and particle size.,“relation between colour ... and size”,0.95
24,OR (b),Physics,B,1.0,"(b) The apparent position of an object, when seen through the hot air, fluctuates or wavers. State the basic cause of this observation.",2020,1,Understand,Conceptual,Explains wavering through changing refractive index in layers of hot air.,“State the basic cause”,0.95
24,OR (c),Physics,B,1.0,(c) Complete the path of white light when it passes through two identical prisms placed as shown: [Prism 1 inverted relative to Prism 2],2020,1,Apply,Conceptual,Applies prism dispersion and recombination behaviour to the specified prism arrangement.,“two identical prisms placed as shown”,0.93
25,a,Chemistry,C,3.0,(a) How is the method of extraction of metals high up in the reactivity series different from that for metals in the middle ? Why cannot the same process be applied for them? Name and explain the process of extraction of sodium.,2020,1,Analyze,Conceptual,Examines extraction-method differences by reactivity and explains sodium extraction constraints and process.,“different ... Why cannot ... Name and explain”,0.87
25,b,Chemistry,C,2.0,(b) Draw a labelled diagram of electrolytic refining of copper.,2020,1,Remember,Procedural,Reproduces the standard labelled apparatus for electrolytic refining of copper.,“Draw a labelled diagram”,0.95
25,OR (i),Chemistry,C,1.0,What happens when (Write the balanced equation involved) (i) Copper is heated in air?,2020,1,Apply,Procedural,Applies reaction rules to predict products and write a balanced equation.,“Copper is heated in air”,0.98
25,OR (ii),Chemistry,C,1.0,What happens when (Write the balanced equation involved) (ii) Aluminium oxide is reacted with hydrochloric acid ?,2020,1,Apply,Procedural,Applies reaction rules to predict products and write a balanced equation.,“Aluminium oxide ... reacted with hydrochloric acid”,0.98
25,OR (iii),Chemistry,C,1.0,What happens when (Write the balanced equation involved) (iii) Potassium reacts with water?,2020,1,Apply,Procedural,Applies reaction rules to predict products and write a balanced equation.,“Potassium reacts with water”,0.98
25,OR (iv),Chemistry,C,1.0,What happens when (Write the balanced equation involved) (iv) Cinnabar is heated in air?,2020,1,Apply,Procedural,Applies reaction rules to predict products and write a balanced equation.,“Cinnabar is heated in air”,0.97
25,OR (v),Chemistry,C,1.0,What happens when (Write the balanced equation involved) (v) Aluminium oxide reacts with sodium hydroxide ?,2020,1,Apply,Procedural,Applies reaction rules to predict products and write a balanced equation.,“Aluminium oxide reacts with sodium hydroxide”,0.98
26,a,Chemistry,C,2.0,(a) What is a homologous series? Explain with an example.,2020,1,Understand,Conceptual,Explains the homologous-series concept and illustrates it with an example.,“What is a homologous series? Explain”,0.96
26,b (i),Chemistry,C,1.5,(b) Define the following terms giving one example of each. (i) Esterification,2020,1,Remember,Conceptual,Recalls the definition and a standard example of esterification.,“Define ... giving one example”,0.96
26,b (ii),Chemistry,C,1.5,(b) Define the following terms giving one example of each. (ii) Addition reaction,2020,1,Remember,Conceptual,Recalls the definition and a standard example of an addition reaction.,“Define ... giving one example”,0.96
27,a,Biology,C,3.5,(a) Describe the structure and function of the basic filtering unit of kidney.,2020,1,Understand,Conceptual,Describes nephron structure and explains how its parts perform filtration functions.,“Describe the structure and function”,0.95
27,b,Biology,C,1.5,(b) List two factors on which reabsorption of water from urine depends?,2020,1,Remember,Factual,Recalls the taught factors affecting water reabsorption from urine.,“List two factors”,0.97
28,a,Biology,C,1.5,(a) List three different categories of contraception methods.,2020,1,Remember,Factual,Recalls the three taught categories of contraception methods.,“List three different categories”,0.98
28,b,Biology,C,1.5,(b) Why has Government of India prohibited prenatal sex determination by law? State its benefits in the long run.,2020,1,Understand,Conceptual,Explains the social rationale and long-term consequences of prohibiting prenatal sex determination.,“Why... prohibited” and “benefits in the long run”,0.9
28,c,Biology,C,2.0,(c) Unsafe sexual act can lead to various infections. Name two bacterial and two viral infections caused due to unsafe sex.,2020,1,Remember,Factual,Retrieves examples of bacterial and viral sexually transmitted infections.,“Name two bacterial and two viral infections”,0.99
28,OR (a),Biology,C,1.5,"(a) In the female reproductive system of human beings, state the functions of (i) ovary (ii) oviduct",2020,1,Remember,Factual,Retrieves the taught functions of the ovary and oviduct.,“state the functions of... ovary... oviduct”,0.98
28,OR (b),Biology,C,2.0,"(b) Mention the changes which the uterus undergoes, when (i) it has to receive a zygote. (ii) no fertilization takes place.",2020,1,Understand,Conceptual,Explains uterine changes in the contrasting conditions of fertilization and no fertilization.,“changes which the uterus undergoes”,0.91
28,OR (c),Biology,C,1.5,(c) State the function of placenta.,2020,1,Remember,Factual,Retrieves the specific biological function of the placenta.,“State the function of placenta”,0.98
29,a,Physics,C,2.5,(a) Find the ratio of resistances of two copper rods X and Y of lengths 30 cm and 10 cm respectively and having radii 2 cm and 1 cm respectively.,2020,1,Apply,Procedural,Uses the resistance-length-area relationship to calculate a resistance ratio.,“Find the ratio of resistances”,0.99
29,b,Physics,C,2.5,(b) A current of 500 mA flows in a series circuit containing an electric lamp and a conductor of 10 Ω when connected to 6 V battery. Find the resistance of the electric lamp.,2020,1,Apply,Procedural,Uses Ohm’s law in a specified series circuit to determine lamp resistance.,“Find the resistance of the electric lamp”,0.99
30,a,Physics,C,2.5,(a) A concave mirror of focal length 10 cm can produce a magnified real as well as virtual image of an object placed in front of it. Draw ray diagrams to justify this statement.,2020,1,Apply,Conceptual,Constructs ray diagrams for specified object positions to demonstrate real and virtual magnification.,“Draw ray diagrams to justify”,0.94
30,b,Physics,C,2.5,(b) An object is placed perpendicular to the principal axis of a convex mirror of focal length 10 cm. The distance of the object from the pole of the mirror is 10 cm. Find the position of the image formed.,2020,1,Apply,Procedural,Applies the mirror formula and sign convention to calculate image position.,“Find the position of the image”,0.99
30,OR (a),Physics,C,1.5,(a) Define the following terms: (i) Power of a lens (ii) Principal focus of a concave mirror,2020,1,Remember,Factual,Retrieves definitions of two standard optics terms.,“Define... Power of a lens... Principal focus”,0.99
30,OR (b),Physics,C,1.5,"(b) Write the relationship among the object distance (u), image distance (v) and the focal length (f) of a (i) Spherical lens (ii) Spherical mirror",2020,1,Remember,Procedural,Recalls the standard formula relationships for lenses and mirrors.,"“Write the relationship among... u, v... f”",0.98
30,OR (c),Physics,C,2.0,(c) An object is placed at a distance of 10 cm from optical centre of a convex lens of focal length 15 cm. Draw a labelled ray diagram to show the formation of image in this case.,2020,1,Apply,Conceptual,Uses lens-image formation rules to draw a diagram for the stated object position.,“Draw a labelled ray diagram... in this case”,0.96
1,—,Chemistry,A,1.0,How are covalent bonds formed?,2020,2,Understand,Conceptual,Explains the electron-sharing process by which covalent bonds form.,“How are covalent bonds formed?”,0.98
2,—,Chemistry,A,1.0,Define electropositivity.,2020,2,Remember,Factual,Retrieves the definition of electropositivity.,“Define electropositivity”,0.99
2,OR,Chemistry,A,1.0,"The atomic radii of first group elements are given below: Na (86 pm), K (231 pm), Rb (244 pm), Cs (282 pm). State the reason behind the observed trend in the above elements.",2020,2,Analyze,Conceptual,Examines the pattern in atomic radii and relates it to group structure.,“State the reason behind the observed trend”,0.95
3,a,Physics,A,1.0,"The Tehri dam is the highest dam in India and one of the highest in the World. The Tehri dam withholds a reservoir of capacity 4.0 km^3 and surface area 52 km^2. It is used for irrigation, municipal water supply and the generation of 1000 MW of hydro electricity. The Tehri Dam has been the object of protests. Environment activist Shri Sunder Lal Bahuguna led the ""Anti Tehri Dam Movement"" from 1980s to 2014. The protest was against the displacement of town inhabitants and environmental consequences of the weak ecosystem. The relocation of more than 1,00,000 people from the area has led to protracted legal battles over resettlement rights and ultimately resulted in the delayed completion of the project. (a) How is hydropower harnessed?",2020,2,Understand,Conceptual,Explains the energy-conversion process used to generate hydropower.,“How is hydropower harnessed?”,0.97
3,b,Physics,A,1.0,"The Tehri dam is the highest dam in India and one of the highest in the World. The Tehri dam withholds a reservoir of capacity 4.0 km^3 and surface area 52 km^2. It is used for irrigation, municipal water supply and the generation of 1000 MW of hydro electricity. The Tehri Dam has been the object of protests. Environment activist Shri Sunder Lal Bahuguna led the ""Anti Tehri Dam Movement"" from 1980s to 2014. The protest was against the displacement of town inhabitants and environmental consequences of the weak ecosystem. The relocation of more than 1,00,000 people from the area has led to protracted legal battles over resettlement rights and ultimately resulted in the delayed completion of the project. (b) Define 1 MW.",2020,2,Remember,Factual,Retrieves the meaning or numerical equivalence of the power unit megawatt.,“Define 1 MW”,0.98
3,c,Physics,A,1.0,"The Tehri dam is the highest dam in India and one of the highest in the World. The Tehri dam withholds a reservoir of capacity 4.0 km^3 and surface area 52 km^2. It is used for irrigation, municipal water supply and the generation of 1000 MW of hydro electricity. The Tehri Dam has been the object of protests. Environment activist Shri Sunder Lal Bahuguna led the ""Anti Tehri Dam Movement"" from 1980s to 2014. The protest was against the displacement of town inhabitants and environmental consequences of the weak ecosystem. The relocation of more than 1,00,000 people from the area has led to protracted legal battles over resettlement rights and ultimately resulted in the delayed completion of the project. (c) Mention two disadvantages of constructing Tehri Dam.",2020,2,Remember,Factual,Retrieves two stated disadvantages associated with constructing the dam.,“Mention two disadvantages of constructing Tehri Dam”,0.9
3,d,Physics,A,1.0,"The Tehri dam is the highest dam in India and one of the highest in the World. The Tehri dam withholds a reservoir of capacity 4.0 km^3 and surface area 52 km^2. It is used for irrigation, municipal water supply and the generation of 1000 MW of hydro electricity. The Tehri Dam has been the object of protests. Environment activist Shri Sunder Lal Bahuguna led the ""Anti Tehri Dam Movement"" from 1980s to 2014. The protest was against the displacement of town inhabitants and environmental consequences of the weak ecosystem. The relocation of more than 1,00,000 people from the area has led to protracted legal battles over resettlement rights and ultimately resulted in the delayed completion of the project. (d) What happens when water from great heights is made to fall on blades of turbine?",2020,2,Apply,Conceptual,Applies the hydropower energy-conversion principle to falling water striking turbine blades.,“water from great heights... fall on blades”,0.96
4,a,Biology,A,1.0,"Questions numbers 4(a) to 4(d) are based on table given below. Study the table in which the levels of Thyroid Stimulating Hormone (TSH) in women are given and answer the questions that follow on the basis of understanding of the following paragraph and the related studied concepts. [Table: 18-29 years: Normal 0.4-2.34 mU/L, Low <0.4 mU/L; 30-49 years: Normal 0.4-4.0 mU/L, Low <0.4 mU/L; 50-79 years: Normal 0.46-4.68 mU/L, Low <0.46 mU/L] Women are at greater risk for developing abnormal TSH levels during menstruation, while giving birth and after going through menopause. Around 5% of women in the United States have some kind of thyroid problem compared to 3% of men. Despite claims that high TSH increases your risk for heart disease, a 2013 study found no link between high TSH and heart diseases. But a 2017 study showed that older women are especially at risk for developing thyroid cancer if they have high TSH levels along with thyroid nodules. (a) A 35 year old woman has TSH level 6.03 mU/L. What change should she bring in her diet to control this level?",2020,2,Apply,Conceptual,Uses the woman’s age and TSH value to determine an appropriate dietary modification.,“35 year old... TSH level 6.03”,0.84
4,b,Biology,A,1.0,"Questions numbers 4(a) to 4(d) are based on table given below. Study the table in which the levels of Thyroid Stimulating Hormone (TSH) in women are given and answer the questions that follow on the basis of understanding of the following paragraph and the related studied concepts. [Table: 18-29 years: Normal 0.4-2.34 mU/L, Low <0.4 mU/L; 30-49 years: Normal 0.4-4.0 mU/L, Low <0.4 mU/L; 50-79 years: Normal 0.46-4.68 mU/L, Low <0.46 mU/L] Women are at greater risk for developing abnormal TSH levels during menstruation, while giving birth and after going through menopause. Around 5% of women in the United States have some kind of thyroid problem compared to 3% of men. Despite claims that high TSH increases your risk for heart disease, a 2013 study found no link between high TSH and heart diseases. But a 2017 study showed that older women are especially at risk for developing thyroid cancer if they have high TSH levels along with thyroid nodules. (b) When do women face a greater risk of abnormal TSH level?",2020,2,Remember,Factual,Retrieves conditions explicitly stated as increasing women’s abnormal TSH risk.,“When do women face a greater risk”,0.99
4,c,Biology,A,1.0,"Questions numbers 4(a) to 4(d) are based on table given below. Study the table in which the levels of Thyroid Stimulating Hormone (TSH) in women are given and answer the questions that follow on the basis of understanding of the following paragraph and the related studied concepts. [Table: 18-29 years: Normal 0.4-2.34 mU/L, Low <0.4 mU/L; 30-49 years: Normal 0.4-4.0 mU/L, Low <0.4 mU/L; 50-79 years: Normal 0.46-4.68 mU/L, Low <0.46 mU/L] Women are at greater risk for developing abnormal TSH levels during menstruation, while giving birth and after going through menopause. Around 5% of women in the United States have some kind of thyroid problem compared to 3% of men. Despite claims that high TSH increases your risk for heart disease, a 2013 study found no link between high TSH and heart diseases. But a 2017 study showed that older women are especially at risk for developing thyroid cancer if they have high TSH levels along with thyroid nodules. (c) State the consequence of low TSH level.",2020,2,Understand,Conceptual,Explains the physiological consequence associated with low TSH levels.,“State the consequence of low TSH level”,0.82
4,d,Biology,A,1.0,"Questions numbers 4(a) to 4(d) are based on table given below. Study the table in which the levels of Thyroid Stimulating Hormone (TSH) in women are given and answer the questions that follow on the basis of understanding of the following paragraph and the related studied concepts. [Table: 18-29 years: Normal 0.4-2.34 mU/L, Low <0.4 mU/L; 30-49 years: Normal 0.4-4.0 mU/L, Low <0.4 mU/L; 50-79 years: Normal 0.46-4.68 mU/L, Low <0.46 mU/L] Women are at greater risk for developing abnormal TSH levels during menstruation, while giving birth and after going through menopause. Around 5% of women in the United States have some kind of thyroid problem compared to 3% of men. Despite claims that high TSH increases your risk for heart disease, a 2013 study found no link between high TSH and heart diseases. But a 2017 study showed that older women are especially at risk for developing thyroid cancer if they have high TSH levels along with thyroid nodules. (d) Name the mineral that is responsible for synthesis of hormone secreted by thyroid gland.",2020,2,Remember,Factual,Retrieves the mineral required for thyroid hormone synthesis.,“Name the mineral... synthesis of hormone”,0.99
5,—,Physics,A,1.0,The sky appears dark to passengers flying at very high altitudes mainly because: (a) Scattering of light is not enough at such heights. (b) There is no atmosphere at great heights. (c) The size of molecules is smaller than the wavelength of visible light. (d) The light gets scattered towards the earth.,2020,2,Apply,Conceptual,Applies the principle of atmospheric scattering to explain darkness at high altitude.,“sky appears dark... very high altitudes”,0.95
6,—,Physics,A,1.0,A cylindrical conductor of length 'l' and uniform area of cross section 'A' has resistance 'R'. The area of cross section of another conductor of same material and same resistance but of length '2l' is (a) A/2 (b) 3A/2 (c) 2A (d) 3A,2020,2,Apply,Procedural,Uses the resistance formula to determine cross-sectional area under changed length.,“same material and same resistance... length 2l”,0.99
7,—,Physics,A,1.0,The maximum resistance which can be made using four resistors each of resistance 1/2 Ω is (a) 2 Ω (b) 1 Ω (c) 2.5 Ω (d) 8 Ω,2020,2,Apply,Procedural,Applies series-resistance combination rules to find the maximum possible resistance.,“maximum resistance... four resistors”,0.99
8,—,Biology,A,1.0,"A diagram of traditional water harvesting system is given below. The statement which defines the system and its parts is (a) This is an ideal setting of the Khadin system and A = Catchment area; B = Saline area & C = Shallow dugwell (b) This is an ideal setting of the Shallow dugwell system and A = Catchment area; B = Saline area and C = Khadin (c) This is an ideal setting of Catchement area and A = Khadin, B = Saline area and C = Shallow dugwell (d) This is showing Saline area and A = Catchment area; B = Khadin and C = Shallow dugwell",2020,2,Remember,Factual,Identifies a standard water-harvesting system and its labelled components from a diagram.,“diagram... system and its parts”,0.68
8,OR,Biology,A,1.0,The major ill effect of mono culture practice in forests is on the (a) biodiversity which faces large destruction (b) local people whose basic needs can no longer be met from such forests (c) industries (d) forest department,2020,2,Understand,Conceptual,Explains the major ecological effect of monoculture on forest biodiversity.,“major ill effect of mono culture”,0.94
9,—,Chemistry,A,1.0,Several factories were pouring their wastes in rivers A and B. Water samples were collected from these two rivers. It was observed that sample collected from river A was acidic while that of river B was basic. The factories located near A and B are (a) Soaps and detergents factories near A and alcohol distillery near B. (b) Soaps and detergents factories near B and alcohol distillery near A. (c) Lead storage battery manufacturing factories near A and soaps and detergents factories near B. (d) Lead storage battery manufacturing factories near B and soaps and detergents factories near A.,2020,2,Analyze,Conceptual,Matches acidic and basic river samples with factory wastes using multiple chemical relationships.,“river A was acidic... river B was basic”,0.94
10,—,Chemistry,A,1.0,"In which of the following, the identity of initial substance remains unchanged? (a) Curdling of milk (b) Formation of crystals by process of crystallisation (c) Fermentation of grapes (d) Digestion of food",2020,2,Understand,Conceptual,Classifies changes by whether the original substance retains its identity.,“identity of initial substance remains unchanged”,0.95
11,—,Chemistry,A,1.0,"An aqueous solution 'A' turns phenolphthalein solution pink. On addition of an aqueous solution 'B' to 'A', the pink colour disappears. The following statement is true for solution 'A' and 'B'. (a) A is strongly basic and B is a weak base. (b) A is strongly acidic and B is a weak acid. (c) A has pH less than 7 and B has pH greater than 7. (d) A has pH greater than 7 and B has pH less than 7.",2020,2,Apply,Conceptual,Uses indicator behavior and acid-base properties to infer the pH relationship of both solutions.,“phenolphthalein... pink colour disappears”,0.97
12,—,Chemistry,A,1.0,An element 'X' is forming an acidic oxide. Its position in modern periodic table will be (a) Group 1 and Period 3 (b) Group 2 and Period 3 (c) Group 13 and Period 3 (d) Group 16 and Period 3,2020,2,Apply,Conceptual,Applies periodic trends linking acidic oxides to an element’s periodic-table position.,“forming an acidic oxide... position”,0.94
12,OR,Chemistry,A,1.0,"Consider the following statements about an element 'X' with number of protons 13. (A) It forms amphoteric oxide (B) Its valency is three (C) The formula of its chloride is XCl3. The correct statement(s) is/are (a) only (A) (b) only (B) (c) (A) and (C) (d) (A), (B) and (C)",2020,2,Analyze,Conceptual,Checks several claims about the element identified by its proton number.,"“correct statement(s)” and statements A, B, C",0.98
13,—,Chemistry,A,1.0,"Assertion (A): Following are the members of a homologous series : CH3OH, CH3CH2OH, CH3CH2CH2OH. Reason (R): A series of compounds with same functional group but differing by -CH2- unit is called a homologous series.",2020,2,Analyze,Conceptual,Examines whether the assertion and reason correctly describe a homologous series.,“Assertion... Reason”,0.98
14,—,Physics,A,1.0,Assertion (A): Alloys are commonly used in electrical heating devices like electric iron and heater. Reason (R): Resistivity of an alloy is generally higher than that of its constituent metals but the alloys have low melting points then their constituent metals.,2020,2,Analyze,Conceptual,Examines the assertion and reason against alloy properties and heating-device use.,“Assertion... Reason”,0.97
15,i,Chemistry,B,1.0,Mention with reason the colour changes observed when : (i) silver chloride is exposed to sunlight.,2020,2,Apply,Conceptual,Applies photochemical decomposition knowledge to explain silver chloride’s observed colour change.,“silver chloride is exposed to sunlight”,0.97
15,ii,Chemistry,B,1.0,Mention with reason the colour changes observed when : (ii) copper powder is strongly heated in the presence of oxygen.,2020,2,Apply,Conceptual,Applies oxidation knowledge to explain the colour change of heated copper powder.,“copper powder... heated... oxygen”,0.98
15,iii,Chemistry,B,1.0,Mention with reason the colour changes observed when : (iii) a piece of zinc is dropped in copper sulphate solution.,2020,2,Apply,Conceptual,Applies displacement-reaction knowledge to explain colour changes in copper sulphate solution.,“zinc... dropped in copper sulphate solution”,0.98
16,i,Chemistry,B,1.0,Complete and balance the following chemical equations: (i) NaOH(aq) + Zn(s) ->,2020,2,Apply,Procedural,Completes and balances a chemical equation using reaction and balancing rules.,“Complete and balance... NaOH + Zn”,0.99
16,ii,Chemistry,B,1.0,Complete and balance the following chemical equations: (ii) CaCO3(s) + H2O(l) + CO2(g) ->,2020,2,Apply,Procedural,Completes and balances a chemical equation using reaction and balancing rules.,“Complete and balance... CaCO3 + H2O + CO2”,0.99
16,iii,Chemistry,B,1.0,Complete and balance the following chemical equations: (iii) HCl(aq) + H2O(l) ->,2020,2,Apply,Procedural,Uses balancing rules to complete a specific chemical equation.,“Complete and balance” HCl and water equation.,0.98
16,OR (i),Chemistry,B,1.0,"During electrolysis of brine, a gas 'G' is liberated at anode. When this gas 'G' is passed through slaked lime, a compound 'C' is formed, which is used for disinfecting drinking water. (i) Write formula of 'G' and 'C'.",2020,2,Apply,Conceptual,Applies electrolysis and chlorine-slaked-lime reactions to identify products.,Gas at anode passed through slaked lime.,0.96
16,OR (ii),Chemistry,B,1.0,"During electrolysis of brine, a gas 'G' is liberated at anode. When this gas 'G' is passed through slaked lime, a compound 'C' is formed, which is used for disinfecting drinking water. (ii) State the chemical equation involved.",2020,2,Apply,Procedural,Writes the reaction equation for the specified reactants and product.,“State the chemical equation involved.”,0.98
16,OR (iii),Chemistry,B,1.0,"During electrolysis of brine, a gas 'G' is liberated at anode. When this gas 'G' is passed through slaked lime, a compound 'C' is formed, which is used for disinfecting drinking water. (iii) What is common name of compound 'C'? Give its chemical name.",2020,2,Remember,Factual,Retrieves the common and chemical names of the identified compound.,“common name... Give its chemical name.”,0.96
17,i,Chemistry,B,1.0,"Study the data of the following three categories A, B and C. [Category A: Li (7), Na (23), K (39); Category B: N (14), P (31), As (74); Category C: B (10.8), Al (27), Ga (69.7)] (i) From the given three categories A, B and C, pick the one which forms Dobereiner's Triads.",2020,2,Analyze,Conceptual,Examines atomic-mass relationships across categories to identify a triad.,“pick the one which forms Dobereiner's Triads.”,0.94
17,ii,Chemistry,B,1.0,"Study the data of the following three categories A, B and C. [Category A: Li (7), Na (23), K (39); Category B: N (14), P (31), As (74); Category C: B (10.8), Al (27), Ga (69.7)] (ii) Why did Mendeleev placed elements of category A, B and C in three different groups?",2020,2,Understand,Conceptual,Explains Mendeleev's grouping using relationships among element properties.,“Why did Mendeleev placed elements... different groups?”,0.9
17,iii,Chemistry,B,1.0,"Study the data of the following three categories A, B and C. [Category A: Li (7), Na (23), K (39); Category B: N (14), P (31), As (74); Category C: B (10.8), Al (27), Ga (69.7)] (iii) Is Newland law of octaves applicable to all the three categories ? Give reason to justify your answer.",2020,2,Analyze,Conceptual,Examines category relationships against the law of octaves and supports the conclusion.,“applicable to all... Give reason.”,0.88
18,a,Biology,B,1.0,"From the following group of organisms (Hawk, Rat, Cereal plant, Goat, Snake, Human Being): (a) create a food chain which is the most advantageous for Human beings in terms of energy.",2020,2,Apply,Conceptual,Uses trophic relationships to arrange organisms into an energy-efficient food chain.,“food chain... advantageous... in terms of energy.”,0.97
18,b,Biology,B,1.0,"From the following group of organisms (Hawk, Rat, Cereal plant, Goat, Snake, Human Being): (b) State the possible disadvantage if the cereal plant is growing in soil rich in pesticides.",2020,2,Apply,Conceptual,Predicts pesticide effects in a specified food-chain situation.,“disadvantage if the cereal plant... rich in pesticides.”,0.96
18,c,Biology,B,1.0,"From the following group of organisms (Hawk, Rat, Cereal plant, Goat, Snake, Human Being): (c) Construct a food web using the organisms mentioned above.",2020,2,Apply,Conceptual,Uses feeding relationships to construct a food web from given organisms.,“Construct a food web using the organisms mentioned.”,0.94
18,OR (a),Biology,B,1.5,(a) Write two harmful effects of using plastic bags on the environment. Suggest alternatives to the usage of plastic bags.,2020,2,Remember,Factual,Retrieves known environmental harms and familiar alternatives to plastic bags.,“Write two harmful effects... Suggest alternatives.”,0.86
18,OR (b),Biology,B,1.5,(b) List any two practices that can be followed to dispose off the waste produced in our homes.,2020,2,Remember,Factual,Lists known household waste-disposal practices.,“List any two practices... dispose... waste.”,0.98
19,a (i),Biology,B,1.0,State the role played by the following in the process of digestion: (i) Enzyme trypsin,2020,2,Remember,Factual,Retrieves the known digestive role of trypsin.,“role... Enzyme trypsin.”,0.99
19,a (ii),Biology,B,1.0,State the role played by the following in the process of digestion: (ii) Enzyme lipase,2020,2,Remember,Factual,Retrieves the known digestive role of lipase.,“role... Enzyme lipase.”,0.99
19,b,Biology,B,1.0,(b) List two functions of finger like projections present in the small intestine.,2020,2,Remember,Factual,Retrieves known functions of intestinal villi.,“List two functions of finger like projections.”,0.98
20,a,Biology,B,2.0,(a) Classify the following as homologous or analogous pairs: (i) Broccoli and Cabbage (ii) Ginger and Raddish (iii) Fore limbs of birds and lizard (iv) Wings of a bat and Wings of a bird,2020,2,Understand,Conceptual,Classifies unfamiliar organ pairs using homologous and analogous-organ concepts.,“Classify... as homologous or analogous pairs.”,0.97
20,b,Biology,B,1.0,(b) State the main feature that categorises a given pair of organs as homologous or analogous.,2020,2,Remember,Conceptual,States the defining feature distinguishing homologous from analogous organs.,“State the main feature that categorises.”,0.95
21,a (i),Biology,B,1.0,A green stemmed rose plant denoted by GG and a brown stemmed rose plant denoted by gg are allowed to undergo a cross with each other. (a) List your observations regarding (i) Colour of stem in their F1 progeny,2020,2,Apply,Conceptual,Predicts F1 phenotype by applying dominance to the specified genetic cross.,“GG and gg... Colour of stem in F1.”,0.98
21,a (ii),Biology,B,1.0,A green stemmed rose plant denoted by GG and a brown stemmed rose plant denoted by gg are allowed to undergo a cross with each other. (a) List your observations regarding (ii) Percentage of brown stemmed plants in F2 progeny if F1 plants are self pollinated.,2020,2,Apply,Conceptual,Calculates the F2 brown-stem percentage from self-pollinated F1 plants.,“Percentage... in F2... F1 plants self pollinated.”,0.98
21,a (iii),Biology,B,0.5,A green stemmed rose plant denoted by GG and a brown stemmed rose plant denoted by gg are allowed to undergo a cross with each other. (a) List your observations regarding (iii) Ratio of GG and Gg in the F2 progeny.,2020,2,Apply,Conceptual,Determines the F2 genotype ratio using inheritance principles.,“Ratio of GG and Gg in the F2.”,0.98
21,b,Biology,B,0.5,"A green stemmed rose plant denoted by GG and a brown stemmed rose plant denoted by gg are allowed to undergo a cross with each other. (b) Based on the findings of this cross, what conclusion can be drawn?",2020,2,Understand,Conceptual,Interprets cross outcomes to state the underlying inheritance conclusion.,“Based on the findings... what conclusion.”,0.91
22,i,Physics,B,1.0,"The diagram shows an object O and its image I formed by a lens. Without actually drawing the ray diagram, state the following: (i) Type of lens (Converging / Diverging)",2020,2,Apply,Conceptual,Uses the depicted object-image relationship to determine lens type.,“diagram shows an object O and its image I.”,0.68
22,ii,Physics,B,1.0,"The diagram shows an object O and its image I formed by a lens. Without actually drawing the ray diagram, state the following: (ii) Name two optical instruments where such an image is obtained.",2020,2,Apply,Conceptual,Uses the depicted image type to connect it with suitable optical instruments.,“instruments where such an image is obtained.”,0.63
22,iii,Physics,B,1.0,"The diagram shows an object O and its image I formed by a lens. Without actually drawing the ray diagram, state the following: (iii) List three characteristics of the image formed if this lens is replaced by a concave mirror of focal length 'f' and an object is placed at a distance 'f/2' in front of the mirror.",2020,2,Apply,Conceptual,Predicts image characteristics for the specified concave-mirror object position.,“object... distance f/2 in front of the mirror.”,0.98
23,i,Physics,B,1.0,Give reasons for the following: (i) There is either a convergence or a divergence of magnetic field lines near the ends of a current carrying straight solenoid.,2020,2,Understand,Conceptual,Explains field-line convergence or divergence through solenoid pole behavior.,“Give reasons... near the ends... solenoid.”,0.95
23,ii,Physics,B,1.0,Give reasons for the following: (ii) The current carrying solenoid when suspended freely rests along a particular direction.,2020,2,Understand,Conceptual,Explains free alignment of a solenoid using its magnetic behavior.,“solenoid when suspended freely rests... direction.”,0.96
23,iii,Physics,B,1.0,Give reasons for the following: (iii) The burnt out fuse should be replaced by another fuse of identical rating.,2020,2,Understand,Conceptual,Explains why identical fuse rating is necessary for circuit protection.,“replaced by another fuse of identical rating.”,0.97
24,a,Physics,B,1.5,(a) With the help of labelled ray diagram show the path followed by a narrow beam of monochromatic light when it passes through a glass prism.,2020,2,Remember,Conceptual,Reproduces the standard labelled ray-path representation for prism refraction.,“labelled ray diagram... monochromatic light... glass prism.”,0.96
24,b,Physics,B,1.5,(b) What would happen if this beam is replaced by a narrow beam of white light?,2020,2,Apply,Conceptual,Predicts the effect of substituting white light in the prism situation.,“if this beam is replaced... white light?”,0.98
24,OR (a) (i),Physics,B,1.0,A person is suffering from both myopia and hypermetropia. (i) What kind of lenses can correct this defect?,2020,2,Remember,Factual,Retrieves the lens type used to correct combined myopia and hypermetropia.,“What kind of lenses can correct this defect?”,0.98
24,OR (a) (ii),Physics,B,1.0,A person is suffering from both myopia and hypermetropia. (ii) How are these lenses prepared?,2020,2,Remember,Procedural,Recalls how the corrective lenses are combined or prepared.,“How are these lenses prepared?”,0.96
24,OR (b),Physics,B,1.0,(b) A person needs a lens of power +3D for correcting his near vision and -3D for correcting his distant vision. Calculate the focal lengths of the lenses required to correct these defects.,2020,2,Apply,Procedural,Uses the power-focal-length relation to calculate required focal lengths.,“Calculate the focal lengths” from powers +3D and -3D.,0.99
25,i,Chemistry,C,1.0,Write balanced chemical equation to explain what happens when : (i) Mercuric oxide is heated.,2020,2,Apply,Procedural,Uses reaction and balancing rules for heated mercuric oxide.,“Write balanced chemical equation... Mercuric oxide is heated.”,0.99
25,ii,Chemistry,C,1.0,Write balanced chemical equation to explain what happens when : (ii) mixture of cuprous oxide and cuprous sulphide is heated.,2020,2,Apply,Procedural,Uses reaction and balancing rules for heated copper oxide-sulphide mixture.,“Write balanced chemical equation... mixture... is heated.”,0.99
25,iii,Chemistry,C,1.0,Write balanced chemical equation to explain what happens when : (iii) Aluminium is reacted with manganese dioxide.,2020,2,Apply,Procedural,Uses reaction and balancing rules for aluminium and manganese dioxide.,“Aluminium is reacted with manganese dioxide.”,0.99
25,iv,Chemistry,C,1.0,Write balanced chemical equation to explain what happens when : (iv) Ferric oxide is reduced with aluminium.,2020,2,Apply,Procedural,Uses reaction and balancing rules for thermite reduction of ferric oxide.,“Ferric oxide is reduced with aluminium.”,0.99
25,v,Chemistry,C,1.0,Write balanced chemical equation to explain what happens when : (v) Zinc carbonate undergoes calcination.,2020,2,Apply,Procedural,Uses decomposition and balancing rules for zinc carbonate calcination.,“Zinc carbonate undergoes calcination.”,0.99
25,OR (i),Chemistry,C,2.0,"(i) By the transfer of electrons, illustrate the formation of bond in magnesium chloride and identify the ions present in this compound.",2020,2,Apply,Conceptual,Applies electron-transfer principles to represent magnesium chloride ionic bonding.,“transfer of electrons... formation of bond... identify ions.”,0.98
25,OR (ii),Chemistry,C,1.5,(ii) Ionic compounds are solids. Give reasons.,2020,2,Understand,Conceptual,Explains solid state through electrostatic attraction in ionic lattices.,“Ionic compounds are solids. Give reasons.”,0.98
25,OR (iii),Chemistry,C,1.5,(iii) With the help of a labelled diagram show the experimental set up of action of steam on a metal.,2020,2,Remember,Procedural,Reproduces the standard labelled apparatus for steam reacting with a metal.,“labelled diagram... experimental set up... steam on a metal.”,0.95
26,a,Chemistry,C,2.0,(a) Compare soaps and detergents on the basis of their composition and cleansing action in hard water.,2020,2,Understand,Conceptual,Requires comparing composition and hard-water cleansing behavior using chemical relationships.,“Compare soaps and detergents”,0.98
26,b,Chemistry,C,1.5,(b) What happens when ethanol is treated with sodium metal? State the behaviour of ethanol in this reaction.,2020,2,Apply,Conceptual,Applies ethanol’s known reaction with sodium to the specified reactant situation.,“ethanol is treated with sodium metal”,0.94
26,c,Chemistry,C,1.0,(c) Draw the structure of cyclohexane.,2020,2,Remember,Factual,Requires reproducing the standard structural representation of cyclohexane.,“Draw the structure of cyclohexane”,0.98
26,d,Chemistry,C,0.5,(d) Name the compound: CH3-CH2-OH.,2020,2,Remember,Factual,Requires recalling the name corresponding to a familiar chemical formula.,“Name the compound: CH3-CH2-OH”,0.99
27,a,Biology,C,3.0,(a) Write the correct sequence of steps followed during journey of oxygen rich blood from lungs to various organs of human body.,2020,2,Remember,Conceptual,Requires reproducing the learned sequence of oxygenated blood circulation.,“correct sequence of steps”,0.96
27,b,Biology,C,2.0,(b) What happens when the system of blood vessels develop a leak?,2020,2,Understand,Conceptual,Requires explaining the consequence of leakage in blood vessels.,“What happens when... vessels develop a leak?”,0.91
28,a,Biology,C,2.5,(a) Draw a diagram showing germination of pollen on stigma of a flower and mark on it: (i) Pollen Grain (ii) Pollen tube (iii) Stigma (iv) Female germ cell.,2020,2,Remember,Conceptual,Requires reproducing a standard taught pollen-germination diagram with labels.,“Draw a diagram... and mark”,0.96
28,b,Biology,C,1.0,(b) State the significance of pollen tube.,2020,2,Understand,Conceptual,Requires explaining the functional significance of the pollen tube.,“significance of pollen tube”,0.97
28,c,Biology,C,1.5,(c) Name the parts of flower that develop after fertilization into (i) Seed (ii) Fruit.,2020,2,Remember,Factual,Requires recalling flower parts that form seed and fruit after fertilisation.,“Name the parts of flower”,0.98
28,OR (a),Biology,C,1.5,(a) How do oral contraceptives help in avoiding pregnancies?,2020,2,Understand,Conceptual,Requires explaining how oral contraceptives prevent pregnancy.,“How do oral contraceptives help”,0.97
28,OR (b),Biology,C,1.5,"(b) ""Use of a condom is beneficial for both the sexes involved in a sexual act."" Justify this statement giving two reasons.",2020,2,Evaluate,Conceptual,Requires defending the stated benefit of condoms using two relevant reasons.,“Justify this statement giving two reasons”,0.91
28,OR (c),Biology,C,2.0,(c) What is sex selective abortion? How does it affect a healthy society? (State any one consequence),2020,2,Understand,Conceptual,Requires explaining sex-selective abortion and one societal consequence.,“How does it affect a healthy society?”,0.94
29,a,Physics,C,1.5,"(a) For the combination of resistors shown in the figure, find the equivalent resistance between M & N.",2020,2,Apply,Procedural,Requires using resistance-combination rules to calculate equivalent resistance from a figure.,“find the equivalent resistance”,0.88
29,b,Physics,C,1.5,(b) Why is it impracticable to connect an electric bulb and an electric heater in series?,2020,2,Understand,Conceptual,Requires explaining why series connection is unsuitable for unlike appliances.,“Why is it impracticable... in series?”,0.93
29,c,Physics,C,1.0,(c) State Joule's law of heating.,2020,2,Remember,Conceptual,"Requires stating the learned law relating heat, current, resistance, and time.",“State Joule's law of heating”,0.98
29,d,Physics,C,1.0,(d) Why do we need a 5 A fuse for an electric iron which consumes 1 kW power at 220 V?,2020,2,Apply,Procedural,Requires applying power-current and fuse-rating relationships to the specified iron.,“1 kW power at 220 V”,0.96
30,a,Physics,C,3.5,"(a) A security mirror used in a big showroom has radius of curvature 5 m. If a customer is standing at a distance of 20 m from the cash counter, find the position, nature and size of the image formed in the security mirror.",2020,2,Apply,Procedural,Requires applying mirror formulae and magnification to determine image characteristics.,"“find the position, nature and size”",0.98
30,b,Physics,C,1.5,(b) Neha visited a dentist in his clinic. She observed that the dentist was holding an instrument fitted with a mirror. State the nature of this mirror and reason for its use in the instrument used by dentist.,2020,2,Understand,Conceptual,Requires identifying the mirror and explaining its purpose in dental examination.,“nature of this mirror and reason”,0.95
30,OR (i),Physics,C,1.0,Rishi went to a palmist to show his palm. The palmist used a special lens for this purpose. (i) State the nature of the lens and reason for its use.,2020,2,Understand,Conceptual,Requires identifying the lens and explaining why it is used for viewing a palm.,“nature of the lens and reason”,0.95
30,OR (ii),Physics,C,1.5,Rishi went to a palmist to show his palm. The palmist used a special lens for this purpose. (ii) Where should the palmist place/hold the lens so as to have a real and magnified image of an object?,2020,2,Apply,Conceptual,Requires applying lens image-formation conditions to determine object placement.,“Where should... place/hold the lens”,0.91
30,OR (iii),Physics,C,2.5,"Rishi went to a palmist to show his palm. The palmist used a special lens for this purpose. (iii) If the focal length of this lens is 10 cm and the lens is held at a distance of 5 cm from the palm, use lens formula to find the position and size of the image.",2020,2,Apply,Procedural,Requires using the lens formula and magnification calculation with given values.,“use lens formula to find”,0.98
1,—,Chemistry,A,1.0,Write the number of valence electrons present in a nitrogen atom 14 7 N.,2020,3,Remember,Factual,Requires recalling nitrogen’s number of valence electrons.,“number of valence electrons... nitrogen”,0.96
2,—,Physics,A,1.0,Define the term induced electric current.,2020,3,Remember,Factual,Requires recalling the standard definition of induced electric current.,“Define the term induced electric current”,0.98
3,a,Chemistry,A,1.0,"Around the year 1800, only 30 elements were known. Dobereiner in 1817 and Newlands in 1866 tried to arrange the then known elements and framed laws which were rejected by the scientists. Even after the rejection of the proposed laws, many scientists continued to search for a pattern that correlated the properties of elements with their atomic masses. The main credit for classifying elements goes to Mendeleev for his most important contribution to the early development of a Periodic table of elements wherein he arranged the elements on the basis of their fundamental property, the atomic mass and also on the similarity of chemical properties. The formulae of their hydrides and oxides were treated as basic criteria for the classification of the elements. However, Mendeleev's classification also had some limitations as it could not assign the position to isotopes. He also left some gaps in the periodic table. (a) State Mendeleev's Periodic Law.",2020,3,Remember,Conceptual,Requires stating the learned relationship expressed by Mendeleev's Periodic Law.,“State Mendeleev's Periodic Law”,0.98
3,b,Chemistry,A,1.0,"Around the year 1800, only 30 elements were known. Dobereiner in 1817 and Newlands in 1866 tried to arrange the then known elements and framed laws which were rejected by the scientists. Even after the rejection of the proposed laws, many scientists continued to search for a pattern that correlated the properties of elements with their atomic masses. The main credit for classifying elements goes to Mendeleev for his most important contribution to the early development of a Periodic table of elements wherein he arranged the elements on the basis of their fundamental property, the atomic mass and also on the similarity of chemical properties. The formulae of their hydrides and oxides were treated as basic criteria for the classification of the elements. However, Mendeleev's classification also had some limitations as it could not assign the position to isotopes. He also left some gaps in the periodic table. (b) Why did Mendeleev leave some gaps in the Periodic table?",2020,3,Understand,Conceptual,Requires explaining why gaps were retained within Mendeleev's classification system.,“Why did Mendeleev leave some gaps”,0.95
3,c,Chemistry,A,1.0,"Around the year 1800, only 30 elements were known. Dobereiner in 1817 and Newlands in 1866 tried to arrange the then known elements and framed laws which were rejected by the scientists. Even after the rejection of the proposed laws, many scientists continued to search for a pattern that correlated the properties of elements with their atomic masses. The main credit for classifying elements goes to Mendeleev for his most important contribution to the early development of a Periodic table of elements wherein he arranged the elements on the basis of their fundamental property, the atomic mass and also on the similarity of chemical properties. The formulae of their hydrides and oxides were treated as basic criteria for the classification of the elements. However, Mendeleev's classification also had some limitations as it could not assign the position to isotopes. He also left some gaps in the periodic table. (c) If the letter 'R' was used to represent any of the elements in the group, then the hydride and oxide of carbon would respectively be represented as (i) RH4, RO (ii) RH4, RO2 (iii) RH2, RO2 (iv) RH2, RO",2020,3,Remember,Factual,Requires recalling the standard hydride and oxide formulae of carbon.,“hydride and oxide of carbon”,0.94
3,d,Chemistry,A,1.0,"Around the year 1800, only 30 elements were known. Dobereiner in 1817 and Newlands in 1866 tried to arrange the then known elements and framed laws which were rejected by the scientists. Even after the rejection of the proposed laws, many scientists continued to search for a pattern that correlated the properties of elements with their atomic masses. The main credit for classifying elements goes to Mendeleev for his most important contribution to the early development of a Periodic table of elements wherein he arranged the elements on the basis of their fundamental property, the atomic mass and also on the similarity of chemical properties. The formulae of their hydrides and oxides were treated as basic criteria for the classification of the elements. However, Mendeleev's classification also had some limitations as it could not assign the position to isotopes. He also left some gaps in the periodic table. (d) Isotopes are (i) Atoms of an element with similar chemical properties but different atomic masses. (ii) Atoms of different elements with similar chemical properties but different atomic masses. (iii) Atoms of an element with different chemical properties but same atomic masses. (iv) Atoms of different elements with different chemical properties but same atomic masses.",2020,3,Remember,Factual,Requires recognizing the memorized definition of isotopes among options.,“Isotopes are”,0.98
4,a,Biology,A,1.0,"India today is facing the problem of overuse of resources, contamination of water and soil and lack of methods of processing the waste. The time has come for the world to say goodbye to ""single-use plastics"". Steps must be undertaken to develop environment-friendly substitutes, effective plastic waste collection and methods of its disposal. Indore treated 15 lakh metric tonnes of waste in just 3 years, through biomining and bioremediation techniques. Bioremediation involves introducing microbes into a landfill to naturally 'break' it down and biomining involves using trommel machines to sift through the waste to separate the 'soil' and the waste component. The city managed to chip away 15 lakh metric tonnes of waste at a cost of around 10 crore. A similar experiment was successfully carried out in Ahmedabad also. (a) State two methods of effective plastic waste collection in your school.",2020,3,Remember,Procedural,Requires recalling established methods for collecting plastic waste at school.,“State two methods... collection”,0.88
4,b,Biology,A,1.0,"India today is facing the problem of overuse of resources, contamination of water and soil and lack of methods of processing the waste. The time has come for the world to say goodbye to ""single-use plastics"". Steps must be undertaken to develop environment-friendly substitutes, effective plastic waste collection and methods of its disposal. Indore treated 15 lakh metric tonnes of waste in just 3 years, through biomining and bioremediation techniques. Bioremediation involves introducing microbes into a landfill to naturally 'break' it down and biomining involves using trommel machines to sift through the waste to separate the 'soil' and the waste component. The city managed to chip away 15 lakh metric tonnes of waste at a cost of around 10 crore. A similar experiment was successfully carried out in Ahmedabad also. (b) Name any two uses of ""single-use plastic"" in daily life.",2020,3,Remember,Factual,Requires listing familiar daily-life uses of single-use plastics.,“Name any two uses”,0.99
4,c,Biology,A,1.0,"India today is facing the problem of overuse of resources, contamination of water and soil and lack of methods of processing the waste. The time has come for the world to say goodbye to ""single-use plastics"". Steps must be undertaken to develop environment-friendly substitutes, effective plastic waste collection and methods of its disposal. Indore treated 15 lakh metric tonnes of waste in just 3 years, through biomining and bioremediation techniques. Bioremediation involves introducing microbes into a landfill to naturally 'break' it down and biomining involves using trommel machines to sift through the waste to separate the 'soil' and the waste component. The city managed to chip away 15 lakh metric tonnes of waste at a cost of around 10 crore. A similar experiment was successfully carried out in Ahmedabad also. (c) If we discontinue the use of plastic, how can an environment-friendly substitute be provided?",2020,3,Apply,Conceptual,Requires applying knowledge of sustainable alternatives to replacing plastic use.,“environment-friendly substitute be provided”,0.78
4,d,Biology,A,1.0,"India today is facing the problem of overuse of resources, contamination of water and soil and lack of methods of processing the waste. The time has come for the world to say goodbye to ""single-use plastics"". Steps must be undertaken to develop environment-friendly substitutes, effective plastic waste collection and methods of its disposal. Indore treated 15 lakh metric tonnes of waste in just 3 years, through biomining and bioremediation techniques. Bioremediation involves introducing microbes into a landfill to naturally 'break' it down and biomining involves using trommel machines to sift through the waste to separate the 'soil' and the waste component. The city managed to chip away 15 lakh metric tonnes of waste at a cost of around 10 crore. A similar experiment was successfully carried out in Ahmedabad also. (d) Do you think microbes will work similarly in landfill sites as they work in the laboratory? Justify your answer.",2020,3,Evaluate,Conceptual,Requires judging whether laboratory microbial action transfers to landfill conditions and defending it.,“Do you think... Justify your answer”,0.93
5,—,Biology,A,1.0,Which one of the following statements is correct about the human circulatory system? (A) Blood transports only oxygen and not carbon dioxide. (B) Human heart has five chambers. (C) Valves ensure that the blood does not flow backwards. (D) Both oxygen-rich and oxygen-deficient blood gets mixed in the heart.,2020,3,Remember,Factual,Requires recognizing a known correct fact about circulatory-system valves.,“statements is correct”,0.98
6,—,Biology,A,1.0,"Anaerobic process (A) takes place in yeast during fermentation. (B) takes place in the presence of oxygen. (C) produces ethanol, oxygen and energy. (D) produces only energy in the muscles of human beings.",2020,3,Remember,Factual,Requires recognizing the known condition and product of anaerobic fermentation.,“Anaerobic process”,0.98
6,OR,Biology,A,1.0,Most of the digestion and absorption of the food takes place in the (A) small intestine. (B) liver. (C) stomach. (D) large intestine.,2020,3,Remember,Factual,Requires recalling the organ where most digestion and absorption occur.,“Most of the digestion and absorption”,0.99
7,—,Biology,A,1.0,Fertilisation is the process of (A) transfer of male gamete to female gamete. (B) fusion of nuclei of male and female gamete. (C) adhesion of male and female reproductive organs. (D) the formation of gametes by a reproductive organ.,2020,3,Remember,Factual,Requires recalling the definition of fertilisation.,“Fertilisation is the process of”,0.99
8,—,Physics,A,1.0,"If a person has five resistors each of value 1/5 Ω, then the maximum resistance he can obtain by connecting them is (A) 1 Ω (B) 5 Ω (C) 10 Ω (D) 25 Ω",2020,3,Apply,Procedural,Requires applying resistor-combination rules to obtain maximum resistance.,“maximum resistance... connecting them”,0.98
8,OR,Physics,A,1.0,"The resistance of a resistor is reduced to half of its initial value. In doing so, if other parameters of the circuit remain unchanged, the heating effects in the resistor will become (A) two times. (B) half. (C) one-fourth. (D) four times.",2020,3,Apply,Procedural,Requires applying the heating-power relationship after resistance is halved.,“resistance... reduced to half”,0.96
9,—,Physics,A,1.0,"Fleming's Right-hand rule gives (A) magnitude of the induced current. (B) magnitude of the magnetic field. (C) direction of the induced current. (D) both, direction and magnitude of the induced current.",2020,3,Remember,Factual,Requires recalling what Fleming's right-hand rule determines.,“Fleming's Right-hand rule gives”,0.99
10,—,Physics,A,1.0,Which one of the following statements is not true about nuclear energy generation in a nuclear reactor? (A) Energy is obtained by a process called nuclear fission. (B) The nucleus of Uranium is bombarded with high energy neutrons. (C) A chain reaction is set in the process. (D) In this process a tremendous amount of energy is released at a controlled rate.,2020,3,Analyze,Conceptual,Requires checking several reactor claims against established nuclear-fission relationships.,“Which... statement is not true”,0.94
10,OR,Physics,A,1.0,The biggest source of energy on Earth's surface is (A) Biomass (B) Solar radiations (C) Tides (D) Winds,2020,3,Remember,Factual,Requires recalling Earth's principal surface energy source.,“biggest source of energy”,0.99
11,—,Biology,A,1.0,Food web is constituted by (A) relationship between the organisms and the environment. (B) relationship between plants and animals. (C) various interlinked food chains in an ecosystem. (D) relationship between animals and environment.,2020,3,Remember,Factual,Requires recalling the definition of a food web.,“Food web is constituted by”,0.99
12,—,Biology,A,1.0,Choose the incorrect statement from the following : (A) Ozone is a molecule formed by three atoms of oxygen. (B) Ozone shields the surface of the Earth from ultraviolet radiations. (C) Ozone is deadly poisonous. (D) Ozone gets decomposed by UV radiations.,2020,3,Analyze,Factual,Requires checking several statements to identify the scientifically incorrect one.,“Choose the incorrect statement”,0.96
13,—,Chemistry,A,1.0,Assertion (A): Following is a balanced chemical equation for the action of steam on iron : 3Fe + 4H2O -> Fe3O4 + 4H2. Reason (R): The law of conservation of mass holds good for a chemical equation.,2020,3,Analyze,Conceptual,Requires examining whether the reason explains the assertion about balancing and mass conservation.,“Assertion” and “Reason”,0.94
14,—,Biology,A,1.0,"Assertion (A): The sex of a child in human beings will be determined by the type of chromosome he/she inherits from the father. Reason (R): A child who inherits 'X' chromosome from his father would be a girl (XX), while a child who inherits a 'Y' chromosome from the father would be a boy (XY).",2020,3,Analyze,Conceptual,Requires examining the assertion–reason relationship about sex determination chromosomes.,“Assertion” and “Reason”,0.96
15,a,Chemistry,B,1.0,Lead nitrate solution is added to a test tube containing potassium iodide solution. (a) Write the name and colour of the compound precipitated.,2020,3,Apply,Conceptual,Requires predicting the precipitate from specified reacting solutions.,“Lead nitrate” and “potassium iodide”,0.96
15,b,Chemistry,B,1.0,Lead nitrate solution is added to a test tube containing potassium iodide solution. (b) Write the balanced chemical equation for the reaction involved.,2020,3,Apply,Procedural,Requires using chemical-equation balancing rules for a specified reaction.,“Write the balanced chemical equation”,0.99
15,c,Chemistry,B,1.0,Lead nitrate solution is added to a test tube containing potassium iodide solution. (c) Name the type of this reaction justifying your answer.,2020,3,Apply,Conceptual,Requires classifying the specified reaction using reaction-pattern principles.,“Name the type of this reaction”,0.94
15,OR,Chemistry,B,3.0,What happens when food materials containing fats and oils are left for a long time? List two observable changes and suggest three ways by which this phenomenon can be prevented.,2020,3,Apply,Conceptual,Requires predicting rancidity effects in a stated situation and applying prevention principles.,“fats and oils are left for a long time”,0.88
16,—,Chemistry,B,3.0,List three differentiating features between the processes of galvanisation and alloying.,2020,3,Understand,Conceptual,Requires explaining differences between two metal-protection concepts.,“differentiating features between”,0.97
16,OR,Chemistry,B,3.0,Compare in tabular form the reactivities of the following metals with cold and hot water: (a) Sodium (b) Calcium (c) Magnesium,2020,3,Remember,Conceptual,Requires reproducing learned reactivity relationships of metals with water.,“Compare ... reactivities ... with cold and hot water”,0.88
17,—,Chemistry,B,3.0,"Carbon, a member of group 14, forms a large number of carbon compounds estimated to be about three million. Why is this property not exhibited by other elements of this group? Explain.",2020,3,Understand,Conceptual,Requires explaining carbon's exceptional compound formation using group relationships.,“Why is this property not exhibited”,0.96
18,—,Biology,B,3.0,"A cheetah, on seeing a prey, moves towards him at a very high speed. What causes the movement of his muscles? How does the chemistry of cellular components of muscles change during this event?",2020,3,Apply,Conceptual,Requires applying muscle-energy principles to the cheetah's movement.,“What causes the movement of his muscles”,0.91
19,—,Biology,B,3.0,Define geotropism. Draw a labelled diagram of a plant showing geotropic movements of its parts.,2020,3,Remember,Conceptual,Requires recalling the definition and standard representation of geotropism.,“Define geotropism. Draw a labelled diagram”,0.92
20,—,Biology,B,3.0,"Define the term evolution. ""Evolution cannot be equated with progress."" Justify this statement.",2020,3,Evaluate,Conceptual,Requires defending the validity of the claim that evolution is not progress.,“Justify this statement”,0.94
20,OR,Biology,B,3.0,"During the course of evolution, organs or features may be adapted for new functions. Explain this fact by choosing an appropriate example.",2020,3,Understand,Conceptual,Requires explaining changed functions of organs through an appropriate example.,“adapted for new functions”,0.96
21,a,Physics,B,1.0,A concave mirror is used for image formation for different positions of an object. What inferences can be drawn about the following when an object is placed at a distance of 10 cm from the pole of a concave mirror of focal length 15 cm? (a) Position of the image (Draw a labelled ray diagram to justify your inferences.),2020,3,Apply,Conceptual,Requires applying concave-mirror image rules to the given object position.,“object ... 10 cm ... focal length 15 cm”,0.98
21,b,Physics,B,1.0,A concave mirror is used for image formation for different positions of an object. What inferences can be drawn about the following when an object is placed at a distance of 10 cm from the pole of a concave mirror of focal length 15 cm? (b) Size of the image (Draw a labelled ray diagram to justify your inferences.),2020,3,Apply,Conceptual,Requires applying concave-mirror image rules to infer image size.,“Size of the image”,0.98
21,c,Physics,B,1.0,A concave mirror is used for image formation for different positions of an object. What inferences can be drawn about the following when an object is placed at a distance of 10 cm from the pole of a concave mirror of focal length 15 cm? (c) Nature of the image (Draw a labelled ray diagram to justify your inferences.),2020,3,Apply,Conceptual,Requires applying concave-mirror image rules to infer image nature.,“Nature of the image”,0.98
22,—,Physics,B,3.0,"The refractive index of a medium 'x' with respect to a medium 'y' is 2/3 and the refractive index of medium 'y' with respect to medium 'z' is 4/3. Find the refractive index of medium 'z' with respect to medium 'x'. If the speed of light in medium 'x' is 3x10^8 ms^-1, calculate the speed of light in medium 'y'.",2020,3,Apply,Procedural,Requires using refractive-index relationships and speed formulas to calculate values.,“Find the refractive index” and “calculate”,0.99
23,a,Physics,B,1.0,A person may suffer from both myopia and hypermetropia defects. (a) What is this condition called?,2020,3,Remember,Factual,Requires recalling the name for simultaneous myopia and hypermetropia.,“What is this condition called?”,0.99
23,b,Physics,B,1.0,A person may suffer from both myopia and hypermetropia defects. (b) When does it happen?,2020,3,Understand,Conceptual,Requires explaining when the combined visual defect occurs.,“When does it happen?”,0.94
23,c,Physics,B,1.0,A person may suffer from both myopia and hypermetropia defects. (c) Name the type of lens often required by the persons suffering from this defect. Draw labelled diagram of such lenses.,2020,3,Remember,Factual,Requires recalling the corrective lens type and its standard diagram.,“Name the type of lens”,0.92
24,—,Physics,B,3.0,How will you use two identical glass prisms so that a narrow beam of white light incident on one prism emerges out of the second prism as white light? Draw and label the ray diagram.,2020,3,Apply,Procedural,Requires arranging prisms by a known method to recombine dispersed light.,“use two identical glass prisms”,0.92
25,a,Chemistry,C,2.5,A cloth strip dipped in onion juice is used for testing a liquid 'X'. The liquid 'X' changes its odour. Which type of an indicator is onion juice ? The liquid 'X' turns blue litmus red. List the observations the liquid 'X' will show on reacting with the following: (a) Zinc granules (Write the chemical equations for the reactions involved.),2020,3,Apply,Conceptual,Requires predicting acid reactions with zinc and writing the resulting equation.,“reacting with ... Zinc granules”,0.96
25,b,Chemistry,C,2.5,A cloth strip dipped in onion juice is used for testing a liquid 'X'. The liquid 'X' changes its odour. Which type of an indicator is onion juice ? The liquid 'X' turns blue litmus red. List the observations the liquid 'X' will show on reacting with the following: (b) Solid sodium carbonate (Write the chemical equations for the reactions involved.),2020,3,Apply,Conceptual,Requires predicting acid reactions with sodium carbonate and writing the equation.,“reacting with ... Solid sodium carbonate”,0.96
25,OR,Chemistry,C,5.0,Define water of crystallisation. Give the chemical formula for two compounds as examples. How can it be proved that the water of crystallisation makes a difference in the state and colour of the compounds?,2020,3,Apply,Procedural,Requires using a known experimental method to demonstrate water of crystallisation effects.,“How can it be proved”,0.9
26,a (i),Chemistry,C,1.0,(a) (i) Write two properties of gold which make it the most suitable metal for ornaments.,2020,3,Remember,Factual,Requires recalling properties of gold relevant to ornaments.,“Write two properties of gold”,0.99
26,a (ii),Chemistry,C,1.0,(a) (ii) Name two metals which are the best conductors of heat.,2020,3,Remember,Factual,Requires recalling metals known as best heat conductors.,“Name two metals”,0.99
26,a (iii),Chemistry,C,1.0,(a) (iii) Name two metals which melt when you keep them on your palm.,2020,3,Remember,Factual,Requires recalling metals with melting points below body temperature.,“melt when you keep them on your palm”,0.99
26,b,Chemistry,C,2.0,(b) Explain the formation of ionic compound CaO with electron-dot structure. Atomic numbers of calcium and oxygen are 20 and 8 respectively.,2020,3,Apply,Conceptual,Requires applying electron configurations to show ionic bond formation in calcium oxide.,“Atomic numbers ... 20 and 8”,0.97
27,a,Biology,C,1.25,(a) Why is nutrition necessary for the human body?,2020,3,Understand,Conceptual,Requires explaining the role of nutrition in the human body.,“Why is nutrition necessary”,0.98
27,b,Biology,C,1.25,(b) What causes movement of food inside the alimentary canal?,2020,3,Understand,Conceptual,Requires explaining the mechanism causing food movement through the alimentary canal.,“What causes movement of food”,0.97
27,c,Biology,C,1.25,(c) Why is small intestine in herbivores longer than in carnivores ?,2020,3,Understand,Conceptual,Requires explaining the relationship between diet and intestine length.,“herbivores longer than in carnivores”,0.98
27,d,Biology,C,1.25,(d) What will happen if mucus is not secreted by the gastric glands?,2020,3,Apply,Conceptual,Requires predicting consequences of absent gastric mucus using its protective role.,“What will happen if mucus is not secreted”,0.96
28,—,Biology,C,5.0,"Draw a neat diagram showing fertilisation in a flower and label (a) Pollen tube, (b) Male germ cell and (c) Female germ cell, on it. Explain the process of fertilisation in a flower. What happens to the (i) ovary and (ii) ovule after fertilisation?",2020,3,Understand,Conceptual,Requires explaining fertilisation and interpreting subsequent changes in flower structures.,“Explain the process of fertilisation”,0.94
28,OR (a),Biology,C,1.0,(a) What is puberty?,2020,3,Remember,Factual,Requires recalling the definition of puberty.,“What is puberty?”,0.99
28,OR (b),Biology,C,2.0,(b) Describe in brief the functions of the following parts in the human male reproductive system : (i) Testes (ii) Seminal vesicle (iii) Vas deferens (iv) Urethra,2020,3,Understand,Conceptual,Requires describing functions of related reproductive-system structures.,“functions of ... parts”,0.97
28,OR (c),Biology,C,1.0,(c) Why are testes located outside the abdominal cavity?,2020,3,Understand,Conceptual,Requires explaining why testes are positioned outside the abdominal cavity.,“Why are testes located outside”,0.97
28,OR (d),Biology,C,1.0,(d) State how sperms move towards the female germ cell.,2020,3,Remember,Factual,Requires recalling how sperms move towards the female germ cell.,“State how sperms move”,0.94
29,a,Physics,C,2.0,"Draw a schematic diagram of a circuit consisting of a battery of 3 cells of 2 V each, a combination of three resistors of 10 Ω, 20 Ω and 30 Ω connected in parallel, a plug key and an ammeter, all connected in series. Use this circuit to find the value of the following: (a) Current through each resistor",2020,3,Apply,Procedural,Requires constructing a specified circuit and using circuit rules to find currents.,“Use this circuit to find”,0.99
29,b,Physics,C,1.5,"Draw a schematic diagram of a circuit consisting of a battery of 3 cells of 2 V each, a combination of three resistors of 10 Ω, 20 Ω and 30 Ω connected in parallel, a plug key and an ammeter, all connected in series. Use this circuit to find the value of the following: (b) Total current in the circuit",2020,3,Apply,Procedural,Calculates total current from specified voltage and parallel-resistance circuit.,"""find... Total current"" with given cells and resistors",0.99
29,c,Physics,C,1.5,"Draw a schematic diagram of a circuit consisting of a battery of 3 cells of 2 V each, a combination of three resistors of 10 Ω, 20 Ω and 30 Ω connected in parallel, a plug key and an ammeter, all connected in series. Use this circuit to find the value of the following: (c) Total effective resistance of the circuit",2020,3,Apply,Procedural,Calculates effective resistance for the specified parallel resistor combination.,"""Total effective resistance"" of stated circuit",0.99
29,OR,Physics,C,5.0,"Two identical resistors, each of resistance 15 Ω, are connected in (i) series, and (ii) parallel, in turn to a battery of 6 V. Calculate the ratio of the power consumed in the combination of resistors in each case.",2020,3,Apply,Procedural,Uses series and parallel resistance and power relations to calculate a ratio.,"""Calculate the ratio of the power""",0.99
30,a,Physics,C,1.25,(a) State Fleming's Left-hand rule.,2020,3,Remember,Conceptual,Recalls the standard statement of Fleming's left-hand rule.,"""State Fleming's Left-hand rule""",0.99
30,b,Physics,C,1.25,(b) List three characteristic features of the electric current used in our homes.,2020,3,Remember,Factual,Retrieves known characteristics of domestic electric current.,"""List three characteristic features""",0.98
30,c,Physics,C,1.25,(c) What is a fuse? Why is it called a safety device ?,2020,3,Understand,Conceptual,Explains how a fuse functions as a safety device.,"""Why is it called a safety device?""",0.97
30,d,Physics,C,1.25,(d) Why is it necessary to earth metallic electric appliances ?,2020,3,Understand,Conceptual,Explains the safety relationship between earthing and metallic appliances.,"""Why is it necessary to earth""",0.98
1,,Physics,A,1.0,Define 1 kilowatt hour.,2019,3,Remember,Factual,Recalls the defined meaning of one kilowatt hour.,"""Define 1 kilowatt hour""",0.99
2,,Biology,A,1.0,"Generally, we do not clean natural ponds or lakes but an aquarium needs periodic cleaning. Why?",2019,3,Analyze,Conceptual,Examines ecosystem differences causing natural ponds and aquariums to require different cleaning.,"""ponds or lakes... aquarium needs periodic cleaning""",0.93
3,,Physics,B,2.0,List two causes of presbyopia. Draw labelled diagram of a lens used for the correction of this defect of vision.,2019,3,Remember,Conceptual,Recalls known causes and the standard correction-lens representation for presbyopia.,"""List two causes... Draw labelled diagram""",0.9
4,,Chemistry,B,2.0,Show the formation of Na2O by the transfer of electrons.,2019,3,Remember,Conceptual,Reproduces the taught electron-transfer representation for sodium oxide formation.,"""Show the formation of Na2O by transfer""",0.94
5,,Biology,B,2.0,List in tabular form two differences between reflex action and walking. OR List in tabular form two differences between pepsin and trypsin.,2019,3,Understand,Conceptual,Distinguishes two biological processes or enzymes using their conceptual features.,"""differences between reflex action and walking""",0.96
6,,Physics,C,3.0,Name the process used to harness nuclear energy these days. Explain it briefly. List two advantages of using nuclear energy in place of fossil fuels.,2019,3,Understand,Conceptual,Explains nuclear-energy harnessing and its advantages relative to fossil fuels.,"""Explain it briefly... advantages... fossil fuels""",0.96
7,,Biology,C,3.0,"Why are forests considered ""biodiversity hot spots""? Suggest four approaches towards the conservation of forests.",2019,3,Remember,Conceptual,Recalls reasons forests are biodiverse and established conservation approaches.,"""Suggest four approaches... conservation of forests""",0.84
8,,Physics,C,3.0,What is atmospheric refraction? Explain with the help of a labelled diagram that the position of a star as seen by us is not its true position. OR When do we consider a student sitting in the class to be myopic? List two causes of this defect. Explain using a ray diagram how this defect of eye can be corrected.,2019,3,Understand,Conceptual,Explains atmospheric refraction or myopia correction using established optical relationships.,"""Explain... position of a star""",0.82
9,,Chemistry,C,3.0,Write the chemical formula of washing soda. How can it be obtained from baking soda ? List two industries in which washing soda is used for other purposes than washing clothes.,2019,3,Remember,Factual,"Recalls washing soda's formula, preparation route, and industrial uses.","""chemical formula... obtained... industries""",0.93
10,,Chemistry,C,3.0,"Out of three metals P, Q and R, P is less reactive than Q and R is more reactive than P and Q both. Suggest an activity to arrange P, Q and R in order of their decreasing reactivity. OR Name the ore of mercury. With the help of balanced chemical equations, explain the process of extraction of mercury from its ore.",2019,3,Create,Procedural,Generates an experimental activity to establish the decreasing reactivity order.,"""Suggest an activity to arrange P, Q and R""",0.67
11,a,Chemistry,C,1.5,(a) How is possible valency of an element determined from the electronic configuration of its atom?,2019,3,Understand,Conceptual,Explains the relationship between electronic configuration and possible valency.,"""How is possible valency... determined""",0.98
11,b,Chemistry,C,1.5,(b) Determine the valency of an element X whose atomic number is 15.,2019,3,Apply,Conceptual,Uses atomic number to determine valency from the element's electronic configuration.,"""atomic number is 15""",0.98
12,,Biology,C,3.0,What is haemoglobin ? State the consequences of deficiency of haemoglobin in our bodies.,2019,3,Understand,Conceptual,Explains haemoglobin and the effects resulting from its deficiency.,"""consequences of deficiency""",0.97
13,a,Biology,C,1.5,(a) Speciation,2019,3,Remember,Conceptual,Recalls the meaning of the biological concept speciation.,"""Speciation""",0.91
13,b,Biology,C,1.5,(b) Natural Selection,2019,3,Remember,Conceptual,Recalls the meaning of the biological concept natural selection.,"""Natural Selection""",0.91
13,OR,Biology,C,3.0,"OR Mendel, in one of his experiments with pea plants, crossed a variety of pea plant having round seeds with one having wrinkled seeds. State Mendel's observations giving reasons of F1 and F2 progeny of this cross. Also, list any two contrasting characters, other than round seeds of pea plants that Mendel used in his experiments.",2019,3,Understand,Conceptual,Explains Mendel's observed inheritance outcomes using dominance and segregation relationships.,"""observations giving reasons of F1 and F2""",0.91
14,,Biology,C,3.0,Explain the ways in which glucose is broken down in absence or shortage of oxygen.,2019,3,Understand,Conceptual,Explains the established pathways of glucose breakdown under limited oxygen.,"""ways in which glucose is broken down""",0.97
15,,Biology,C,3.0,List in tabular form three distinguishing features between cerebrum and cerebellum.,2019,3,Understand,Conceptual,Distinguishes cerebrum and cerebellum by their structural and functional features.,"""distinguishing features between cerebrum and cerebellum""",0.97
16,a,Chemistry,D,1.0,(a) What is a hydrocarbon? Give its one example.,2019,3,Remember,Factual,Recalls the definition of hydrocarbon and a known example.,"""What is a hydrocarbon? Give... example""",0.99
16,b,Chemistry,D,2.0,(b) Give the structural difference between saturated and unsaturated hydrocarbons with two examples each.,2019,3,Understand,Conceptual,Explains structural distinctions between saturated and unsaturated hydrocarbons.,"""structural difference between saturated and unsaturated""",0.98
16,c,Chemistry,D,2.0,(c) Name the following compounds : (i) CH3-OH (ii) CH3-C=O H (iii) CH3-C=O CH3 (iv) CH3-C=O OH,2019,3,Apply,Procedural,Applies organic nomenclature rules to name the displayed structural formulas.,"""Name the following compounds""",0.96
17,a,Chemistry,D,2.0,(a) What is a double displacement reaction? Explain with an example.,2019,3,Understand,Conceptual,Explains the defining pattern of double-displacement reactions using an example.,"""What is a double displacement reaction? Explain""",0.95
17,b,Chemistry,D,3.0,(b) A small amount of quick lime is added to water in a beaker. (i) Name and define the type of reaction that has taken place. (ii) Write balanced chemical equation for the above reaction and the chemical name of the product formed. (iii) List two main observations of this reaction.,2019,3,Apply,Conceptual,"Classifies and predicts products, equation, and observations for quicklime reacting with water.","""quick lime is added to water""",0.96
17,OR,Chemistry,D,5.0,OR (a) Design an activity to demonstrate the decomposition reaction of lead nitrate. (b) Draw labelled diagram of the experimental set-up. List two main observations. (c) Write balanced chemical equation for the reaction stating the physical state of the reactant and the products.,2019,3,Apply,Procedural,Uses a known laboratory procedure to plan and represent lead nitrate decomposition.,"""Design an activity... experimental set-up""",0.86
18,a,Physics,D,2.0,(a) List four characteristics of the image formed by a concave lens of focal length 20 cm when the object is placed at a distance of 40 cm from its optical centre.,2019,3,Apply,Conceptual,Uses concave-lens image principles for the specified object placement.,"""focal length 20 cm... distance 40 cm""",0.98
18,b,Physics,D,3.0,(b) The size of image of an object by a convex lens of focal length 20 cm is observed to be reduced to 1/3rd of its size. Find the distance of the object from the optical centre of the lens.,2019,3,Apply,Procedural,Calculates object distance using lens relations and stated image magnification.,"""Find the distance of the object""",0.98
19,a,Physics,D,2.0,"(a) Three resistors of resistances R1, R2 and R3 are connected (i) in series, and (ii) in parallel. Write expressions for the equivalent resistance of the combination in each case.",2019,3,Remember,Procedural,Recalls standard equivalent-resistance expressions for series and parallel combinations.,"""Write expressions for the equivalent resistance""",0.99
19,b,Physics,D,3.0,(b) Two identical resistors of 12 Ω each are connected to a battery of 3 V. Calculate the ratio of the power consumed by the resulting combinations with minimum resistance and maximum resistance.,2019,3,Apply,Procedural,Calculates power ratio for specified minimum- and maximum-resistance combinations.,"""Calculate the ratio of the power""",0.99
19,OR-a,Physics,D,2.0,OR (a) Write the relation between resistance and electrical resistivity of the material of a conductor in the shape of a cylinder of length 'l' and area of cross-section 'A'. Hence derive the S.I. unit of electrical resistivity.,2019,3,Apply,Procedural,Uses the resistance-resistivity relation to derive the SI unit.,"""Hence derive the S.I. unit""",0.96
19,OR-b,Physics,D,3.0,"(b) Resistance of a metal wire of length 5 m is 100 Ω. If the area of cross-section of the wire is 3x10^-7 m^2, calculate the resistivity of the metal.",2019,3,Apply,Procedural,Calculates resistivity by substituting given wire dimensions and resistance into a formula.,"""calculate the resistivity""",0.99
20,a,Physics,D,2.5,(a) Name and state the rule to determine the direction of force experienced by a current carrying straight conductor placed in a uniform magnetic field which is perpendicular to it.,2019,3,Remember,Conceptual,"Recalls the standard rule relating current, field, and force directions.","""Name and state the rule""",0.99
20,b,Physics,D,2.5,(b) Draw a labelled diagram of an electric motor.,2019,3,Remember,Conceptual,Reproduces the standard labelled representation of an electric motor.,"""Draw a labelled diagram of an electric motor""",0.98
21,a,Biology,D,2.5,(a) What is reproduction? List its two types.,2019,3,Remember,Conceptual,Recalls the definition of reproduction and its two established types.,"""What is reproduction? List its two types""",0.99
21,b,Biology,D,2.5,(b) How are the modes of reproduction different in unicellular and multicellular organisms?,2019,3,Understand,Conceptual,Explains differences between reproductive modes across organismal organization.,“different in unicellular and multicellular organisms”,0.98
21,OR-a,Biology,D,2.5,OR (a) What are Sexually Transmitted Diseases (STD)? List two viral and two bacterial STDs.,2019,3,Remember,Factual,Requires definition of STDs and recall of named examples.,“What are... List two viral and two bacterial”,0.99
21,OR-b,Biology,D,2.5,(b) What is contraception ? List three reasons for adopting contraceptive methods.,2019,3,Understand,Conceptual,Explains contraception and reasons underlying its adoption.,“List three reasons for adopting”,0.96
22,,Biology,E,2.0,"In the experiment of preparing a temporary mount of a leaf peel to observe stomata, we use two liquids other than water. Name these two liquids and state when and why these liquids are used. OR List four precautions in proper sequence which we observe while preparing a temporary mount of a leaf peel.",2019,3,Remember,Procedural,"Recalls standard materials, their use, or prescribed mounting precautions.",“Name these two liquids” and “List four precautions”,0.87
23,,Biology,E,2.0,"A student has set up an apparatus to show that ""CO2 is released during respiration"". After about 1 hour he observes no change in the water level in the delivery tube. Write two possible reasons for the failure of the experiment.",2019,3,Analyze,Procedural,Diagnoses possible procedural or apparatus causes for experimental failure.,“two possible reasons for the failure”,0.96
24,a,Physics,E,0.66,(a) What is the least count of the voltmeter?,2019,3,Apply,Procedural,Uses the voltmeter scale to determine its least count.,“least count of the voltmeter”,0.68
24,b,Physics,E,0.66,(b) What is the reading shown by the voltmeter?,2019,3,Apply,Procedural,Interprets the given voltmeter scale to obtain a reading.,“reading shown by the voltmeter”,0.65
24,c,Physics,E,0.68,"(c) If this voltmeter is connected across a resistor of 20 Ω, how much current is flowing through the resistor ?",2019,3,Apply,Procedural,Uses Ohm’s law for the specified resistance and measured voltage.,"“resistor of 20 Ω, how much current”",0.98
25,,Physics,E,2.0,List in proper sequence the steps of the experiment for determining the approximate focal length of a given concave mirror by obtaining the image of a distant object. OR A student has to trace the path of a ray of light passing through a rectangular glass slab for four different values of angle of incidence. (a) Write two important precautions for this experiment. (b) List two conclusions the student will draw based on his experiment.,2019,3,Remember,Procedural,Recalls standard experimental steps or established precautions and conclusions.,“List in proper sequence the steps”,0.79
26,a,Chemistry,E,0.5,(a) Odour,2019,3,Remember,Factual,Calls for a known observation concerning odour.,“Odour”,0.42
26,b,Chemistry,E,0.5,(b) Solubility in water,2019,3,Remember,Factual,Calls for a known observation concerning water solubility.,“Solubility in water”,0.42
26,c,Chemistry,E,0.5,(c) Effect on litmus paper,2019,3,Remember,Factual,Calls for a known litmus-paper observation.,“Effect on litmus paper”,0.45
26,d,Chemistry,E,0.5,(d) Reaction with sodium hydrogen carbonate,2019,3,Remember,Factual,Calls for a known observation with sodium hydrogen carbonate.,“Reaction with sodium hydrogen carbonate”,0.45
27,,Chemistry,E,2.0,"What is observed after about 1 hour of adding the strips of copper and aluminium separately to ferrous sulphate solution filled in two beakers ? Name the reaction if any change in colour is noticed. Also, write chemical equation for the reaction. OR A student wants to study a decomposition reaction by taking ferrous sulphate crystals. Write two precautions he must observe while performing the experiment.",2019,3,Apply,Conceptual,Predicts displacement observations and writes the corresponding reaction equation.,“What is observed... copper and aluminium... ferrous sulphate”,0.82
1,,Physics,A,1.0,Mention the condition under which a current can flow in a conductor.,2019,2,Remember,Conceptual,Recalls the condition necessary for electric current to flow.,“condition under which a current can flow”,0.98
2,,Physics,A,1.0,List two merits of solar cells.,2019,2,Remember,Conceptual,Recalls recognized advantages of solar cells.,“List two merits of solar cells”,0.99
3,,Physics,B,2.0,List four characteristics of the image formed by a convex lens of focal length 20 cm when the object is placed in front of it at a distance of 10 cm from its optical centre. OR Define refractive index of a transparent medium. The speed of light in a medium of absolute refractive index 1.5 is 2x10^8 ms^-1. What is the speed of light in vacuum ?,2019,2,Apply,Conceptual,Applies lens-image rules to the specified object position.,“object... distance of 10 cm”,0.92
4,,Physics,B,2.0,"It is established that an electric current through a conductor produces a magnetic field around it. Is there a similar magnetic field produced around a thin beam of moving (i) alpha particles, (ii) neutrons ? Justify your answer in each case.",2019,2,Apply,Conceptual,Applies the moving-charge principle to two specified particle beams.,"“magnetic field... moving alpha particles, neutrons”",0.98
5,,Chemistry,B,2.0,Conversion of ethanol to ethanoic acid is an oxidation reaction. Justify this statement giving the relevant equation for the chemical reaction involved.,2019,2,Understand,Conceptual,Explains why ethanol conversion satisfies the concept of oxidation.,“Justify this statement giving the relevant equation”,0.97
6,,Biology,C,3.0,List three roles of forests in conserving the environment. How do the forests get depleted? State two consequences of deforestation on the environment.,2019,2,Understand,Conceptual,"Explains forest functions, depletion causes, and environmental consequences.",“roles... How... depleted... consequences”,0.96
7,a,Biology,C,1.5,(a) Natural water bodies are not regularly cleaned whereas an aquarium needs regular cleaning. Why?,2019,2,Understand,Conceptual,Explains ecosystem-level self-cleaning through relationships among organisms.,“Natural water bodies... aquarium needs regular cleaning. Why?”,0.98
7,b,Biology,C,1.5,(b) What are decomposers? What will be the consequence if the decomposers are completely eradicated from an ecosystem ? Give justification in support of your answer.,2019,2,Apply,Conceptual,Predicts ecosystem consequences from removing decomposers using their ecological role.,“consequence if... decomposers... eradicated”,0.98
7,OR,Biology,C,3.0,OR How is ozone formed in the upper atmosphere? State its importance. What is responsible for its depletion? Write one harmful effect of ozone depletion.,2019,2,Understand,Conceptual,"Explains ozone formation, importance, depletion cause, and resulting harm.",“How is ozone formed... importance... depletion”,0.97
8,,Physics,C,3.0,State right-hand thumb rule to determine the direction of magnetic field around a current carrying conductor. Apply this rule to find the direction of magnetic field inside and outside a circular loop of wire lying in the plane of a table and current is flowing through it clockwise.,2019,2,Apply,Conceptual,Uses the right-hand thumb rule for the specified circular-current case.,“Apply this rule... circular loop... clockwise”,0.99
9,,Physics,C,3.0,"What is the cause of dispersion of white light through a glass prism ? Draw a ray diagram to show the path of light when two identical glass prisms are arranged together in inverted position with respect to each other and a narrow beam of white light is allowed to fall obliquely on one of the faces of the prisms. OR What is scattering of light? Use this phenomenon to explain why (i) the Sun appears reddish at sun-rise, and (ii) the clear sky appears blue.",2019,2,Understand,Conceptual,Explains optical phenomena and their observed effects or representation.,“cause of dispersion” and “explain why”,0.93
10,,Chemistry,C,3.0,"A metal X, which is used in thermit process, when heated with oxygen gives an oxide Y which is amphoteric in nature. Identify X and Y. Write balanced chemical equations of the reactions of oxide Y with hydrochloric acid and sodium hydroxide.",2019,2,Apply,Conceptual,Uses amphoteric oxide reactions to identify substances and derive equations.,“oxide Y... amphoteric... equations... acid and sodium hydroxide”,0.98
11,a,Chemistry,C,0.75,(a) Write the name and chemical formula of the powder.,2019,2,Remember,Factual,Recalls the name and formula of the indicated powder.,“name and chemical formula of the powder”,0.64
11,b,Chemistry,C,0.75,(b) How is this powder prepared?,2019,2,Remember,Procedural,Recalls the established preparation method for the powder.,“How is this powder prepared?”,0.84
11,c,Chemistry,C,0.75,"(c) When this white powder is mixed with water, a hard solid mass is obtained. Write a balanced chemical equation for the change.",2019,2,Apply,Procedural,Writes and balances the reaction occurring when the powder is mixed with water.,“Write a balanced chemical equation”,0.93
11,d,Chemistry,C,0.75,(d) Give one more use of this white powder.,2019,2,Remember,Factual,Recalls another established use of the powder.,“Give one more use”,0.98
12,a,Chemistry,C,2.0,(a) Classify the following reactions into different types: (i) AgNO3(aq) + NaCl(aq) -> AgCl(s) + NaNO3(aq) (ii) CaO(s) + H2O(l) -> Ca(OH)2(aq) (iii) 2KClO3(s) -> 2KCl(aq) + 3O2(g) (iv) Zn + CuSO4 -> ZnSO4 + Cu,2019,2,Analyze,Conceptual,Examines each equation’s reactant-product relationship to classify reaction types.,“Classify the following reactions into different types”,0.98
12,b,Chemistry,C,1.0,"(b) Translate the following statement into a balanced chemical equation : ""Barium chloride reacts with aluminium sulphate to give aluminium chloride and barium sulphate.""",2019,2,Apply,Procedural,Translates a word statement into and balances a chemical equation.,“Translate... into a balanced chemical equation”,0.98
12,OR-a,Chemistry,C,1.0,OR (a) What is the colour of this precipitate? Name the compound precipitated.,2019,2,Remember,Factual,Recalls the precipitate’s colour and compound identity from the reaction.,“colour of this precipitate... Name the compound”,0.61
12,OR-b,Chemistry,C,1.0,(b) Write the balanced chemical equation for this reaction.,2019,2,Apply,Procedural,Constructs and balances the equation for the specified reaction.,“Write the balanced chemical equation”,0.83
12,OR-c,Chemistry,C,1.0,(c) List two types of reactions in which this reaction can be placed.,2019,2,Understand,Conceptual,Classifies one reaction using relationships defining reaction categories.,“two types of reactions... placed”,0.92
13,,Biology,C,3.0,Draw a diagram of human excretory system and label the following: (i) Urinary bladder (ii) Left kidney (iii) Left ureter,2019,2,Remember,Factual,Reproduces a standard human excretory-system diagram with specified labels.,“Draw a diagram... label”,0.98
14,a,Biology,C,2.0,"(a) Plants do not have any nervous system but yet, if we touch a sensitive plant, some observable changes take place in its leaves. Explain how could this plant respond to the external stimuli and how it is communicated.",2019,2,Understand,Conceptual,Explains plant stimulus communication and identifies associated hormone functions.,“Explain how... respond... communicated”,0.91
14,b,Biology,C,1.0,(b) Name the hormone that needs to be administered to (i) increase the height of a dwarf plant. (ii) cause rapid cell division in fruits and seeds.,2019,2,Remember,Factual,Recalls hormones used for height increase and rapid cell division.,“Name the hormone... increase height... cell division”,0.98
15,,Biology,C,3.0,What are fossils ? Describe briefly two methods of determining the age of fossils.,2019,2,Remember,Procedural,Recalls the definition of fossils and taught methods for age determination.,“Describe briefly two methods of determining the age”,0.9
16,a,Biology,D,1.5,(a) Define vegetative propagation. List its two methods.,2019,2,Remember,Conceptual,Recalls vegetative propagation and its recognized methods.,“Define vegetative propagation. List its two methods”,0.98
16,b,Biology,D,1.5,(b) Why is this mode practised for growing some types of plants ?,2019,2,Understand,Conceptual,Requires explaining the purpose of a plant-growing mode.,“Why is this mode practised”,0.62
16,c,Biology,D,2.0,(c) Explain the process of budding in Hydra with the help of labelled diagrams.,2019,2,Understand,Conceptual,Requires explaining budding as a reproductive process and representing its stages.,“Explain the process of budding in Hydra”,0.95
16,OR,Biology,D,5.0,OR What is contraception? List its four different methods. State four reasons for adopting contraceptive methods.,2019,2,Remember,Factual,"Requires recalling the definition, methods, and known reasons for contraception.",“What is contraception? List its four different methods”,0.91
17,a,Biology,D,2.5,(a) List in tabular form two differences between acquired traits and inherited traits.,2019,2,Understand,Conceptual,Requires comparing traits using their distinguishing characteristics.,“differences between acquired traits and inherited traits”,0.97
17,b,Biology,D,2.5,(b) Give an example of body characteristics used to determine how close two species are in terms of evolution and explain it.,2019,2,Understand,Conceptual,Requires explaining how homologous body characteristics indicate evolutionary relatedness.,“determine how close two species are”,0.93
18,a,Chemistry,D,2.5,(a) Distinguish between esterification and saponification reactions with the help of chemical equations for each.,2019,2,Understand,Conceptual,Requires differentiating two reaction types through their chemical changes.,“Distinguish between esterification and saponification reactions”,0.95
18,b,Chemistry,D,2.5,(b) With a labelled diagram describe in brief an activity to show the formation of an ester.,2019,2,Remember,Procedural,Requires reproducing a standard experimental activity for ester formation.,“describe in brief an activity”,0.88
18,OR,Chemistry,D,5.0,OR What is the difference between soaps and detergents? State in brief the cleansing action of soaps in removing an oily spot from a fabric. Why are soaps not very effective when a fabric is washed in hard water? How is this problem resolved ?,2019,2,Understand,Conceptual,"Requires explaining cleansing action, hard-water limitation, and its resolution.",“cleansing action… Why are soaps not very effective”,0.95
19,a,Chemistry,D,2.5,(a) List two criteria Mendeleev used in his Periodic Table to classify the elements. State Mendeleev's Periodic Law and explain why no fixed position was assigned to hydrogen in Mendeleev's Periodic Table.,2019,2,Understand,Conceptual,Requires explaining periodic classification principles and hydrogen's anomalous placement.,“explain why no fixed position was assigned”,0.9
19,b,Chemistry,D,2.5,"(b) How and why does the atomic size of elements vary as we move (i) from left to right in a period, and (ii) down a group in the Modern Periodic Table ?",2019,2,Understand,Conceptual,Requires explaining atomic-size trends using periodic relationships.,“How and why does the atomic size… vary”,0.98
20,a,Physics,D,1.25,(a) Name the defect of vision the person is suffering from and list its two possible causes.,2019,2,Remember,Factual,Requires naming a known visual defect and recalling its causes.,“Name the defect… list its two possible causes”,0.8
20,b,Physics,D,1.25,(b) Draw a ray diagram to show the defect in the above case.,2019,2,Remember,Conceptual,Requires reproducing the standard ray representation of the stated defect.,“Draw a ray diagram to show the defect”,0.83
20,c,Physics,D,1.25,(c) Mention the type of lens used by him for the correction of the defect and calculate its power. Assume that the near point for the normal eye is 25 cm.,2019,2,Apply,Procedural,Requires using lens formula conventions to calculate corrective-lens power.,“calculate its power… near point… 25 cm”,0.96
20,d,Physics,D,1.25,(d) Draw a labelled diagram for the correction of the defect in the above case.,2019,2,Remember,Conceptual,Requires reproducing the standard diagram for vision correction.,“Draw a labelled diagram for the correction”,0.84
21,a,Physics,D,2.5,(a) Define electric power. An electrical device of resistance R is connected across a source of voltage V and draws a current I. Derive an expression for power in terms of current and resistance.,2019,2,Apply,Procedural,Requires deriving power in terms of current and resistance using electrical relations.,“Derive an expression for power”,0.93
21,b,Physics,D,2.5,(b) Two electric bulbs rated 100 W; 220 V and 60 W; 220 V are connected in parallel to an electric mains of 220 V. Find the current drawn by the bulbs from the mains.,2019,2,Apply,Procedural,Requires calculating currents from bulb ratings in a parallel circuit.,“Find the current drawn by the bulbs”,0.98
21,OR-a,Physics,D,2.5,"OR (a) How will you infer with the help of an experiment that the same current flows through every part of the circuit containing three resistors R1, R2 and R3 in series connected to a battery of V volts?",2019,2,Apply,Procedural,Requires using a standard experimental method to verify current in series.,“infer with the help of an experiment”,0.9
21,OR-b,Physics,D,2.5,"(b) Study the following circuit and find out : (i) Current in 12 Ω resistor. (ii) Difference in the readings of A1 and A2, if any.",2019,2,Apply,Procedural,Requires applying circuit rules to determine current and ammeter readings.,“Study the following circuit and find out”,0.95
22,,Biology,E,2.0,"Write four sequential steps of the procedure of the experiment ""Preparing a temporary mount of a leaf peel to show stomata."" OR In the experimental set-up to show that ""the germinating seeds give out carbon dioxide"", answer the following questions : (i) Why do we keep the conical flask airtight? (ii) Name the substance kept in the small test tube inside the conical flask. Write its role. (iii) Why does water rise in the delivery tube ?",2019,2,Apply,Procedural,Requires carrying out or interpreting a specified biology experiment.,“procedure… temporary mount” / “experimental set-up”,0.72
23,,Biology,E,2.0,List two observations on the basis of which it may be concluded that the given slide shows binary fission in Amoeba.,2019,2,Remember,Factual,Requires recalling observable features identifying binary fission in Amoeba.,“List two observations… binary fission in Amoeba”,0.9
24,,Chemistry,E,2.0,"A student mixes sodium sulphate powder in barium chloride powder. What change would the student observe on mixing the two powders ? Justify your answer and explain how he can obtain the desired change. OR (a) Arrange the following metals in the increasing order of their reactivities : Copper, Zinc, Aluminium and Iron (b) List two observations you would record in your notebook 30 minutes after adding iron filings to copper sulphate solution.",2019,2,Apply,Conceptual,Requires predicting reaction conditions and resulting observations in a specific case.,“What change… observe on mixing the two powders”,0.68
25,,Chemistry,E,2.0,"A solution 'X' gives orange colour when a drop of it falls on pH paper, while another solution 'Y' gives bluish colour when a drop of it falls on pH paper. What is the nature of both the solutions? Determine the pH of solutions 'X' and 'Y'.",2019,2,Apply,Conceptual,Requires interpreting indicator colours to determine solution nature and pH.,“gives orange colour… gives bluish colour”,0.94
26,,Physics,E,2.0,Study the following ray diagram and list two mistakes committed by the student while tracing it. Rectify these mistakes by drawing the correct ray diagram to show the real position and size of the image corresponding to the position of the object AB. OR A student has to trace the path of a ray of light through a glass prism. List four precautions he should observe for better results.,2019,2,Analyze,Conceptual,Requires examining a ray diagram for errors and correcting image construction.,“list two mistakes… Rectify these mistakes”,0.72
27,,Physics,E,2.0,Which one of the following is the correct set-up for studying the dependence of the current on the potential difference across a resistor and why?,2019,2,Evaluate,Procedural,Requires selecting the suitable experimental setup using circuit criteria.,“correct set-up… and why”,0.7
1,,Physics,A,1.0,"If the potential difference across the two ends of a conductor is 5 V and the current through it is 0.2 A, then what is the resistance of the conductor?",2019,1,Apply,Procedural,Requires applying Ohm's law to given voltage and current values.,“potential difference… 5 V… current… 0.2 A”,0.99
2,,Physics,A,1.0,Write the major hazard of nuclear power generation.,2019,1,Remember,Factual,Requires recalling a major known hazard of nuclear generation.,“Write the major hazard”,0.96
3,,Physics,B,2.0,"Draw a labelled ray diagram to show the path of the reflected ray corresponding to the ray which is incident obliquely to the principal axis, towards the pole of a convex mirror. Mark the angle of incidence and angle of reflection on it.",2019,1,Apply,Conceptual,Requires applying convex-mirror reflection rules to a specified incident ray.,“ray… incident obliquely… towards the pole”,0.92
4,,Physics,B,2.0,What is the principle of an electric motor? State the rule which is applied to determine the direction of force experienced by a current carrying conductor when kept in a magnetic field.,2019,1,Remember,Conceptual,Requires stating the motor principle and the directional-force rule.,“What is the principle… State the rule”,0.94
5,,Chemistry,B,2.0,"Name the acid present in ant sting and give its chemical formula. Also give the common method to get relief from the discomfort caused by the ant sting. OR A student prepared solutions of (i) an acid and (ii) a base in two separate beakers but forgot to label the solutions and litmus paper is not available in the laboratory. Since both the solutions are colourless, how will he distinguish between the two using (a) phenolphthalein and (b) methyl orange ?",2019,1,Remember,Factual,"Requires recalling the ant-sting acid, formula, and common relief method.",“Name the acid… give its chemical formula”,0.68
6,,Biology,C,3.0,What is a food chain? Why is the flow of energy in an ecosystem unidirectional? Explain briefly. OR (a) Why should National Parks be allowed to remain in their pristine form? (b) Why is reuse of materials better than recycling?,2019,1,Understand,Conceptual,Requires explaining energy-flow direction or environmental conservation relationships.,“Why is the flow of energy… unidirectional?”,0.82
7,,Biology,C,3.0,What is a dam? List two main advantages and two ill effects of constructing a big dam.,2019,1,Remember,Factual,Requires recalling the definition and established advantages and effects of dams.,“What is a dam? List two”,0.94
8,a,Biology,C,1.5,(a) Write two water conducting tissues present in plants. How does water enter continuously into the root xylem?,2019,1,Understand,Conceptual,Requires explaining continuous water entry into root xylem through plant tissues.,“How does water enter continuously into the root xylem?”,0.93
8,b,Biology,C,1.5,(b) Explain why plants have low energy needs as compared to animals.,2019,1,Understand,Conceptual,Requires explaining the relationship between plant lifestyle and energy requirement.,“Explain why plants have low energy needs”,0.97
9,,Biology,C,3.0,Nervous and hormonal systems together perform the function of control and coordination in human beings. Justify the statement.,2019,1,Understand,Conceptual,Requires explaining how nervous and hormonal systems jointly coordinate functions.,“together perform the function of control and coordination”,0.95
10,,Biology,C,3.0,Define genetics. Why is decrease in the number of surviving tigers a cause of concern from the point of view of genetics? Explain briefly.,2019,1,Understand,Conceptual,Requires explaining genetic concern associated with declining tiger population size.,“Why is decrease… a cause of concern… genetics?”,0.94
11,a,Chemistry,C,1.0,(a) List any two observations.,2019,1,Remember,Factual,Requires listing observed facts from an implied experimental context.,“List any two observations”,0.45
11,b,Chemistry,C,1.0,(b) Name the type of chemical reaction taking place.,2019,1,Remember,Conceptual,Requires naming the reaction category based on an implied reaction.,“Name the type of chemical reaction”,0.51
11,c,Chemistry,C,1.0,(c) Write balanced chemical equation for the reaction and name the products formed.,2019,1,Apply,Procedural,Requires using chemical-symbol rules to write and balance an equation.,“Write balanced chemical equation”,0.62
11,OR,Chemistry,C,3.0,"OR You might have noted that when copper powder is heated in a china dish, the reddish brown surface of copper powder becomes coated with a black substance. (a) Why has this black substance formed ? (b) What is this black substance? (c) Write the chemical equation of the reaction that takes place. (d) How can the black coating on the surface be turned reddish brown?",2019,1,Apply,Conceptual,Requires explaining oxidation of copper and applying reactions to reverse the coating.,“heated… becomes coated with a black substance”,0.93
12,,Chemistry,C,3.0,"In an industrial process used for the manufacture of sodium hydroxide, a gas 'A' is formed as a by-product. The gas 'A' reacts with lime water to give a compound 'B' which is used as a bleaching agent in the chemical industry. Identify 'A' and 'B'. Also give the chemical equations of the reactions involved.",2019,1,Remember,Factual,"Requires recalling chlor-alkali by-products, bleaching compound, and associated equations.",“Identify ‘A’ and ‘B’… equations involved”,0.84
13,,Chemistry,C,3.0,An ore on treatment with dilute hydrochloric acid produces brisk effervescence. Name the type of ore with one example. What steps will be required to obtain metal from the enriched ore? Also write the chemical equations for the reactions involved in the process.,2019,1,Apply,Conceptual,Uses ore reactivity and extraction principles to determine processing steps and reactions.,“dilute hydrochloric acid produces brisk effervescence”,0.86
14,,Physics,C,3.0,A concave mirror has a focal length of 20 cm. At what distance from the mirror should a 4 cm tall object be placed so that it forms an image at a distance of 30 cm from the mirror? Also calculate the size of the image formed. OR A real image 2/3rd of the size of an object is formed by a convex lens when the object is at a distance of 12 cm from it. Find the focal length of the lens.,2019,1,Apply,Procedural,Applies mirror or lens formulas to calculate image quantities in specified cases.,“find focal length” and “calculate size”,0.99
15,,Physics,C,3.0,Magnetic field lines are shown in the given diagram. A student makes a statement that the magnetic field at 'A' is stronger than at 'B'. Justify this statement. Also redraw the diagram and mark the direction of magnetic field lines.,2019,1,Analyze,Conceptual,Examines field-line spacing at two locations to defend relative field strength.,“field at 'A' is stronger than at 'B'”,0.91
16,a,Biology,D,2.5,(a) Distinguish between cross-pollination and self-pollination. Mention the site and product of fertilization in a flower.,2019,1,Understand,Conceptual,Explains differences between pollination types and reproductive relationships in flowers.,“Distinguish between cross-pollination and self-pollination”,0.98
16,b,Biology,D,2.5,"(b) Draw labelled diagram of a pistil showing the following parts : Stigma, Style, Ovary, Female germ cell",2019,1,Remember,Factual,Reproduces a standard labelled anatomical representation of a pistil.,“Draw labelled diagram of a pistil”,0.99
16,OR-a,Biology,D,2.0,OR (a) Draw a diagram of human female reproductive system and label the parts: (i) which produce an egg. (ii) where fertilization takes place.,2019,1,Remember,Factual,Reproduces the standard female reproductive-system diagram with requested labels.,“Draw a diagram of human female reproductive system”,0.99
16,OR-b,Biology,D,1.5,(b) List two bacterial diseases which are transmitted sexually.,2019,1,Remember,Factual,Retrieves examples of sexually transmitted bacterial diseases.,“List two bacterial diseases”,0.99
16,OR-c,Biology,D,1.5,(c) What are contraceptive devices ? Give two reasons for adopting contraceptive devices in humans.,2019,1,Understand,Conceptual,Explains the meaning and purposes of contraceptive devices.,“Give two reasons for adopting contraceptive devices”,0.98
17,a,Biology,D,2.5,(a) How is equal genetic contribution of male and female parents ensured in the progeny? Explain.,2019,1,Understand,Conceptual,Explains how gamete formation ensures equal parental genetic contribution.,“equal genetic contribution of male and female parents”,0.96
17,b,Biology,D,2.5,(b) Does the occurrence of diversity of animals on Earth suggest their diverse ancestry also? Discuss this point in the light of evolution.,2019,1,Analyze,Conceptual,Examines the relationship between biodiversity and ancestry using evolutionary ideas.,“diverse ancestry... in the light of evolution”,0.87
18,a,Physics,D,3.0,"(a) A 5 cm tall object is placed perpendicular to the principal axis of a convex lens of focal length 20 cm. The distance of the object from the lens is 30 cm. Find the position, nature and size of the image formed.",2019,1,Apply,Procedural,"Uses lens formulas and conventions to determine image position, nature, and size.",“focal length 20 cm... object... 30 cm”,0.99
18,b,Physics,D,2.0,"(b) Draw a labelled ray diagram showing object distance, image distance and focal length in the above case.",2019,1,Apply,Conceptual,Constructs a ray diagram whose form depends on the given lens situation.,“in the above case”,0.95
19,,Physics,D,5.0,"Compare the power used in 2 Ω resistor in each of the following circuits: (A) 6V battery in series with 1Ω and 2Ω resistors (B) 4V battery in parallel with 1Ω and 2Ω resistors. OR A bulb is rated 40 W; 220 V. Find the current drawn by it, when it is connected to a 220 V supply. Also find its resistance. If the given bulb is replaced by a bulb of rating 25 W; 220 V, will there be any change in the value of current and resistance? Justify your answer and determine the change.",2019,1,Apply,Procedural,Calculates and compares electrical quantities using circuit and power relations.,“Compare the power used”,0.98
20,a,Chemistry,D,1.0,(a) Name the element with smallest atomic radius.,2019,1,Remember,Factual,Retrieves the element associated with the smallest atomic radius.,“Name the element with smallest atomic radius”,0.99
20,b,Chemistry,D,1.0,(b) Name the element which shows maximum valency.,2019,1,Remember,Factual,Retrieves the element known for maximum valency.,“Name the element which shows maximum valency”,0.94
20,c,Chemistry,D,1.0,(c) Name the element which is a metalloid.,2019,1,Remember,Factual,Retrieves an element classified as a metalloid.,“element which is a metalloid”,0.99
20,d,Chemistry,D,1.0,(d) Name the element which is most electropositive.,2019,1,Remember,Factual,Retrieves the element identified as most electropositive.,“element which is most electropositive”,0.96
20,e,Chemistry,D,1.0,(e) Write the chemical formula of the compound formed when the elements of atomic number 6 and 8 react together.,2019,1,Apply,Conceptual,Uses valency relationships to formulate the compound of two specified elements.,“atomic number 6 and 8 react together”,0.98
21,a,Chemistry,D,4.0,"(a) State the reason why carbon can neither form C4+ cations nor C4- anions, but forms covalent bonds. Also state reasons to explain why covalent compounds (i) are bad conductors of electricity. (ii) have low melting and boiling points.",2019,1,Understand,Conceptual,Explains carbon bonding and the properties of covalent compounds through particle relationships.,“State the reason why carbon... forms covalent bonds”,0.98
21,b,Chemistry,D,1.0,"(b) Write the structural formula of benzene, C6H6.",2019,1,Remember,Factual,Reproduces the standard structural representation of benzene.,“Write the structural formula of benzene”,0.99
21,OR-a,Chemistry,D,1.0,OR (a) Define the term 'isomer'.,2019,1,Remember,Conceptual,Retrieves the definition of the isomerism concept.,“Define the term ‘isomer’”,0.99
21,OR-b,Chemistry,D,2.0,(b) Two compounds have same molecular formula C3H6O. Write the name of these compounds and their structural formula.,2019,1,Remember,Factual,Retrieves known compounds and their standard structural formulas for a molecular formula.,“same molecular formula C3H6O”,0.9
21,OR-c,Chemistry,D,2.0,(c) How would you bring the following conversions : (i) Ethanol to ethene (ii) Propanol to propanoic acid,2019,1,Apply,Procedural,Uses known organic conversion methods to obtain specified products.,“bring the following conversions”,0.96
22,,Physics,E,2.0,"A teacher gives a convex lens and a concave mirror of focal length of 20 cm each to his student and asks him to find their focal lengths by obtaining the image of a distant object. The student uses a distant tree as the object and obtains its sharp image, one by one, on a screen. The distances d1 and d2 between the lens/mirror and the screen in the two cases and the nature of their respective sharp images are likely to be (a) (20 cm, 40 cm) and (erect and erect) (b) (20 cm, 40 cm) and (inverted and inverted) (c) (20 cm, 20 cm) and (inverted and inverted) (d) (20 cm, 40 cm) and (erect and inverted) Give reason for your answer.",2019,1,Apply,Conceptual,Applies distant-object image formation principles to select image distances and nature.,“image of a distant object... on a screen”,0.98
23,,Physics,E,2.0,"The rest position of the needles in a milliammeter and voltmeter, not in use, are as shown in Figure A. When a student uses these instruments in his experiment, the readings of the needles are in the positions shown in Figure B. Determine the correct values of current and voltage the student should use in his calculations. OR In the experiment to study the dependence of current (I) on the potential difference (V) across a resistor, a student obtained a graph as shown. (i) What does the graph depict about the dependence of current on the potential difference? (ii) Find the current that flows through the resistor when the potential difference across it is 2.5 V.",2019,1,Apply,Procedural,Interprets instrument scales or a graph to obtain experimental electrical values.,“Determine the correct values of current and voltage”,0.78
24,,Biology,E,2.0,"Draw labelled diagram to show the following parts in an embryo of a pea seed: Cotyledon, Plumule, Radical OR A student observed a permanent slide showing asexual reproduction in Hydra. Draw labelled diagram in proper sequence of the observations that must have been made by the student. Name the process of reproduction also.",2019,1,Remember,Factual,Reproduces a standard seed-embryo or Hydra reproduction representation and labels.,“Draw labelled diagram”,0.88
25,,Biology,E,2.0,"In the experiment ""To prepare a temporary mount of a leaf peel to show stomata"", glycerine and safranin are used. When and why are these two liquids used? Explain.",2019,1,Understand,Procedural,Explains when laboratory reagents are used and their roles in slide preparation.,“When and why are these two liquids used?”,0.98
26,,Chemistry,E,2.0,What would you observe on adding zinc granules to freshly prepared ferrous sulphate solution? Give reason for your answer.,2019,1,Apply,Conceptual,Predicts displacement observations by applying the metal reactivity series.,“zinc granules... ferrous sulphate solution”,0.99
27,,Chemistry,E,2.0,How is the presence of an acid tested with a strip of red litmus paper? OR A student is performing an experiment to study the properties of acetic acid. Answer the following questions: (i) Name the substance he must add to acetic acid to produce carbon dioxide. (ii) Give the relevant chemical equation for the reaction. (iii) How would he test CO2 gas in the laboratory?,2019,1,Remember,Procedural,Retrieves the standard laboratory method for testing acidity or acetic-acid products.,“presence of an acid tested”,0.86
1,,biology,A,1.0,A Mendelian experiment consisted of breeding pea plants bearing violet flowers with pea plants bearing white flowers. What will be the result in F1 progeny?,2018,1,Apply,Conceptual,Predicts F1 offspring by applying Mendelian dominance to a stated cross.,“violet flowers... white flowers... F1 progeny”,0.98
2,,physics,A,1.0,Write the energy conversion that takes place in a hydropower plant.,2018,1,Remember,Conceptual,Retrieves the known energy transformation in a hydropower plant.,“Write the energy conversion”,0.99
3,,chemistry,A,2.0,"A compound 'X' on heating with excess conc. sulphuric acid at 443 K gives an unsaturated compound 'Y'. 'X' also reacts with sodium metal to evolve a colourless gas 'Z'. Identify 'X', 'Y' and 'Z'. Write the equation of the chemical reaction of formation of 'Y' and also write the role of sulphuric acid in the reaction.",2018,1,Apply,Conceptual,Uses reaction conditions and observations to identify compounds and reaction roles.,“heating with excess conc. sulphuric acid”,0.97
4,a,biology,A,1.0,Name one gustatory receptor and one olfactory receptor present in human beings.,2018,1,Remember,Factual,Retrieves examples of gustatory and olfactory receptors.,“Name one gustatory receptor and one olfactory receptor”,0.99
4,b,biology,A,1.0,Write a and b in the given flow chart of neuron through which information travels as an electrical impulse. Dendrite -> a -> b -> End point of Neuron,2018,1,Remember,Factual,Retrieves the standard sequence of impulse transmission through a neuron.,“Dendrite -> a -> b -> End point”,0.99
5,,physics,A,2.0,"If the image formed by a spherical mirror for all positions of the object placed in front of it is always erect and diminished, what type of mirror is it? Draw a labelled ray diagram to support your answer.",2018,1,Apply,Conceptual,Uses image characteristics to identify the mirror and construct its ray diagram.,“always erect and diminished”,0.99
6,,chemistry,A,3.0,"Decomposition reactions require energy either in the form of heat or light or electricity for breaking down the reactants. Write one equation each for decomposition reactions where energy is supplied in the form of heat, light and electricity.",2018,1,Remember,Conceptual,Retrieves representative decomposition equations classified by supplied energy source.,"“one equation each... heat, light and electricity”",0.96
7,,chemistry,A,3.0,"2 mL of sodium hydroxide solution is added to a few pieces of granulated zinc metal taken in a test tube. When the contents are warmed, a gas evolves which is bubbled through a soap solution before testing. Write the equation of the chemical reaction involved and the test to detect the gas. Name the gas which will be evolved when the same metal reacts with dilute solution of a strong acid. OR The pH of a salt used to make tasty and crispy pakoras is 14. Identify the salt and write a chemical equation for its formation. List its two uses.",2018,1,Apply,Conceptual,Applies metal reactions and gas tests to a stated experimental situation.,“sodium hydroxide solution... granulated zinc”,0.87
8,a,chemistry,A,1.5,Why are most carbon compounds poor conductors of electricity?,2018,1,Understand,Conceptual,Explains poor electrical conduction using bonding and absence of mobile charge carriers.,“Why are most carbon compounds poor conductors”,0.99
8,b,chemistry,A,1.5,Write the name and structure of a saturated compound in which the carbon atoms are arranged in a ring. Give the number of single bonds present in this compound.,2018,1,Apply,Conceptual,Uses cyclic saturated-carbon structure to identify a compound and count single bonds.,“carbon atoms are arranged in a ring”,0.92
9,a,biology,A,1.0,Name the hormones secreted by Thyroid endocrine gland and specify one function of it.,2018,1,Remember,Factual,Retrieves thyroid hormone names and a known function.,“Name the hormones... specify one function”,0.99
9,b,biology,A,1.0,Name the hormones secreted by Pituitary endocrine gland and specify one function of it.,2018,1,Remember,Factual,Requires recalling pituitary hormones and a stated function.,“Name the hormones” and “specify one function”,0.98
9,c,biology,A,1.0,Name the hormones secreted by Pancreas endocrine gland and specify one function of it.,2018,1,Remember,Factual,Requires recalling pancreatic hormones and a stated function.,“Name the hormones” and “specify one function”,0.98
10,,biology,A,3.0,Write one main difference between asexual and sexual mode of reproduction. Which species is likely to have comparatively better chances of survival - the one reproducing asexually or the one reproducing sexually? Give reason to justify your answer.,2018,1,Understand,Conceptual,Requires comparing reproductive modes and explaining survival through variation.,"“difference,” “better chances of survival,” “Give reason”",0.91
11,,physics,A,3.0,State the laws of refraction of light. Explain the term 'absolute refractive index of a medium' and write an expression to relate it with the speed of light in vacuum. OR What is meant by power of a lens? Write its SI unit. A student uses a lens of focal length 40 cm and another of -20 cm. Write the nature and power of each lens.,2018,1,Apply,Procedural,Requires using focal-length and power relationships for specified lenses.,“focal length 40 cm” and “-20 cm”,0.63
12,,physics,A,3.0,"Show how would you join three resistors, each of resistance 9 Ω so that the equivalent resistance of the combination is (i) 13.5 Ω, (ii) 6 Ω? OR (a) Write Joule's law of heating. (b) Two lamps, one rated 100 W; 220 V, and the other 60 W; 220 V, are connected in parallel to electric mains supply. Find the current drawn by two bulbs from the line, if the supply voltage is 220 V.",2018,1,Apply,Procedural,Requires arranging resistors or calculating current using electrical laws.,“join three resistors” and “Find the current”,0.95
13,a,physics,A,1.0,List the factors on which the resistance of a conductor in the shape of a wire depends.,2018,1,Remember,Conceptual,Requires recalling the variables governing wire resistance.,“factors on which the resistance... depends”,0.96
13,b,physics,A,1.0,Why are metals good conductors of electricity whereas glass is a bad conductor of electricity? Give reason.,2018,1,Understand,Conceptual,Requires explaining conductivity through differences in charge-carrier availability.,“Why are metals... whereas glass...”,0.96
13,c,physics,A,1.0,Why are alloys commonly used in electrical heating devices? Give reason.,2018,1,Understand,Conceptual,Requires explaining why alloy properties suit heating devices.,“Why are alloys... used in electrical heating devices?”,0.96
14,a,biology,A,1.0,Suggest two measures to manage the garbage we produce.,2018,1,Remember,Factual,Requires recalling known garbage-management measures.,“Suggest two measures to manage the garbage”,0.91
14,b,biology,A,1.0,"As an individual, what can we do to generate the least garbage? Give two points.",2018,1,Remember,Factual,Requires recalling individual waste-reduction actions.,“Give two points” for generating least garbage,0.91
14,c,biology,A,1.0,List two values the teacher instilled in his students in this episode.,2018,1,Remember,Factual,Requires recalling values associated with the unspecified episode.,“List two values... in this episode”,0.67
15,,physics,A,3.0,"What is a dam? Why do we seek to build large dams? While building large dams, which three main problems should particularly be addressed to maintain peace among local people? Mention them.",2018,1,Remember,Conceptual,Requires recalling dam purposes and recognised social problems of large dams.,“Why... large dams” and “three main problems”,0.86
16,a,chemistry,A,2.5,Write the steps involved in the extraction of pure metals in the middle of the activity series from their carbonate ores.,2018,1,Remember,Procedural,Requires reproducing the taught extraction sequence for carbonate ores.,“Write the steps involved in extraction”,0.97
16,b,chemistry,A,2.5,How is copper extracted from its sulphide ore? Explain the various steps supported by chemical equations. Draw labelled diagram for the electrolytic refining of copper.,2018,1,Remember,Procedural,"Requires reproducing known extraction, reaction, and refining procedures for copper.","“various steps,” “chemical equations,” “labelled diagram”",0.94
17,a,chemistry,A,2.0,"The modern periodic table has been evolved through the early attempts of Dobereiner, Newland and Mendeleev. List one advantage and one limitation of all the three attempts.",2018,1,Remember,Conceptual,Requires recalling established advantages and limitations of historical classification attempts.,“List one advantage and one limitation”,0.9
17,b,chemistry,A,1.5,Name the scientist who first of all showed that atomic number of an element is a more fundamental property than its atomic mass.,2018,1,Remember,Factual,Requires recalling the scientist associated with atomic number.,“Name the scientist”,0.99
17,c,chemistry,A,1.5,State Modern periodic law.,2018,1,Remember,Conceptual,Requires stating the learned modern periodic law.,“State Modern periodic law”,0.99
18,a,biology,A,1.25,Mention any two components of blood.,2018,1,Remember,Factual,Requires recalling named blood components.,“Mention any two components of blood”,0.99
18,b,biology,A,1.25,Trace the movement of oxygenated blood in the body.,2018,1,Remember,Conceptual,Requires reproducing the standard pathway of oxygenated blood.,“Trace the movement of oxygenated blood”,0.96
18,c,biology,A,1.25,Write the function of valves present in between atria and ventricles.,2018,1,Remember,Conceptual,Requires recalling the role of atrioventricular valves.,“Write the function of valves”,0.98
18,d,biology,A,1.25,Write one structural difference between the composition of artery and veins. OR (a) Define excretion. (b) Name the basic filtration unit present in the kidney. (c) Draw excretory system in human beings and label the following organs of excretory system which perform following functions: (i) form urine. (ii) is a long tube which collects urine from kidney. (iii) store urine until it is passed out.,2018,1,Remember,Factual,Requires recalling vessel differences or labelled excretory-system facts.,“structural difference” or “Name... Draw excretory system”,0.79
19,a,biology,A,2.5,Write the function of following parts in human female reproductive system: (i) Ovary (ii) Oviduct (iii) Uterus,2018,1,Remember,Conceptual,Requires recalling functions of female reproductive organs.,"“Write the function” of ovary, oviduct, uterus",0.98
19,b,biology,A,2.5,Describe in brief the structure and function of placenta.,2018,1,Remember,Conceptual,Requires recalling the placenta's taught structure and functions.,“Describe... structure and function of placenta”,0.97
20,a,physics,A,2.5,A student is unable to see clearly the words written on the black board placed at a distance of approximately 3 m from him. Name the defect of vision the boy is suffering from. State the possible causes of this defect and explain the method of correcting it.,2018,1,Apply,Conceptual,Requires applying vision-defect concepts to the student's distant-vision symptoms.,“unable to see clearly... black board... 3 m”,0.97
20,b,physics,A,2.5,Why do stars twinkle? Explain. OR (a) Write the function of each of the following parts of human eye : (i) Cornea (ii) Iris (iii) Crystalline lens (iv) Ciliary muscles (b) Why does the sun appear reddish early in the morning? Will this phenomenon be observed by an astronaut on the Moon? Give reason to justify your answer.,2018,1,Apply,Conceptual,Requires applying atmospheric-scattering concepts to the Moon observation condition.,“Will this phenomenon be observed... on the Moon?”,0.68
21,a,physics,A,1.5,State Fleming's left hand rule.,2018,1,Remember,Procedural,Requires stating a learned operational rule for force direction.,“State Fleming's left hand rule”,0.99
21,b,physics,A,1.5,Write the principle of working of an electric motor.,2018,1,Remember,Conceptual,Requires stating the learned operating principle of an electric motor.,“Write the principle of working”,0.99
21,c,physics,A,2.0,Explain the function of the following parts of an electric motor. (i) Armature (ii) Brushes (iii) Split ring,2018,1,Remember,Conceptual,Requires recalling functions of standard motor components.,“Explain the function” of motor parts,0.98
22,,chemistry,B,2.0,"A student added few pieces of aluminium metal to two test tubes A and B containing aqueous solutions of iron sulphate and copper sulphate. In the second part of her experiment, she added iron metal to another test tubes C and D containing aqueous solutions of aluminium sulphate and copper sulphate. In which test tube or test tubes will she observe colour change? On the basis of this experiment, state which one is the most reactive metal and why.",2018,1,Analyze,Conceptual,Requires examining displacement outcomes to infer relative metal reactivity.,“In which test tube... colour change” and “most reactive”,0.96
23,,chemistry,B,2.0,What is observed when a solution of sodium sulphate is added to a solution of barium chloride taken in a test tube? Write equation for the chemical reaction involved and name the type of reaction in this case.,2018,1,Apply,Conceptual,Requires applying double-displacement rules to predict products and observations.,“sodium sulphate... barium chloride”,0.97
24,,biology,B,2.0,List the steps of preparation of temporary mount of a leaf peel to observe stomata.,2018,1,Remember,Procedural,Requires reproducing the taught procedure for preparing a stomatal mount.,“List the steps of preparation”,0.99
25,,biology,B,2.0,Name the process by which an amoeba reproduces. Draw the various stages of its reproduction in a proper sequence. OR A student is viewing under a microscope a permanent slide showing various stages of asexual reproduction by budding in yeast. Draw diagrams of what he observes. (in proper sequence),2018,1,Remember,Conceptual,Requires recalling the asexual reproduction process and its standard stages.,“Name the process” and “Draw the various stages”,0.92
26,,physics,B,2.0,An object of height 4.0 cm is placed at a distance of 30 cm from the optical centre 'O' of a convex lens of focal length 20 cm. Draw a ray diagram to find the position and size of the image formed. Mark optical centre 'O' and principal focus 'F' on the diagram. Also find the approximate ratio of size of the image to the size of the object.,2018,1,Apply,Procedural,Requires using lens formula and ray-diagram conventions for given values.,“object... 30 cm” and “focal length 20 cm”,0.99
27,,physics,B,2.0,"The values of current (I) flowing through a given resistor of resistance (R), for the corresponding values of potential difference (V) across the resistor are as given below: V (volts): 0.5, 1.0, 1.5, 2.0, 2.5, 3.0, 4.0, 5.0. I (amperes): 0.1, 0.2, 0.3, 0.4, 0.5, 0.6, 0.8, 1.0. Plot a graph between current (I) and potential difference (V) and determine the resistance (R) of the resistor.",2018,1,Apply,Procedural,Requires plotting supplied data and determining resistance from the graph.,“Plot a graph” and “determine the resistance”,0.99
1,,physics,A,1.0,Write the energy conversion that takes place in a hydropower plant.,2018,2,Remember,Conceptual,Requires recalling the standard energy transformation in hydropower generation.,“Write the energy conversion”,0.98
2,,biology,A,1.0,A Mendelian experiment consisted of breeding pea plants bearing violet flowers with pea plants bearing white flowers. What will be the result in F1 progeny?,2018,2,Apply,Conceptual,Requires predicting an F1 outcome using Mendelian inheritance principles.,“breeding... violet flowers... white flowers”,0.98
3,a,biology,A,1.0,Name one gustatory receptor and one olfactory receptor present in human beings.,2018,2,Remember,Factual,Requires recalling examples of gustatory and olfactory receptors.,“Name one gustatory receptor and one olfactory receptor”,0.99
3,b,biology,A,1.0,Write a and b in the given flow chart of neuron through which information travels as an electrical impulse. Dendrite -> a -> b -> End point of Neuron,2018,2,Remember,Factual,Requires recalling the labelled sequence of impulse transmission in a neuron.,“Write a and b in the given flow chart”,0.96
4,,physics,A,2.0,"If the image formed by a spherical mirror for all positions of the object placed in front of it is always erect and diminished, what type of mirror is it? Draw a labelled ray diagram to support your answer.",2018,2,Apply,Conceptual,Requires using image properties to identify a mirror and construct its ray diagram.,“always erect and diminished”,0.97
5,,chemistry,A,2.0,"A compound 'X' on heating with excess conc. sulphuric acid at 443 K gives an unsaturated compound 'Y'. 'X' also reacts with sodium metal to evolve a colourless gas 'Z'. Identify 'X', 'Y' and 'Z'. Write the equation of the chemical reaction of formation of 'Y' and also write the role of sulphuric acid in the reaction.",2018,2,Apply,Conceptual,Requires applying known alcohol reactions to identify products and acid role.,“heating... sulphuric acid” and “reacts with sodium”,0.98
6,,physics,A,3.0,State the laws of refraction of light. Explain the term 'absolute refractive index of a medium' and write an expression to relate it with the speed of light in vacuum. OR What is meant by power of a lens? Write its SI unit. A student uses a lens of focal length 40 cm and another of -20 cm. Write the nature and power of each lens.,2018,2,Understand,Conceptual,Explains refractive index and its relationship with light speed.,“Explain ... absolute refractive index” and relate speeds.,0.55
7,,biology,A,3.0,Write one main difference between asexual and sexual mode of reproduction. Which species is likely to have comparatively better chances of survival - the one reproducing asexually or the one reproducing sexually? Give reason to justify your answer.,2018,2,Evaluate,Conceptual,Judges which reproductive mode offers better survival using biological reasoning.,“better chances of survival” and “justify.”,0.9
8,,physics,A,3.0,"Show how would you join three resistors, each of resistance 9 Ω so that the equivalent resistance of the combination is (i) 13.5 Ω, (ii) 6 Ω? OR (a) Write Joule's law of heating. (b) Two lamps, one rated 100 W; 220 V, and the other 60 W; 220 V, are connected in parallel to electric mains supply. Find the current drawn by two bulbs from the line, if the supply voltage is 220 V.",2018,2,Apply,Procedural,Uses circuit-combination rules or electrical formulas for specified values.,“join three resistors” to obtain stated resistances.,0.92
9,a,biology,A,1.0,Name the hormones secreted by Thyroid endocrine gland and specify one function of it.,2018,2,Remember,Factual,Retrieves the thyroid hormone name and a known function.,“Name the hormones” and “specify one function.”,0.98
9,b,biology,A,1.0,Name the hormones secreted by Pituitary endocrine gland and specify one function of it.,2018,2,Remember,Factual,Retrieves pituitary hormone names and known functions.,“Name the hormones” and “specify one function.”,0.98
9,c,biology,A,1.0,Name the hormones secreted by Pancreas endocrine gland and specify one function of it.,2018,2,Remember,Factual,Retrieves pancreatic hormone names and known functions.,“Name the hormones” and “specify one function.”,0.98
10,,chemistry,A,3.0,"2 mL of sodium hydroxide solution is added to a few pieces of granulated zinc metal taken in a test tube. When the contents are warmed, a gas evolves which is bubbled through a soap solution before testing. Write the equation of the chemical reaction involved and the test to detect the gas. Name the gas which will be evolved when the same metal reacts with dilute solution of a strong acid. OR The pH of a salt used to make tasty and crispy pakoras is 14. Identify the salt and write a chemical equation for its formation. List its two uses.",2018,2,Apply,Conceptual,"Applies metal-reaction knowledge to identify products, equations, and gas tests.",Zinc reacts under specified warming and solution conditions.,0.73
11,a,chemistry,A,1.5,Why are most carbon compounds poor conductors of electricity?,2018,2,Understand,Conceptual,Explains conductivity through bonding and availability of charge carriers.,“Why are most carbon compounds poor conductors?”,0.96
11,b,chemistry,A,1.5,Write the name and structure of a saturated compound in which the carbon atoms are arranged in a ring. Give the number of single bonds present in this compound.,2018,2,Remember,Factual,"Recalls a standard cyclic saturated compound, structure, and bond count.",“name and structure” of a saturated ring compound.,0.94
12,,chemistry,A,3.0,"Decomposition reactions require energy either in the form of heat or light or electricity for breaking down the reactants. Write one equation each for decomposition reactions where energy is supplied in the form of heat, light and electricity.",2018,2,Remember,Conceptual,Recalls standard examples of decomposition reactions by three energy sources.,"“Write one equation each” for heat, light, electricity.",0.92
13,,physics,A,3.0,"What is a dam? Why do we seek to build large dams? While building large dams, which three main problems should particularly be addressed to maintain peace among local people? Mention them.",2018,2,Understand,Conceptual,Explains dam purposes and associated social consequences.,“Why ... build large dams” and problems addressed.,0.9
14,a,biology,A,1.0,Suggest two measures to manage the garbage we produce.,2018,2,Remember,Factual,Lists known waste-management measures.,“Suggest two measures to manage ... garbage.”,0.85
14,b,biology,A,1.0,"As an individual, what can we do to generate the least garbage? Give two points.",2018,2,Apply,Conceptual,Applies waste-reduction principles to individual everyday actions.,“As an individual” generate the least garbage.,0.84
14,c,biology,A,1.0,List two values the teacher instilled in his students in this episode.,2018,2,Remember,Factual,Retrieves values from the referenced episode.,“List two values ... in this episode.”,0.63
15,a,physics,A,1.0,List the factors on which the resistance of a conductor in the shape of a wire depends.,2018,2,Remember,Conceptual,Recalls variables governing resistance in a wire.,“List the factors” resistance depends on.,0.96
15,b,physics,A,1.0,Why are metals good conductors of electricity whereas glass is a bad conductor of electricity? Give reason.,2018,2,Understand,Conceptual,Explains differing conductivity using electron availability in materials.,“Why are metals ... whereas glass ...?”,0.96
15,c,physics,A,1.0,Why are alloys commonly used in electrical heating devices? Give reason.,2018,2,Understand,Conceptual,Explains alloy suitability through relevant electrical and thermal properties.,“Why are alloys commonly used” in heating devices.,0.95
16,a,physics,A,1.5,State Fleming's left hand rule.,2018,2,Remember,Procedural,States a learned operational rule for force direction.,“State Fleming's left hand rule.”,0.99
16,b,physics,A,1.5,Write the principle of working of an electric motor.,2018,2,Remember,Conceptual,Recalls the established principle underlying motor operation.,“Write the principle of working” of motor.,0.98
16,c,physics,A,2.0,Explain the function of the following parts of an electric motor. (i) Armature (ii) Brushes (iii) Split ring,2018,2,Understand,Conceptual,Explains the roles of interacting motor components.,"“Explain the function” of armature, brushes, split ring.",0.96
17,a,biology,A,2.5,Write the function of following parts in human female reproductive system: (i) Ovary (ii) Oviduct (iii) Uterus,2018,2,Understand,Conceptual,Explains functions of reproductive organs within the system.,"“Write the function” of ovary, oviduct, uterus.",0.97
17,b,biology,A,2.5,Describe in brief the structure and function of placenta.,2018,2,Understand,Conceptual,Explains placenta structure and its exchange-related functions.,“Describe ... structure and function of placenta.”,0.96
18,a,chemistry,A,2.5,Write the steps involved in the extraction of pure metals in the middle of the activity series from their carbonate ores.,2018,2,Remember,Procedural,Recalls the standard extraction sequence for carbonate ores.,“Write the steps involved” in extraction.,0.94
18,b,chemistry,A,2.5,How is copper extracted from its sulphide ore? Explain the various steps supported by chemical equations. Draw labelled diagram for the electrolytic refining of copper.,2018,2,Remember,Procedural,"Reproduces standard copper extraction, equations, and refining diagram.",“Explain the various steps” and “Draw labelled diagram.”,0.9
19,a,biology,A,1.25,Mention any two components of blood.,2018,2,Remember,Factual,Retrieves named components of blood.,“Mention any two components of blood.”,0.99
19,b,biology,A,1.25,Trace the movement of oxygenated blood in the body.,2018,2,Remember,Conceptual,Reproduces the learned circulation route of oxygenated blood.,“Trace the movement of oxygenated blood.”,0.93
19,c,biology,A,1.25,Write the function of valves present in between atria and ventricles.,2018,2,Understand,Conceptual,Explains how valves regulate one-way blood flow.,“Write the function of valves” between chambers.,0.97
19,d,biology,A,1.25,Write one structural difference between the composition of artery and veins. OR (a) Define excretion. (b) Name the basic filtration unit present in the kidney. (c) Draw excretory system in human beings and label the following organs of excretory system which perform following functions: (i) form urine. (ii) is a long tube which collects urine from kidney. (iii) store urine until it is passed out.,2018,2,Remember,Factual,Retrieves a standard vessel difference or excretory-system labels.,“Write one structural difference” or “Name” filtration unit.,0.7
20,a,chemistry,A,2.0,"The modern periodic table has been evolved through the early attempts of Dobereiner, Newland and Mendeleev. List one advantage and one limitation of all the three attempts.",2018,2,Remember,Conceptual,Recalls taught advantages and limitations of historical classification attempts.,“List one advantage and one limitation” of each.,0.88
20,b,chemistry,A,1.5,Name the scientist who first of all showed that atomic number of an element is a more fundamental property than its atomic mass.,2018,2,Remember,Factual,Retrieves the scientist associated with atomic-number periodicity.,“Name the scientist who first ... showed.”,0.99
20,c,chemistry,A,1.5,State Modern periodic law.,2018,2,Remember,Conceptual,States the learned modern periodic law.,“State Modern periodic law.”,0.99
21,a,physics,A,2.5,A student is unable to see clearly the words written on the black board placed at a distance of approximately 3 m from him. Name the defect of vision the boy is suffering from. State the possible causes of this defect and explain the method of correcting it.,2018,2,Apply,Conceptual,Applies vision-defect principles to symptoms and correction.,Cannot see a distant blackboard; identify and correct defect.,0.94
21,b,physics,A,2.5,Why do stars twinkle? Explain. OR (a) Write the function of each of the following parts of human eye : (i) Cornea (ii) Iris (iii) Crystalline lens (iv) Ciliary muscles (b) Why does the sun appear reddish early in the morning? Will this phenomenon be observed by an astronaut on the Moon? Give reason to justify your answer.,2018,2,Understand,Conceptual,Explains atmospheric optical phenomena or eye-part functions.,“Why do stars twinkle? Explain.”,0.69
22,,biology,B,2.0,Name the process by which an amoeba reproduces. Draw the various stages of its reproduction in a proper sequence. OR A student is viewing under a microscope a permanent slide showing various stages of asexual reproduction by budding in yeast. Draw diagrams of what he observes. (in proper sequence),2018,2,Remember,Factual,Recalls asexual reproduction stages and reproduces their standard sequence.,“Name the process” and “Draw ... stages.”,0.91
23,,physics,B,2.0,An object of height 4.0 cm is placed at a distance of 30 cm from the optical centre 'O' of a convex lens of focal length 20 cm. Draw a ray diagram to find the position and size of the image formed. Mark optical centre 'O' and principal focus 'F' on the diagram. Also find the approximate ratio of size of the image to the size of the object.,2018,2,Apply,Procedural,Uses lens formula and ray-diagram procedure with given measurements.,"Given object distance, height, and focal length.",0.98
24,,chemistry,B,2.0,"A student added few pieces of aluminium metal to two test tubes A and B containing aqueous solutions of iron sulphate and copper sulphate. In the second part of her experiment, she added iron metal to another test tubes C and D containing aqueous solutions of aluminium sulphate and copper sulphate. In which test tube or test tubes will she observe colour change? On the basis of this experiment, state which one is the most reactive metal and why.",2018,2,Analyze,Conceptual,Infers relative metal reactivity from multiple displacement observations.,Compare colour changes across four metal-salt test tubes.,0.95
25,,chemistry,B,2.0,What is observed when a solution of sodium sulphate is added to a solution of barium chloride taken in a test tube? Write equation for the chemical reaction involved and name the type of reaction in this case.,2018,2,Apply,Conceptual,Applies precipitation-reaction knowledge to specified mixed solutions.,Sodium sulphate is added to barium chloride.,0.96
26,,physics,B,2.0,"The values of current (I) flowing through a given resistor of resistance (R), for the corresponding values of potential difference (V) across the resistor are as given below: V (volts): 0.5, 1.0, 1.5, 2.0, 2.5, 3.0, 4.0, 5.0. I (amperes): 0.1, 0.2, 0.3, 0.4, 0.5, 0.6, 0.8, 1.0. Plot a graph between current (I) and potential difference (V) and determine the resistance (R) of the resistor.",2018,2,Apply,Procedural,Plots supplied values and calculates resistance from the graph relationship.,“Plot a graph” and “determine the resistance.”,0.99
27,,biology,B,2.0,List the steps of preparation of temporary mount of a leaf peel to observe stomata.,2018,2,Remember,Procedural,Recalls the standard laboratory procedure for a temporary stomatal mount.,“List the steps of preparation” of temporary mount.,0.98
1,,biology,A,1.0,A Mendelian experiment consisted of breeding pea plants bearing violet flowers with pea plants bearing white flowers. What will be the result in F1 progeny?,2018,3,Apply,Conceptual,Applies Mendelian dominance principles to predict F1 offspring.,Cross violet-flowered and white-flowered pea plants.,0.98
2,,physics,A,1.0,Write the energy conversion that takes place in a hydropower plant.,2018,3,Remember,Conceptual,Retrieves the standard energy transformation in a hydropower plant.,"""Write the energy conversion""",0.98
3,,physics,A,2.0,"If the image formed by a spherical mirror for all positions of the object placed in front of it is always erect and diminished, what type of mirror is it? Draw a labelled ray diagram to support your answer.",2018,3,Apply,Conceptual,Uses the stated image properties to determine the mirror and construct its ray diagram.,"""always erect and diminished""",0.96
4,,chemistry,A,2.0,"A compound 'X' on heating with excess conc. sulphuric acid at 443 K gives an unsaturated compound 'Y'. 'X' also reacts with sodium metal to evolve a colourless gas 'Z'. Identify 'X', 'Y' and 'Z'. Write the equation of the chemical reaction of formation of 'Y' and also write the role of sulphuric acid in the reaction.",2018,3,Apply,Conceptual,Applies characteristic alcohol reactions to identify products and explain acid's role.,"""heating with excess conc. sulphuric acid""",0.95
5,a,biology,A,1.0,Name one gustatory receptor and one olfactory receptor present in human beings.,2018,3,Remember,Factual,Retrieves examples of gustatory and olfactory receptors.,"""Name one""",0.99
5,b,biology,A,1.0,Write a and b in the given flow chart of neuron through which information travels as an electrical impulse. Dendrite -> a -> b -> End point of Neuron,2018,3,Remember,Factual,Recalls the standard sequence of impulse travel through a neuron.,"""Dendrite -> a -> b""",0.98
6,,physics,A,3.0,"Show how would you join three resistors, each of resistance 9 Ω so that the equivalent resistance of the combination is (i) 13.5 Ω, (ii) 6 Ω? OR (a) Write Joule's law of heating. (b) Two lamps, one rated 100 W; 220 V, and the other 60 W; 220 V, are connected in parallel to electric mains supply. Find the current drawn by two bulbs from the line, if the supply voltage is 220 V.",2018,3,Apply,Procedural,Uses circuit-combination rules or electrical formulas in specified cases.,"""equivalent resistance""; ""Find the current""",0.97
7,,physics,A,3.0,State the laws of refraction of light. Explain the term 'absolute refractive index of a medium' and write an expression to relate it with the speed of light in vacuum. OR What is meant by power of a lens? Write its SI unit. A student uses a lens of focal length 40 cm and another of -20 cm. Write the nature and power of each lens.,2018,3,Apply,Procedural,Includes determining lens nature and power from specified focal lengths.,"""focal length 40 cm and -20 cm""",0.84
8,a,biology,A,1.0,Name the hormones secreted by Thyroid endocrine gland and specify one function of it.,2018,3,Remember,Factual,Retrieves thyroid hormones and a known function.,"""Name the hormones""",0.99
8,b,biology,A,1.0,Name the hormones secreted by Pituitary endocrine gland and specify one function of it.,2018,3,Remember,Factual,Retrieves pituitary hormones and a known function.,"""Name the hormones""",0.99
8,c,biology,A,1.0,Name the hormones secreted by Pancreas endocrine gland and specify one function of it.,2018,3,Remember,Factual,Retrieves pancreatic hormones and a known function.,"""Name the hormones""",0.99
9,,biology,A,3.0,Write one main difference between asexual and sexual mode of reproduction. Which species is likely to have comparatively better chances of survival - the one reproducing asexually or the one reproducing sexually? Give reason to justify your answer.,2018,3,Understand,Conceptual,Explains reproductive differences and links variation with survival advantage.,"""Give reason to justify""",0.97
10,a,physics,A,1.0,List the factors on which the resistance of a conductor in the shape of a wire depends.,2018,3,Remember,Factual,Retrieves the taught factors affecting wire resistance.,"""List the factors""",0.99
10,b,physics,A,1.0,Why are metals good conductors of electricity whereas glass is a bad conductor of electricity? Give reason.,2018,3,Understand,Conceptual,Explains conductivity through the presence or absence of mobile charge carriers.,"""Give reason""",0.98
10,c,physics,A,1.0,Why are alloys commonly used in electrical heating devices? Give reason.,2018,3,Understand,Conceptual,Explains why alloy properties make them suitable for heating devices.,"""Why are alloys commonly used""",0.98
11,,physics,A,3.0,"What is a dam? Why do we seek to build large dams? While building large dams, which three main problems should particularly be addressed to maintain peace among local people? Mention them.",2018,3,Understand,Conceptual,Explains dam purposes and associated social problems requiring consideration.,"""Why do we seek""; ""problems""",0.93
12,a,biology,A,1.0,Suggest two measures to manage the garbage we produce.,2018,3,Remember,Factual,Retrieves known waste-management measures.,"""Suggest two measures""",0.96
12,b,biology,A,1.0,"As an individual, what can we do to generate the least garbage? Give two points.",2018,3,Remember,Factual,Retrieves known individual actions for reducing waste generation.,"""Give two points""",0.96
12,c,biology,A,1.0,List two values the teacher instilled in his students in this episode.,2018,3,Remember,Factual,Retrieves values associated with the unspecified episode.,"""values the teacher instilled""",0.65
13,a,chemistry,A,1.5,Why are most carbon compounds poor conductors of electricity?,2018,3,Understand,Conceptual,Explains poor conductivity using bonding and electron availability in carbon compounds.,"""Why are most carbon compounds""",0.98
13,b,chemistry,A,1.5,Write the name and structure of a saturated compound in which the carbon atoms are arranged in a ring. Give the number of single bonds present in this compound.,2018,3,Remember,Factual,"Recalls a cyclic saturated compound, its structure, and bond count.","""Name and structure""",0.96
14,,chemistry,A,3.0,"2 mL of sodium hydroxide solution is added to a few pieces of granulated zinc metal taken in a test tube. When the contents are warmed, a gas evolves which is bubbled through a soap solution before testing. Write the equation of the chemical reaction involved and the test to detect the gas. Name the gas which will be evolved when the same metal reacts with dilute solution of a strong acid. OR The pH of a salt used to make tasty and crispy pakoras is 14. Identify the salt and write a chemical equation for its formation. List its two uses.",2018,3,Apply,Conceptual,"Applies reaction knowledge to predict gases, equations, tests, and salt properties.","""zinc metal""; ""pH ... 14""",0.9
15,,chemistry,A,3.0,"Decomposition reactions require energy either in the form of heat or light or electricity for breaking down the reactants. Write one equation each for decomposition reactions where energy is supplied in the form of heat, light and electricity.",2018,3,Remember,Conceptual,Retrieves standard decomposition equations classified by energy source.,"""one equation each""",0.98
16,a,physics,A,2.5,A student is unable to see clearly the words written on the black board placed at a distance of approximately 3 m from him. Name the defect of vision the boy is suffering from. State the possible causes of this defect and explain the method of correcting it.,2018,3,Apply,Conceptual,Uses visual symptoms to diagnose myopia and determine its optical correction.,"""unable to see clearly""",0.98
16,b,physics,A,2.5,Why do stars twinkle? Explain. OR (a) Write the function of each of the following parts of human eye : (i) Cornea (ii) Iris (iii) Crystalline lens (iv) Ciliary muscles (b) Why does the sun appear reddish early in the morning? Will this phenomenon be observed by an astronaut on the Moon? Give reason to justify your answer.,2018,3,Understand,Conceptual,Explains atmospheric refraction or scattering and eye-part functions.,"""Why do stars twinkle? Explain""",0.88
17,a,biology,A,1.25,Mention any two components of blood.,2018,3,Remember,Factual,Retrieves named components of blood.,"""Mention any two components""",0.99
17,b,biology,A,1.25,Trace the movement of oxygenated blood in the body.,2018,3,Remember,Conceptual,Recalls the standard pathway of oxygenated blood through circulation.,"""Trace the movement""",0.97
17,c,biology,A,1.25,Write the function of valves present in between atria and ventricles.,2018,3,Remember,Factual,Retrieves the known function of atrioventricular valves.,"""Write the function of valves""",0.99
17,d,biology,A,1.25,Write one structural difference between the composition of artery and veins. OR (a) Define excretion. (b) Name the basic filtration unit present in the kidney. (c) Draw excretory system in human beings and label the following organs of excretory system which perform following functions: (i) form urine. (ii) is a long tube which collects urine from kidney. (iii) store urine until it is passed out.,2018,3,Remember,Factual,Retrieves structural facts or standard excretory-system labels and functions.,"""structural difference""; ""Draw excretory system""",0.94
18,a,biology,A,2.5,Write the function of following parts in human female reproductive system: (i) Ovary (ii) Oviduct (iii) Uterus,2018,3,Remember,Factual,Retrieves the known functions of female reproductive organs.,"""Write the function""",0.99
18,b,biology,A,2.5,Describe in brief the structure and function of placenta.,2018,3,Remember,Conceptual,Recalls the placenta's structure and its maternal-fetal functions.,"""structure and function of placenta""",0.97
19,a,physics,A,1.5,State Fleming's left hand rule.,2018,3,Remember,Procedural,States the learned operational rule for determining force direction.,"""State Fleming's left hand rule""",0.99
19,b,physics,A,1.5,Write the principle of working of an electric motor.,2018,3,Remember,Conceptual,Retrieves the established principle underlying electric motor operation.,"""principle of working""",0.99
19,c,physics,A,2.0,Explain the function of the following parts of an electric motor. (i) Armature (ii) Brushes (iii) Split ring,2018,3,Remember,Factual,Retrieves the specific functions of motor components.,"""function ... Armature ... Brushes""",0.99
20,a,chemistry,A,2.5,Write the steps involved in the extraction of pure metals in the middle of the activity series from their carbonate ores.,2018,3,Remember,Procedural,Recalls the standard sequence for extracting metals from carbonate ores.,"""Write the steps involved""",0.98
20,b,chemistry,A,2.5,How is copper extracted from its sulphide ore? Explain the various steps supported by chemical equations. Draw labelled diagram for the electrolytic refining of copper.,2018,3,Remember,Procedural,"Recalls copper extraction and electrolytic refining steps, equations, and diagram.","""various steps""; ""Draw labelled diagram""",0.97
21,a,chemistry,A,2.0,"The modern periodic table has been evolved through the early attempts of Dobereiner, Newland and Mendeleev. List one advantage and one limitation of all the three attempts.",2018,3,Remember,Conceptual,Retrieves advantages and limitations of historical periodic classification attempts.,"""List one advantage and one limitation""",0.97
21,b,chemistry,A,1.5,Name the scientist who first of all showed that atomic number of an element is a more fundamental property than its atomic mass.,2018,3,Remember,Factual,Retrieves the scientist associated with atomic number primacy.,"""Name the scientist""",0.99
21,c,chemistry,A,1.5,State Modern periodic law.,2018,3,Remember,Conceptual,States the learned modern periodic law.,"""State Modern periodic law""",0.99
22,,biology,B,2.0,List the steps of preparation of temporary mount of a leaf peel to observe stomata.,2018,3,Remember,Procedural,Recalls the standard laboratory procedure for preparing a temporary leaf peel mount.,"""List the steps of preparation""",0.98
23,,physics,B,2.0,An object of height 4.0 cm is placed at a distance of 30 cm from the optical centre 'O' of a convex lens of focal length 20 cm. Draw a ray diagram to find the position and size of the image formed. Mark optical centre 'O' and principal focus 'F' on the diagram. Also find the approximate ratio of size of the image to the size of the object.,2018,3,Apply,Procedural,Uses lens formulas and ray-diagram conventions with the given object and focal distances.,"""height 4.0 cm""; ""distance of 30 cm""",0.99
24,,physics,B,2.0,"The values of current (I) flowing through a given resistor of resistance (R), for the corresponding values of potential difference (V) across the resistor are as given below: V (volts): 0.5, 1.0, 1.5, 2.0, 2.5, 3.0, 4.0, 5.0. I (amperes): 0.1, 0.2, 0.3, 0.4, 0.5, 0.6, 0.8, 1.0. Plot a graph between current (I) and potential difference (V) and determine the resistance (R) of the resistor.",2018,3,Apply,Procedural,Uses graphing and resistance calculation procedures with supplied voltage-current data.,“Plot a graph” and “determine resistance”,0.99
25,,chemistry,B,2.0,What is observed when a solution of sodium sulphate is added to a solution of barium chloride taken in a test tube? Write equation for the chemical reaction involved and name the type of reaction in this case.,2018,3,Apply,Conceptual,Predicts an observation and reaction by applying precipitation-reaction knowledge to specified solutions.,Sodium sulphate added to barium chloride,0.96
26,,biology,B,2.0,Name the process by which an amoeba reproduces. Draw the various stages of its reproduction in a proper sequence. OR A student is viewing under a microscope a permanent slide showing various stages of asexual reproduction by budding in yeast. Draw diagrams of what he observes. (in proper sequence),2018,3,Remember,Conceptual,Recalls asexual reproduction processes and their standard sequential stages.,“Name the process” and draw stages,0.93
27,,chemistry,B,2.0,"A student added few pieces of aluminium metal to two test tubes A and B containing aqueous solutions of iron sulphate and copper sulphate. In the second part of her experiment, she added iron metal to another test tubes C and D containing aqueous solutions of aluminium sulphate and copper sulphate. In which test tube or test tubes will she observe colour change? On the basis of this experiment, state which one is the most reactive metal and why.",2018,3,Analyze,Conceptual,Examines outcomes across metal-salt combinations to infer the reactivity ordering.,“In which test tube” and “most reactive”,0.96
1,-,Chemistry,A,1.0,Write the molecular formula of the 2nd and the 3rd member of the homologous series whose first member is methane.,2017,1,Apply,Conceptual,Extends the homologous-series pattern to determine specified molecular formulae.,“2nd and 3rd member” from methane,0.94
2,-,Biology,A,1.0,"When a cell reproduces, what happens to its DNA?",2017,1,Understand,Conceptual,Explains the basic relationship between cell reproduction and DNA copying.,“what happens to its DNA?”,0.96
3,-,Biology,A,1.0,"In the following food chain, 100 J of energy is available to the lion. How much energy was available to the producer? Plants -> Deer -> Lion",2017,1,Apply,Conceptual,Applies trophic energy-transfer efficiency to the given food-chain energy value.,100 J available to lion,0.98
4,-,Physics,A,2.0,"An object is placed at a distance of 30 cm from a concave lens of focal length 15 cm. List four characteristics (nature, position, etc.) of the image formed by the lens.",2017,1,Apply,Conceptual,Applies concave-lens image rules to a specific object distance and focal length.,Object distance and focal length specified,0.98
5,a,Biology,A,1.0,State two advantages of conserving forests.,2017,1,Remember,Conceptual,Recalls taught benefits of forest conservation.,“State two advantages”,0.98
5,b,Biology,A,1.0,State two advantages of conserving wild-life.,2017,1,Remember,Conceptual,Recalls taught benefits of wildlife conservation.,“State two advantages”,0.98
6,-,Biology,A,2.0,Explain two main advantages associated with water harvesting at the community level.,2017,1,Understand,Conceptual,Explains known community-level benefits resulting from water harvesting.,“Explain two main advantages”,0.97
7,-,Chemistry,A,3.0,Write the structural formula of ethanol. What happens when it is heated with excess of conc. H2SO4 at 443 K? Write the chemical equation for the reaction stating the role of conc. H2SO4 in this reaction.,2017,1,Apply,Conceptual,Applies ethanol dehydration knowledge to specified heating conditions and identifies its role.,Ethanol heated with concentrated H₂SO₄ at 443 K,0.97
8,-,Chemistry,A,3.0,"Distinguish between esterification and saponification reactions with the help of the chemical equations for each. State one use of each (i) esters, and (ii) saponification process.",2017,1,Understand,Conceptual,Differentiates two reaction concepts using equations and associated uses.,“Distinguish between esterification and saponification”,0.96
9,a,Chemistry,A,1.5,Write the number of periods and groups in the Modern Periodic Table. How does the metallic character of elements vary on moving from left to right in a period? Give reason to justify your answer.,2017,1,Understand,Conceptual,Explains the periodic trend in metallic character and its cause.,Variation left to right and “Give reason”,0.98
9,b,Chemistry,A,1.5,Write the number of periods and groups in the Modern Periodic Table. How does the metallic character of elements vary on moving down a group? Give reason to justify your answer.,2017,1,Understand,Conceptual,Explains the group-wise metallic-character trend and its cause.,Variation down a group and “Give reason”,0.98
10,a,Chemistry,A,1.0,"Na, Mg and Al are the elements of the 3rd period of the Modern Periodic Table having group number 1, 2 and 13 respectively. Which one of these elements has the highest valency? Justify your answer stating the reason.",2017,1,Apply,Conceptual,Uses group-position relationships to determine valency for specified elements.,"Na, Mg, Al with given group numbers",0.96
10,b,Chemistry,A,1.0,"Na, Mg and Al are the elements of the 3rd period of the Modern Periodic Table having group number 1, 2 and 13 respectively. Which one of these elements has the largest atomic radius? Justify your answer stating the reason.",2017,1,Apply,Conceptual,Applies periodic radius trends to compare the specified third-period elements.,"“largest atomic radius” among Na, Mg, Al",0.96
10,c,Chemistry,A,1.0,"Na, Mg and Al are the elements of the 3rd period of the Modern Periodic Table having group number 1, 2 and 13 respectively. Which one of these elements has the maximum chemical reactivity? Justify your answer stating the reason.",2017,1,Apply,Conceptual,Applies periodic reactivity trends to the given elements and justifies the result.,“maximum chemical reactivity” among specified elements,0.95
11,-,Biology,A,3.0,Reproduction is one of the most important characteristics of living beings. Give three reasons in support of the statement.,2017,1,Understand,Conceptual,Explains why reproduction is an important characteristic of living organisms.,“Give three reasons in support”,0.96
12,-,Biology,A,3.0,What is vegetative propagation? State two advantages and two disadvantages of this method.,2017,1,Understand,Conceptual,Explains vegetative propagation and its advantages and disadvantages.,Define method; state advantages and disadvantages,0.98
13,-,Biology,A,3.0,List three techniques that have been developed to prevent pregnancy. Which one of these techniques is not meant for males? How does the use of these techniques have a direct impact on the health and prosperity of a family?,2017,1,Understand,Conceptual,Explains contraceptive methods and their implications for family health and prosperity.,"Techniques, male applicability, and direct impact",0.94
14,-,Biology,A,3.0,How did Mendel explain that it is possible that a trait is inherited but not expressed in an organism?,2017,1,Understand,Conceptual,Explains inheritance without expression through Mendel's dominance relationship.,Trait “inherited but not expressed”,0.97
15,-,Biology,A,3.0,Evolution and classification of organisms are interlinked. Give reasons to justify this statement.,2017,1,Understand,Conceptual,Explains the relationship between evolution and biological classification.,“Evolution and classification... interlinked”,0.97
16,-,Physics,A,3.0,"If the image formed by a lens for all positions of an object placed in front of it is always erect and diminished, what is the nature of this lens? Draw a ray diagram to justify your answer. If the numerical value of the power of this lens is 10 D, what is its focal length in the Cartesian system?",2017,1,Apply,Conceptual,Uses image characteristics and lens power rules to identify the lens and calculate focal length.,"Always erect, diminished; power 10 D",0.98
17,-,Physics,A,3.0,"State the cause of dispersion of white light by a glass prism. How did Newton, using two identical glass prisms, show that white light is made of seven colours? Draw a ray diagram to show the path of a narrow beam of white light, through a combination of two identical prisms arranged together in inverted position with respect to each other, when it is allowed to fall obliquely on one of the faces of the first prism of the combination.",2017,1,Understand,Conceptual,Explains dispersion and Newton's prism demonstration of white-light composition.,Cause of dispersion and two-prism demonstration,0.95
18,a,Biology,A,1.5,"Water is an elixir of life, a very important natural resource. Your Science teacher wants you to prepare a plan for a formative assessment activity, How to save water, the vital natural resource. Write any two ways that you will suggest to bring awareness in your neighbourhood, on how to save water.",2017,1,Create,Procedural,Generates an awareness plan with proposed neighbourhood water-saving actions.,“prepare a plan” and “suggest” ways,0.91
18,b,Biology,A,1.5,Name and explain any one way by which the underground water table does not go down further.,2017,1,Understand,Conceptual,Explains a method that prevents further lowering of the groundwater table.,“explain any one way”,0.96
19,-,Chemistry,A,5.0,"Why are certain compounds called hydrocarbons? Write the general formula for homologous series of alkanes, alkenes and alkynes and also draw the structure of the first member of each series. Write the name of the reaction that converts alkenes into alkanes and also write a chemical equation to show the necessary conditions for the reaction to occur.",2017,1,Understand,Conceptual,"Explains hydrocarbon series and hydrogenation relationships, including standard representations.",General formulae and alkene-to-alkane conversion,0.93
20,a (i),Biology,A,1.0,Write the functions of the ovary in a human female reproductive system.,2017,1,Remember,Factual,Recalls the functions of the ovary.,“Write the functions of the ovary”,0.99
20,a (ii),Biology,A,1.0,Write the functions of the uterus in a human female reproductive system.,2017,1,Remember,Factual,Recalls the functions of the uterus.,“Write the functions of the uterus”,0.99
20,a (iii),Biology,A,1.0,Write the functions of the fallopian tube in a human female reproductive system.,2017,1,Remember,Factual,Recalls the functions of the fallopian tube.,“Write the functions of the fallopian tube”,0.99
20,b,Biology,A,2.0,Write the structure and functions of placenta in a human female.,2017,1,Remember,Factual,Recalls taught structural features and functions of the placenta.,“Write the structure and functions of placenta”,0.97
21,-,Biology,A,5.0,"With the help of one example for each, distinguish between the acquired traits and the inherited traits. Why are the traits/experiences acquired during the entire lifetime of an individual not inherited in the next generation? Explain the reason of this fact with an example.",2017,1,Understand,Conceptual,Differentiates trait types and explains why acquired changes are not inherited.,Distinguish traits and explain non-inheritance,0.97
22,a,Physics,A,2.0,Analyse the observation table showing variation of image-distance with object-distance in case of a convex lens. What is the focal length of the convex lens? Give reason to justify your answer.,2017,1,Analyze,Conceptual,Examines object-image distance relationships in observations to infer focal length.,“Analyse the observation table”,0.72
22,b,Physics,A,1.5,Write the serial number of the observation which is not correct in the table. On what basis have you arrived at this conclusion?,2017,1,Analyze,Conceptual,Checks observation-table relationships to identify an inconsistent entry and basis.,“observation which is not correct”,0.72
22,c,Physics,A,1.5,Select an appropriate scale and draw a ray diagram for the observation at S.No.2. Also find the approximate value of magnification.,2017,1,Apply,Procedural,Uses ray-diagram construction and magnification procedures for a specified observation.,“draw a ray diagram” and find magnification,0.76
23,a,Physics,A,3.0,"If the image formed by a mirror for all positions of the object placed in front of it is always diminished, erect and virtual, state the type of the mirror and also draw a ray diagram to justify your answer. Write one use such mirrors are put to and why.",2017,1,Apply,Conceptual,Applies mirror image rules to identify a convex mirror and explain its use.,"Always diminished, erect, virtual image",0.98
23,b,Physics,A,2.0,Define the radius of curvature of spherical mirrors. Find the nature and focal length of a spherical mirror whose radius of curvature is + 24 cm.,2017,1,Apply,Conceptual,Uses the radius-focal-length relation and sign convention for a specified mirror.,Radius of curvature +24 cm,0.98
24,a,Physics,A,3.0,"A student suffering from myopia is not able to see distinctly the objects placed beyond 5 m. List two possible reasons due to which this defect of vision may have arisen. With the help of ray diagrams, explain why the student is unable to see distinctly the objects placed beyond 5 m from his eyes, and the type of corrective lens used and how this defect is corrected.",2017,1,Understand,Conceptual,"Explains myopia causes, image formation, and correction using a concave lens.","Reasons, ray diagrams, and corrective lens",0.96
24,b,Physics,A,2.0,"If, in this case, the numerical value of the focal length of the corrective lens is 5 m, find the power of the lens as per the new Cartesian sign convention.",2017,1,Apply,Procedural,Applies the lens-power formula and Cartesian sign convention to the given focal length.,Focal length 5 m; find power,0.99
25,-,Chemistry,B,1.0,"When you add a few drops of acetic acid to a test-tube containing sodium bicarbonate powder, which one of the following is your observation?",2017,1,Apply,Conceptual,Predicts an observation by applying the acid–bicarbonate reaction to a specified setup.,“add... acetic acid” and asks “observation”,0.98
26,-,Chemistry,B,1.0,"While studying the saponification reaction, what do you observe when you mix an equal amount of colourless vegetable oil and 20% aqueous solution of NaOH in a beaker?",2017,1,Apply,Conceptual,Predicts the observable result of saponification under specified mixing conditions.,“mix... vegetable oil and... NaOH”,0.96
27,-,Chemistry,B,1.0,"A student requires hard water for an experiment in his laboratory which is not available in the neighbouring area. Select from the following groups of salts, a group, each salt of which when dissolved in distilled water will make it hard.",2017,1,Apply,Conceptual,Uses salt-solubility and hardness concepts to select a suitable salt group.,“each salt... will make it hard”,0.95
28,-,Biology,B,1.0,"To perform an experiment to identify the different parts of an embryo of a dicot seed, first of all you require a dicot seed. Select dicot seeds from the following group: Wheat, Gram, Maize, Pea, Barley, Ground-nut.",2017,1,Understand,Conceptual,Classifies listed seeds as dicotyledonous using their biological classification.,“Select dicot seeds”,0.98
29,-,Biology,B,1.0,"The following vegetables are kept in a basket: Potato, Tomato, Radish, Brinjal, Carrot, Bottle-gourd. Which two of these vegetables correctly represent the homologous structures?",2017,1,Understand,Conceptual,Classifies vegetable organs by the concept of common origin in homologous structures.,“represent the homologous structures”,0.93
30,-,Physics,B,1.0,Study the given ray diagrams and select the correct statement from the following regarding device X and device Y.,2017,1,Apply,Conceptual,Requires applying ray-diagram principles to identify the correct statement about two devices.,“Study the given ray diagrams”,0.7
31,-,Physics,B,1.0,A student obtains a blurred image of a distant object on a screen using a convex lens. To obtain a distinct image on the screen he should move the lens...,2017,1,Apply,Conceptual,Applies image-formation principles to determine how to refocus a blurred distant image.,“blurred image... distinct image... move the lens”,0.97
32,-,Physics,B,1.0,"A student very cautiously traces the path of a ray through a glass slab for different values of the angle of incidence. On analysing these measurements of angles, his conclusion would be...",2017,1,Analyze,Conceptual,Examines measured angular relationships across several trials to derive a conclusion.,“different values... analysing these measurements”,0.95
33,-,Physics,B,1.0,"Study the following ray diagram. In this diagram, the angle of incidence, the angle of emergence and the angle of deviation respectively have been represented by...",2017,1,Remember,Factual,Identifies the standard labels for angles in a ray diagram.,“represented by”,0.72
34,-,Chemistry,B,2.0,Mention the essential material (chemicals) to prepare soap in the laboratory. Describe in brief the test of determining the nature (acidic/alkaline) of the reaction mixture of saponification reaction.,2017,1,Apply,Procedural,Requires carrying out and describing a test for the reaction mixture’s acidic or alkaline nature.,“Describe... the test of determining”,0.9
35,-,Biology,B,2.0,"Draw in sequence (showing the four stages), the process of binary fission in Amoeba.",2017,1,Remember,Conceptual,Reproduces the standard sequential stages of binary fission in Amoeba.,“Draw in sequence... four stages”,0.98
36,-,Physics,B,2.0,"A student focuses the image of a candle flame, placed at about 2 m from a convex lens of focal length 10 cm, on a screen. After that he moves gradually the flame towards the lens and each time focuses its image on the screen.",2017,1,Apply,Conceptual,Applies convex-lens image principles as the object position is progressively changed.,“moves gradually the flame towards the lens”,0.72
1,-,Chemistry,A,1.0,Write the molecular formula of the 2nd and 3rd member of the homologous series where the first member is ethyne.,2017,3,Apply,Conceptual,Uses the homologous-series relation to derive formulas for specified members.,“2nd and 3rd member... first member is ethyne”,0.96
2,-,Biology,A,1.0,Why is variation important for a species?,2017,3,Understand,Conceptual,Explains the biological significance of variation for species survival and adaptation.,“Why is variation important”,0.98
3,-,Biology,A,1.0,"In the following food chain, 20,000 J of energy was available to the plants: Plants -> Sheep -> Man. How much energy will be available to man in this chain?",2017,3,Apply,Conceptual,Calculates available energy using trophic energy-transfer principles in a given food chain.,"“20,000 J... energy... available to man”",0.99
4,-,Physics,A,2.0,"An object is placed at a distance of 15 cm from a concave lens of focal length 30 cm. List four characteristics (nature, position, etc.) of the image formed by the lens.",2017,3,Apply,Conceptual,Uses concave-lens image rules for the given object distance and focal length.,“object... 15 cm... focal length 30 cm”,0.98
5,-,Biology,A,2.0,You being an environmentalist are interested in contributing towards the conservation of natural resources. List four activities that you can do on your own.,2017,3,Remember,Factual,Lists known individual actions that conserve natural resources.,“List four activities... on your own”,0.88
6,-,Biology,A,2.0,Why are coal and petroleum categorised as natural resources? Give a reason as to why they should be used judiciously.,2017,3,Understand,Conceptual,Explains resource classification and the cause for judicious use.,“Why... categorised... reason... used judiciously”,0.97
7,-,Chemistry,A,3.0,"Distinguish between esterification and saponification reactions with the help of the chemical equations for each. State one use of each (i) esters, and (ii) saponification process.",2017,3,Understand,Conceptual,Compares two reaction types and relates each to its use.,“Distinguish between esterification and saponification”,0.94
8,-,Chemistry,A,3.0,Write the structural formula of ethanol. What happens when it is heated with excess of conc. H2SO4 at 443 K? Write the chemical equation for the reaction stating the role of conc. H2SO4 in this reaction.,2017,3,Apply,Conceptual,Applies the dehydration reaction of ethanol under specified heating conditions.,“heated with excess... H₂SO₄ at 443 K”,0.97
9,-,Chemistry,A,3.0,What is periodicity in properties of elements with reference to the Modern Periodic Table? Why do all the elements of the same group have similar properties? How does the tendency of elements to gain electrons change as we move from left to right in a period? State the reason of this change.,2017,3,Understand,Conceptual,"Explains periodicity, group similarity, and a periodic trend with its cause.",“Why... similar properties... tendency... change”,0.98
10,-,Chemistry,A,3.0,Write the electronic configuration of two elements X and Y whose atomic numbers are 20 and 17 respectively. Write the molecular formula of the compound formed when element X reacts with element Y. Draw electron-dot structure of the product and also state the nature of the bond formed between both the elements.,2017,3,Apply,Conceptual,"Uses electronic configurations and valencies to derive compound formula, bonding, and electron-dot structure.",“atomic numbers... compound formed... electron-dot structure”,0.98
11,-,Biology,A,3.0,How did Mendel explain that it is possible that a trait is inherited but not expressed in an organism?,2017,3,Understand,Conceptual,Explains Mendel’s concept of recessive traits being inherited but unexpressed.,“trait is inherited but not expressed”,0.98
12,-,Biology,A,3.0,What is an organic evolution? It cannot be equated with progress. Explain with the help of a suitable example.,2017,3,Understand,Conceptual,Explains evolution and interprets why it does not necessarily mean progress.,“cannot be equated with progress. Explain”,0.97
13,-,Biology,A,3.0,List the two types of reproduction. Which one of the two is responsible for bringing in more variations in its progeny and how?,2017,3,Understand,Conceptual,Explains which reproductive mode produces more variation and why.,“responsible for bringing in more variations... and how”,0.97
14,-,Biology,A,3.0,What is vegetative propagation ? State two advantages and two disadvantages of this method.,2017,3,Understand,Conceptual,"Explains vegetative propagation through its meaning, advantages, and disadvantages.",“State two advantages and two disadvantages”,0.98
15,-,Biology,A,3.0,List three techniques that have been developed to prevent pregnancy. Which one of these techniques is not meant for males? How does the use of these techniques have a direct impact on the health and prosperity of a family?,2017,3,Understand,Conceptual,Classifies contraceptive techniques and explains their family-level effects.,“Which... not meant for males?... impact”,0.95
16,-,Physics,A,3.0,"A lens can form a magnified erect image as well as magnified inverted image of an object placed in front of it. State the nature of this lens and draw ray diagrams to justify the above statement. Mark the positions of O, F and 2F in the diagram.",2017,3,Apply,Conceptual,Applies lens image-formation rules to justify two magnified image cases with ray diagrams.,“magnified erect... magnified inverted... draw ray diagrams”,0.97
17,-,Physics,A,3.0,"What is ""dispersion of white light""? Draw a labelled diagram to illustrate the recombination of the spectrum of white light. Why is it essential that the two prisms used for the purpose should be identical and placed in an inverted position with respect to each other?",2017,3,Understand,Conceptual,"Explains dispersion, spectrum recombination, and the purpose of inverted identical prisms.",“Why... prisms... identical and... inverted”,0.97
18,a,Biology,A,1.5,"(a) Water is an elixir of life, a very important natural resource. Your Science teacher wants you to prepare a plan for a formative assessment activity, ""How to save water, the vital natural resource"". Write any two ways that you will suggest to bring awareness in your neighbourhood, on 'how to save water'.",2017,3,Create,Procedural,Generates awareness methods as part of a proposed neighbourhood water-conservation activity plan.,“prepare a plan... ways... bring awareness”,0.87
18,b,Biology,A,1.5,(b) Name and explain any one way by which the underground water table does not go down further.,2017,3,Understand,Conceptual,Explains a method that prevents further lowering of the groundwater table.,“explain... underground water table does not go down”,0.96
19,-,Biology,A,5.0,"With the help of one example for each, distinguish between the acquired traits and the inherited traits. Why are the traits/experiences acquired during the entire lifetime of an individual not inherited in the next generation? Explain the reason of this fact with an example.",2017,3,Understand,Conceptual,Compares acquired and inherited traits and explains non-inheritance of lifetime experiences.,“distinguish... Why... not inherited”,0.98
20,a,Biology,A,2.5,(a) Write the functions of each of the following parts in a human female reproductive system : (i) Ovary (ii) Uterus (iii) Fallopian tube,2017,3,Remember,Factual,Recalls the specific functions of named female reproductive-system parts.,“Write the functions... Ovary... Uterus... Fallopian tube”,0.98
20,b,Biology,A,2.5,(b) Write the structure and functions of placenta in a human female.,2017,3,Remember,Conceptual,Recalls the taught structure of placenta and its functional relationships.,“Write the structure and functions of placenta”,0.95
21,-,Chemistry,A,5.0,"Why are certain compounds called hydrocarbons? Write the general formula for homologous series of alkanes, alkenes and alkynes and also draw the structure of the first member of each series. Write the name of the reaction that converts alkenes into alkanes and also write a chemical equation to show the necessary conditions for the reaction to occur.",2017,3,Remember,Conceptual,"Recalls hydrocarbon definitions, homologous-series formulas, structures, and hydrogenation conditions.",“general formula... first member... name of reaction”,0.92
22,a,Physics,A,3.5,"(a) A student suffering from myopia is not able to see distinctly the objects placed beyond 5 m. List two possible reasons due to which this defect of vision may have arisen. With the help of ray diagrams, explain (i) why the student is unable to see distinctly the objects placed beyond 5 m from his eyes. (ii) the type of the corrective lens used to restore proper vision and how this defect is corrected by the use of this lens.",2017,3,Apply,Conceptual,Applies myopia and lens-correction principles to a specified visual-defect case.,“not able to see... beyond 5 m... corrective lens”,0.98
22,b,Physics,A,1.5,"(b) If, in this case, the numerical value of the focal length of the corrective lens is 5 m, find the power of the lens as per the new Cartesian sign convention.",2017,3,Apply,Procedural,Calculates lens power from the specified focal length using sign convention.,"“focal length... 5 m, find the power”",0.99
23,a,Physics,A,2.0,(a) What is the focal length of the convex lens? Give reason to justify your answer.,2017,3,Apply,Conceptual,"Determines focal length from the provided, but unseen, lens information or diagram.",“Give reason to justify your answer”,0.55
23,b,Physics,A,1.5,(b) Write the serial number of the observation which is not correct. On what basis have you arrived at this conclusion ?,2017,3,Analyze,Conceptual,Checks observations against lens relationships to identify an incorrect entry and justify it.,“observation... not correct... basis”,0.62
23,c,Physics,A,1.5,(c) Select an appropriate scale and draw a ray diagram for the observation at S.No.2. Also find the approximate value of magnification.,2017,3,Apply,Conceptual,Uses the specified observation to construct a ray diagram and determine magnification.,“draw a ray diagram... find... magnification”,0.78
24,a,Physics,A,3.0,"(a) If the image formed by a mirror for all positions of the object placed in front of it is always diminished, erect and virtual, state the type of the mirror and also draw a ray diagram to justify your answer. Write one use such mirrors are put to and why.",2017,3,Apply,Conceptual,Uses image characteristics to determine mirror type and its corresponding use.,"“always diminished, erect and virtual”",0.9
24,b,Physics,A,2.0,(b) Define the radius of curvature of spherical mirrors. Find the nature and focal length of a spherical mirror whose radius of curvature is + 24 cm.,2017,3,Apply,Procedural,Uses the radius–focal-length relationship to determine focal length and mirror nature.,“radius of curvature is +24 cm”,0.95
25,-,Physics,B,1.0,"Study the following ray diagram: In this diagram, the angle of incidence, the angle of emergence and the angle of deviation respectively have been represented by...",2017,3,Remember,Factual,Requires identifying the conventional labels for angles in a ray diagram.,“represented by”,0.62
26,-,Physics,B,1.0,"A student very cautiously traces the path of a ray through a glass slab for different values of the angle of incidence. On analysing these measurements of angles, his conclusion would be...",2017,3,Analyze,Conceptual,Requires examining measured angular relationships to reach a conclusion about refraction.,“analysing these measurements of angles”,0.9
27,-,Physics,B,1.0,Study the given ray diagrams and select the correct statement from the following regarding device X and device Y...,2017,3,Analyze,Conceptual,Requires examining diagrams and statements to determine the correct device relationship.,“ray diagrams and select the correct statement”,0.58
28,-,Physics,B,1.0,A student obtains a blurred image of a distant object on a screen using a convex lens. To obtain a distinct image on the screen he should move the lens...,2017,3,Apply,Conceptual,Applies convex-lens image formation principles to correct a blurred distant-object image.,“move the lens”,0.92
29,-,Chemistry,B,1.0,"While studying the saponification reaction, what do you observe when you mix an equal amount of colourless vegetable oil and 20% solution of NaOH in a beaker?",2017,3,Apply,Conceptual,Predicts the observation produced by the specified saponification reaction mixture.,“mix… vegetable oil and… NaOH”,0.9
30,-,Chemistry,B,1.0,"When you add a few drops of acetic acid to a test-tube containing sodium bicarbonate powder, which one of the following is your observation ?",2017,3,Apply,Conceptual,Predicts the observable result of acetic acid reacting with sodium bicarbonate.,“add… acetic acid… sodium bicarbonate”,0.95
31,-,Chemistry,B,1.0,"A student requires hard water for an experiment in his laboratory which is not available in the neighbouring area. Select from the following groups of salts, a group, each salt of which when dissolved in distilled water will make it hard.",2017,3,Analyze,Conceptual,Checks each salt group against the chemical conditions that produce hard water.,“each salt… will make it hard”,0.9
32,-,Biology,B,1.0,"To perform an experiment to identify the different parts of an embryo of a dicot seed, first of all you require a dicot seed. Select dicot seeds from the following group: Wheat, Gram, Maize, Pea, Barley, Ground-nut",2017,3,Understand,Conceptual,Classifies listed seeds using the monocot–dicot distinction.,“Select dicot seeds”,0.96
33,-,Biology,B,1.0,"The following vegetables are kept in a basket: Potato, Tomato, Radish, Brinjal, Carrot, Bottle-gourd. Which two of these vegetables correctly represent the homologous structures?",2017,3,Understand,Conceptual,Classifies vegetable organs by their common structural origin as homologous structures.,“represent the homologous structures”,0.88
34,-,Biology,B,2.0,"Draw in sequence (showing the four stages), the process of binary fission in Amoeba.",2017,3,Remember,Conceptual,Reproduces the standard sequential stages of binary fission in Amoeba.,“four stages… binary fission in Amoeba”,0.95
35,a,Physics,B,0.5,(A) In which direction does he move the lens to focus the flame on the screen?,2017,3,Apply,Conceptual,Applies lens image-formation principles to decide the required movement for focus.,“move the lens to focus”,0.55
35,b,Physics,B,0.5,(B) What happens to the size of the image of the flame formed on the screen?,2017,3,Apply,Conceptual,Applies lens-image relationships to predict the image-size change.,“size of the image”,0.52
35,c,Physics,B,0.5,(C) What difference is seen in the intensity (brightness) of the image of the flame on the screen?,2017,3,Apply,Conceptual,Applies light-intensity behavior in the stated lens arrangement to predict brightness.,“intensity (brightness) of the image”,0.48
35,d,Physics,B,0.5,(D) What is seen on the screen when the flame is very close (at about 5 cm) to the lens ?,2017,3,Apply,Conceptual,Applies convex-lens behavior when the object is placed within its focal length.,“flame is very close… to the lens”,0.72
36,-,Chemistry,B,2.0,Mention the essential material (chemicals) to prepare soap in the laboratory. Describe in brief the test of determining the nature (acidic/alkaline) of the reaction mixture of saponification reaction.,2017,3,Remember,Procedural,Recalls required reagents and the established test for reaction-mixture acidity or alkalinity.,“essential material… Describe… test”,0.83
1,-,Chemistry,A,1.0,Write the molecular formula of the 2nd and 3rd member of the homologous series whose first member is ethene.,2017,2,Apply,Conceptual,Uses the homologous-series pattern to derive formulas of subsequent members.,“2nd and 3rd member… first member is ethene”,0.9
2,-,Biology,A,1.0,Newly formed DNA copies may not be identical at times. Give one reason.,2017,2,Understand,Conceptual,Explains how DNA-copying variation can cause newly formed copies to differ.,“may not be identical… Give one reason”,0.95
3,-,Biology,A,1.0,"In the following food chain, plants provide 500 J of energy to rats. How much energy will be available to hawks from snakes ? Plants -> Rats -> Snakes -> Hawks",2017,2,Apply,Conceptual,Applies energy-transfer proportions across specified trophic levels in a food chain.,“plants provide 500 J… hawks from snakes”,0.96
4,-,Physics,A,2.0,"An object is placed at a distance of 15 cm from a convex lens of focal length 20 cm. List four characteristics (nature, position, etc.) of the image formed by the lens.",2017,2,Apply,Conceptual,Uses convex-lens image-formation rules for the specified object and focal distances.,“15 cm… focal length 20 cm”,0.95
5,-,Biology,A,2.0,Why is an equitable distribution of resources essential in a society? List two forces which are against such distribution.,2017,2,Understand,Conceptual,Explains the societal importance of equitable resource distribution and opposing forces.,“Why is… essential… forces… against”,0.9
6,-,Biology,A,2.0,Why must we conserve our forests? List two factors responsible for causing deforestation.,2017,2,Understand,Conceptual,Explains forest conservation needs and causes of deforestation through cause-effect relationships.,“Why must we conserve… factors responsible”,0.94
7,-,Chemistry,A,3.0,"Write the number of periods and groups in the Modern Periodic Table. How does the metallic character of elements vary on moving (i) from left to right in a period, and (ii) down a group? Give reason to justify your answer.",2017,2,Understand,Conceptual,Explains periodic metallic-character trends and their underlying reasons alongside table facts.,“How does metallic character… vary… Give reason”,0.92
8,-,Chemistry,A,3.0,"Na, Mg and Al are the elements of the 3rd period of the Modern Periodic Table having group number 1, 2 and 13 respectively. Which one of these elements has the (a) highest valency, (b) largest atomic radius, and (c) maximum chemical reactivity ? Justify your answer stating the reason for each.",2017,2,Apply,Conceptual,"Applies periodic trends to compare valency, atomic radius, and reactivity of given elements.","“Na, Mg and Al… highest… largest… maximum”",0.92
9,a,Chemistry,A,1.0,What happens when (write chemical equation in each case) (a) ethanol is burnt in air?,2017,2,Apply,Procedural,Uses chemical-reaction conventions to write the combustion equation for ethanol.,“ethanol is burnt in air”,0.97
9,b,Chemistry,A,1.0,What happens when (write chemical equation in each case) (b) ethanol is heated with excess conc. H2SO4 at 443 K?,2017,2,Apply,Procedural,Uses the dehydration reaction of ethanol to write its chemical equation.,“excess conc. H2SO4 at 443 K”,0.96
9,c,Chemistry,A,1.0,What happens when (write chemical equation in each case) (c) a piece of sodium is dropped into ethanol ?,2017,2,Apply,Procedural,Uses sodium–ethanol reaction knowledge to write the corresponding chemical equation.,“sodium is dropped into ethanol”,0.96
10,-,Chemistry,A,3.0,Explain esterification reaction with the help of a chemical equation. Describe an activity to show esterification.,2017,2,Apply,Procedural,Uses the esterification reaction and laboratory method to explain and demonstrate it.,“chemical equation… activity to show esterification”,0.93
11,-,Biology,A,3.0,"With the help of two suitable examples, explain why certain experiences and traits earned by people during their lifetime are not passed on to their next generations. When can such traits be passed on?",2017,2,Understand,Conceptual,Explains inheritance limits of acquired traits and conditions enabling transmission.,“earned… lifetime are not passed on”,0.95
12,-,Biology,A,3.0,Evolution and classification of organisms are interlinked. Give reasons to justify this statement.,2017,2,Understand,Conceptual,Explains the conceptual relationship between evolutionary relatedness and biological classification.,“Evolution and classification… interlinked”,0.94
13,-,Biology,A,3.0,Reproduction is one of the most important characteristics of living beings. Give three reasons in support of the statement.,2017,2,Understand,Conceptual,Explains why reproduction is important using supporting biological reasons.,“three reasons in support”,0.94
14,-,Biology,A,3.0,Describe reproduction by spores in Rhizopus.,2017,2,Understand,Conceptual,Describes the biological mechanism and stages of spore reproduction in Rhizopus.,“Describe reproduction by spores”,0.95
15,-,Biology,A,3.0,List three techniques that have been developed to prevent pregnancy. Which one of these techniques is not meant for males? How does the use of these techniques have a direct impact on the health and prosperity of a family?,2017,2,Understand,Conceptual,"Explains contraceptive methods, sex applicability, and their family-level effects.",“direct impact on… health and prosperity”,0.9
16,-,Physics,A,3.0,"Draw ray diagrams to show the formation of three times magnified (a) real, and (b) virtual image of an object by a converging lens. Mark the positions of O, F and 2F in each diagram.",2017,2,Apply,Conceptual,Uses converging-lens rules to construct diagrams for specified real and virtual magnifications.,“three times magnified… real… virtual image”,0.94
17,-,Physics,A,3.0,What is 'dispersion of white light'? State its cause. Draw a ray diagram to show the dispersion of white light by a glass prism.,2017,2,Understand,Conceptual,"Explains dispersion and its cause, supported by a standard prism representation.",“State its cause”,0.94
18,a,Biology,A,1.5,"(a) Water is an elixir of life, a very important natural resource. Your Science teacher wants you to prepare a plan for a formative assessment activity, ""How to save water, the vital natural resource"". Write any two ways that you will suggest to bring awareness in your neighbourhood, on 'how to save water'.",2017,2,Create,Procedural,Generates awareness actions as part of a neighbourhood water-conservation activity plan.,“prepare a plan… suggest… awareness”,0.89
18,b,Biology,A,1.5,(b) Name and explain any one way by which the underground water table does not go down further.,2017,2,Understand,Conceptual,Explains a method that prevents further lowering of the groundwater table.,“Name and explain… underground water table”,0.9
19,a,Physics,A,3.5,"(a) A student suffering from myopia is not able to see distinctly the objects placed beyond 5 m. List two possible reasons due to which this defect of vision may have arisen. With the help of ray diagrams, explain (i) why the student is unable to see distinctly the objects placed beyond 5 m from his eyes. (ii) the type of the corrective lens used to restore proper vision and how this defect is corrected by the use of this lens.",2017,2,Understand,Conceptual,"Explains myopia’s causes, optical effect, and correction using corrective-lens diagrams.",“why… unable… corrective lens… corrected”,0.91
19,b,Physics,A,1.5,"(b) If, in this case, the numerical value of the focal length of the corrective lens is 5 m, find the power of the lens as per the new Cartesian sign convention.",2017,2,Apply,Procedural,Uses the lens-power formula and Cartesian sign convention for the given focal length.,"“focal length… 5 m, find the power”",0.98
20,a,Physics,A,2.0,(a) What is the focal length of the convex lens ? Give reason to justify your answer.,2017,2,Apply,Conceptual,Uses lens-image relationships to determine focal length from the stated observation.,“focal length ... Give reason”,0.55
20,b,Physics,A,1.5,(b) Write the serial number of the observation which is not correct. On what basis have you arrived at this conclusion ?,2017,2,Analyze,Conceptual,Requires examining observations against optical relationships to identify the inconsistent one.,“observation which is not correct”,0.55
20,c,Physics,A,1.5,(c) Select an appropriate scale and draw a ray diagram for the observation at S.No.2. Also find the approximate value of magnification.,2017,2,Apply,Conceptual,Uses ray-construction rules for a specified observation and determines magnification.,“draw a ray diagram ... find ... magnification”,0.82
21,a,Physics,A,3.0,"(a) If the image formed by a mirror for all positions of the object placed in front of it is always diminished, erect and virtual, state the type of the mirror and also draw a ray diagram to justify your answer. Write one use such mirrors are put to and why.",2017,2,Apply,Conceptual,Applies image characteristics to identify a mirror and construct its corresponding ray diagram.,"“always diminished, erect and virtual”",0.9
21,b,Physics,A,2.0,(b) Define the radius of curvature of spherical mirrors. Find the nature and focal length of a spherical mirror whose radius of curvature is + 24 cm.,2017,2,Apply,Procedural,Uses the radius-focal length relation to determine mirror nature and focal length.,“radius of curvature is + 24 cm”,0.9
22,-,Biology,A,5.0,"With the help of one example for each, distinguish between the acquired traits and the inherited traits. Why are the traits/experiences acquired during the entire lifetime of an individual not inherited in the next generation? Explain the reason of this fact with an example.",2017,2,Understand,Conceptual,Explains differences between trait types and the inheritance relationship using examples.,“distinguish ... Why ... not inherited”,0.94
23,a,Biology,A,2.5,(a) Write the functions of each of the following parts in a human female reproductive system : (i) Ovary (ii) Uterus (iii) Fallopian tube,2017,2,Remember,Factual,Retrieves standard functions of named female reproductive organs.,“functions ... Ovary ... Uterus ... Fallopian tube”,0.98
23,b,Biology,A,2.5,(b) Write the structure and functions of placenta in a human female.,2017,2,Remember,Conceptual,Recalls the taught structure and functions of the placenta.,“structure and functions of placenta”,0.96
24,-,Chemistry,A,5.0,"Why are certain compounds called hydrocarbons? Write the general formula for homologous series of alkanes, alkenes and alkynes and also draw the structure of the first member of each series. Write the name of the reaction that converts alkenes into alkanes and also write a chemical equation to show the necessary conditions for the reaction to occur.",2017,2,Remember,Conceptual,"Retrieves standard definitions, formulas, structures, and the hydrogenation reaction equation.",“general formula ... first member ... reaction”,0.92
25,-,Chemistry,B,1.0,"A student requires hard water for an experiment in his laboratory which is not available in the neighbouring area. In the laboratory there are some salts, which when dissolved in distilled water can convert it into hard water. Select from the following groups of salts, a group, each salt of which when dissolved in distilled water will make it hard. (A) Sodium chloride, Potassium chloride (B) Sodium sulphate, Potassium sulphate (C) Sodium sulphate, Calcium sulphate (D) Calcium sulphate, Calcium chloride",2017,2,Analyze,Conceptual,Examines each salt group using the relationship between calcium ions and hardness.,“each salt ... will make it hard”,0.94
26,-,Chemistry,B,1.0,"While studying the saponification reaction, what do you observe when you mix an equal amount of colourless vegetable oil and 20% aqueous solution of NaOH in a beaker? (A) The colour of the mixture has become dark brown (B) A brisk effervescence is taking place in the beaker (C) The outer surface of the beaker has become hot (D) The outer surface of the beaker has become cold",2017,2,Remember,Factual,Recalls the expected observable temperature change during saponification.,“what do you observe ... vegetable oil ... NaOH”,0.91
27,-,Chemistry,B,1.0,"When you add a few drops of acetic acid to a test-tube containing sodium bicarbonate powder, which one of the following is your observation ? (A) No reaction takes place (B) A colourless gas with pungent smell is released with brisk effervescence (C) A brown coloured gas is released with brisk effervescence (D) Formation of bubbles of a colourless and odourless gas",2017,2,Apply,Conceptual,Applies the acid-carbonate reaction to predict the observed gas and effervescence.,“add ... acetic acid ... sodium bicarbonate”,0.95
28,-,Physics,B,1.0,"Study the following ray diagram: In this diagram, the angle of incidence, the angle of emergence and the angle of deviation respectively have been represented by (A) y, p, z (B) x, q, z (C) p, y, z (D) p, z, y",2017,2,Remember,Factual,Identifies standard labelled angles in the referenced ray diagram.,“angle of incidence ... emergence ... deviation”,0.62
29,-,Physics,B,1.0,"A student very cautiously traces the path of a ray through a glass slab for different values of the angle of incidence. He then measures the corresponding values of the angle of refraction and the angle of emergence for every value of the angle of incidence. On analysing these measurements of angles, his conclusion would be (A) i > r > e (B) i = e > r (C) i < r < e (D) i = e << r",2017,2,Analyze,Conceptual,Examines measured angle relationships to infer the correct conclusion for a glass slab.,“On analysing these measurements”,0.96
30,-,Physics,B,1.0,"Study the given ray diagrams and select the correct statement from the following: (A) Device X is a concave mirror and device Y is a convex lens, whose focal lengths are 20 cm and 25 cm respectively. (B) Device X is a convex lens and device Y is a concave mirror, whose focal lengths are 10 cm and 25 cm respectively. (C) Device X is a concave lens and device Y is a convex mirror, whose focal lengths are 20 cm and 25 cm respectively. (D) Device X is a convex lens and device Y is a concave mirror, whose focal lengths are 20 cm and 25 cm respectively.",2017,2,Analyze,Conceptual,Checks multiple diagram-based claims about devices and focal lengths against optical relationships.,“select the correct statement”,0.6
31,-,Physics,B,1.0,A student obtains a blurred image of a distant object on a screen using a convex lens. To obtain a distinct image on the screen he should move the lens (A) away from the screen (B) towards the screen (C) to a position very far away from the screen (D) either towards or away from the screen depending upon the position of the object,2017,2,Apply,Conceptual,Applies convex-lens imaging for a distant object to choose the needed lens movement.,“blurred image of a distant object”,0.96
32,-,Biology,B,1.0,"To perform an experiment to identify the different parts of an embryo of a dicot seed, first of all you require a dicot seed. Select dicot seeds from the following group : Wheat, Gram, Maize, Pea, Barley, Ground-nut (A) Wheat, Gram and Pea (B) Gram, Pea and Ground-nut (C) Maize, Pea and Barley (D) Gram, Maize and Ground-nut",2017,2,Understand,Conceptual,Classifies a given set of seeds using the concept of dicotyledonous plants.,“Select dicot seeds”,0.97
33,-,Biology,B,1.0,"The following vegetables are kept in a basket : Potato, Tomato, Radish, Brinjal, Carrot, Bottle-gourd. Which two of these vegetables correctly represent the homologous structures? (A) Carrot and Tomato (B) Potato and Brinjal (C) Radish and Carrot (D) Radish and Bottle-gourd",2017,2,Understand,Conceptual,Classifies vegetable organs by the concept of homologous structures.,“correctly represent the homologous structures”,0.92
34,a,Physics,B,0.5,(A) In which direction does he move the lens to focus the flame on the screen?,2017,2,Apply,Conceptual,Applies lens image-formation rules to determine the focusing movement.,“move the lens to focus”,0.62
34,b,Physics,B,0.5,(B) What happens to the size of the image of the flame formed on the screen?,2017,2,Apply,Conceptual,Applies lens-image relationships to predict how image size changes during focusing.,“size of the image ... on the screen”,0.6
34,c,Physics,B,0.5,(C) What difference is seen in the intensity (brightness) of the image of the flame on the screen?,2017,2,Apply,Conceptual,Applies lens-image relationships to predict the brightness change on the screen.,“intensity (brightness) ... on the screen”,0.6
34,d,Physics,B,0.5,(D) What is seen on the screen when the flame is very close (at about 5 cm) to the lens ?,2017,2,Apply,Conceptual,Applies the focal-length condition to predict the screen observation for a nearby flame.,“flame ... about 5 cm ... lens”,0.84
35,-,Chemistry,B,2.0,Mention the essential material (chemicals) to prepare soap in the laboratory. Describe in brief the test of determining the nature (acidic/alkaline) of the reaction mixture of saponification reaction.,2017,2,Remember,Procedural,Recalls laboratory reagents and the standard method for testing reaction-mixture acidity or alkalinity.,“essential material ... test of determining”,0.93
36,-,Biology,B,2.0,"Draw in sequence (showing the four stages), the process of binary fission in Amoeba.",2017,2,Remember,Conceptual,Reproduces the standard sequential representation of binary fission in Amoeba.,“Draw in sequence ... binary fission”,0.96
1,-,Chemistry,A,1.0,Write the name and structure of an alcohol with three carbon atoms in its molecule.,2016,1,Remember,Factual,Retrieves the name and structural formula of a three-carbon alcohol.,“alcohol with three carbon atoms”,0.97
2,-,Biology,A,1.0,What happens when a mature spirogyra filament attains considerable length ?,2016,1,Remember,Factual,Recalls the reproductive outcome when a Spirogyra filament becomes long.,“spirogyra filament attains considerable length”,0.94
3,-,Biology,A,1.0,The depletion of ozone layer is a cause of concern. Why?,2016,1,Understand,Conceptual,Explains the causal significance of ozone depletion for living organisms and Earth.,“cause of concern. Why?”,0.96
4,-,Physics,A,2.0,Name the type of mirrors used in the design of solar furnaces. Explain how high temperature is achieved by this device.,2016,1,Understand,Conceptual,Explains how the mirror type concentrates solar rays to produce high temperature.,“Explain how high temperature is achieved”,0.96
5,-,Biology,A,2.0,What was Chipko Andolan? How did this Andolan ultimately benefit the local people and the environment?,2016,1,Understand,Conceptual,Explains the movement and its cause-effect benefits for people and environment.,“How did this Andolan ... benefit”,0.93
6,-,Chemistry,A,2.0,Burning of fossil fuels results in global warming. Give reasons to justify this statement.,2016,1,Understand,Conceptual,Explains the causal relationship between fossil-fuel burning and global warming.,“Give reasons to justify”,0.97
7,a,Chemistry,A,1.0,Write chemical equation of the reaction of ethanoic acid with sodium. Write the name of one main product.,2016,1,Remember,Procedural,Recalls the standard reaction equation and product for ethanoic acid with sodium.,“chemical equation ... ethanoic acid with sodium”,0.96
7,b,Chemistry,A,1.0,Write chemical equation of the reaction of ethanoic acid with sodium hydroxide. Write the name of one main product.,2016,1,Remember,Procedural,Recalls the standard neutralisation equation and product involving ethanoic acid and sodium hydroxide.,“chemical equation ... sodium hydroxide”,0.96
7,c,Chemistry,A,1.0,Write chemical equation of the reaction of ethanoic acid with ethanol. Write the name of one main product.,2016,1,Remember,Procedural,Recalls the esterification equation and main product for ethanoic acid and ethanol.,“chemical equation ... ethanoic acid with ethanol”,0.96
8,-,Chemistry,A,3.0,"An aldehyde as well as a ketone can be represented by the same molecular formula, say C3H6O. Write their structures and name them. State the relation between the two in the language of science.",2016,1,Apply,Conceptual,Uses functional-group knowledge to generate aldehyde and ketone isomers and identify their relationship.,"“same molecular formula, C3H6O”",0.94
9,a,Chemistry,A,1.0,An element 'X' belongs to 3rd period and group 16 of the Modern Periodic Table: Determine the number of valence electrons and the valency of 'X'.,2016,1,Apply,Conceptual,Uses periodic-table group information to determine valence electrons and valency for a specific element.,“3rd period and group 16”,0.98
9,b,Chemistry,A,1.0,An element 'X' belongs to 3rd period and group 16 of the Modern Periodic Table: Molecular formula of the compound when 'X' reacts with hydrogen and write its electron dot structure.,2016,1,Apply,Conceptual,Uses periodic position and bonding rules to derive a hydride formula and electron-dot structure.,“X reacts with hydrogen ... electron dot structure”,0.95
9,c,Chemistry,A,1.0,An element 'X' belongs to 3rd period and group 16 of the Modern Periodic Table: Name the element 'X' and state whether it is metallic or non-metallic.,2016,1,Apply,Conceptual,Uses the given period and group to identify the element and infer its classification.,“3rd period and group 16”,0.98
10,-,Chemistry,A,3.0,"An element 'X' has mass number 35 and number of neutrons 18. Write atomic number and electronic configuration of 'X'. Also write group number, period number and valency of 'X'.",2016,1,Apply,Procedural,Uses mass-number subtraction and electronic-configuration rules to determine atomic properties.,“mass number 35 ... neutrons 18”,0.96
11,-,Biology,A,3.0,Define reproduction. How does it help in providing stability to the population of species?,2016,1,Understand,Conceptual,Explains reproduction and its relationship to stability of a species population.,“How does it help ... stability”,0.96
12,-,Biology,A,3.0,"Explain the term ""Regeneration"" as used in relation to reproduction of organisms. Describe briefly how regeneration is carried out in multicellular organisms like Hydra.",2016,1,Understand,Conceptual,Explains regeneration and describes its biological process in Hydra.,“how regeneration is carried out ... Hydra”,0.95
13,a,Biology,A,1.5,List two reasons for the appearance of variations among the progeny formed by sexual reproduction.,2016,1,Remember,Conceptual,Retrieves known causes of variation in sexual reproduction.,“List two reasons” for variations.,0.94
13,b_i,Biology,A,0.5,Name the part marked 'A' in the given flower diagram.,2016,1,Remember,Factual,Requires recalling the label for a diagrammed flower part.,“Name the part marked ‘A’”.,0.9
13,b_ii,Biology,A,0.5,How does part 'A' reach part 'B' in the given flower diagram?,2016,1,Understand,Conceptual,Explains the biological route or process connecting two flower parts.,“How does part ‘A’ reach part ‘B’?”,0.68
13,b_iii,Biology,A,0.5,State the importance of the part 'C' in the given flower diagram.,2016,1,Understand,Conceptual,Explains the function or significance of a labelled flower part.,“State the importance of part ‘C’”.,0.74
13,b_iv,Biology,A,0.5,What happens to the part marked 'D' after fertilisation is over?,2016,1,Apply,Conceptual,Applies fertilisation outcomes to the specified labelled plant part.,“What happens… after fertilisation”.,0.72
14,-,Biology,A,3.0,How do Mendel's experiments show that traits are inherited independently?,2016,1,Understand,Conceptual,Explains how Mendel’s evidence demonstrates independent inheritance.,“How do Mendel’s experiments show”.,0.91
15,-,Biology,A,3.0,Two areas of study namely 'evolution' and 'classification' are interlinked. Justify this statement.,2016,1,Evaluate,Conceptual,Defends the validity of the claimed relationship between evolution and classification.,“Justify this statement”.,0.87
16,-,Physics,A,3.0,"The image of an object formed by a mirror is real, inverted and is of magnification 1. If the image is at a distance of 40 cm from the mirror, where is the object placed? Where would the image be if the object is moved 20 cm towards the mirror? State reason and also draw ray diagram for the new position of the object to justify your answer.",2016,1,Apply,Procedural,Uses mirror rules and calculations for specified object positions and image formation.,Given image distance; object moved 20 cm.,0.96
17,-,Physics,A,3.0,Describe an activity to show that the colours of white light splitted by a glass prism can be recombined to get white light by another identical glass prism. Also draw ray diagram to show the recombination of the spectrum of white light.,2016,1,Remember,Procedural,Reproduces a standard activity and ray diagram for recombining prism spectra.,“Describe an activity… draw ray diagram”.,0.9
18,a,Biology,A,1.0,Why is it necessary to conserve our environment?,2016,1,Understand,Conceptual,Explains why environmental conservation is necessary through known consequences and relationships.,“Why is it necessary”.,0.94
18,b,Biology,A,1.0,State the importance of green and blue dust-bins in the safe disposal of the household waste.,2016,1,Understand,Conceptual,Explains the disposal roles of waste-segregation bins.,“importance of green and blue dust-bins”.,0.94
18,c,Biology,A,1.0,List two values exhibited by your classmate who is an active member of Eco-club of your school.,2016,1,Understand,Conceptual,Infers values demonstrated by environmental club participation.,“values exhibited… active member of Eco-club”.,0.79
19,-,Chemistry,A,5.0,"A carbon compound 'P' on heating with excess conc. H2SO4 forms another carbon compound 'Q' which on addition of hydrogen in the presence of nickel catalyst forms a saturated carbon compound 'R'. One molecule of 'R' on combustion forms two molecules of carbon dioxide and three molecules of water. Identify P, Q and R and write chemical equations for the reactions involved.",2016,1,Analyze,Conceptual,Infers compound identities by connecting reaction sequence and combustion-product evidence.,"Identify P, Q and R from reactions.",0.93
20,-,Biology,A,5.0,What is placenta? Describe its structure. State its functions in case of a pregnant human female.,2016,1,Remember,Factual,"Retrieves the definition, structure, and functions of the placenta.",“What is placenta? Describe its structure.”,0.87
21,-,Biology,A,5.0,Define evolution. How does it occur? Describe how fossils provide us evidences in support of evolution.,2016,1,Understand,Conceptual,Explains evolution and interprets fossils as supporting evidence.,“How does it occur… fossils provide evidences”.,0.9
22,i,Physics,A,1.0,"It is desired to obtain an erect image of an object, using concave mirror of focal length of 12 cm: What should be the range of distance of an object placed in front of the mirror?",2016,1,Apply,Conceptual,Applies concave-mirror image rules to determine the object-distance range.,“obtain an erect image… range of distance”.,0.95
22,ii,Physics,A,2.0,"It is desired to obtain an erect image of an object, using concave mirror of focal length of 12 cm: Will the image be smaller or larger than the object? Draw ray diagram to show the formation of image in this case.",2016,1,Apply,Conceptual,Applies concave-mirror rules to predict image size and construct its diagram.,“Will the image be smaller or larger”.,0.94
22,iii,Physics,A,2.0,"It is desired to obtain an erect image of an object, using concave mirror of focal length of 12 cm: Where will the image of this object be, if it is placed 24 cm in front of the mirror? Draw ray diagram for this situation also to justify your answer. Show the positions of pole, principal focus and the centre of curvature.",2016,1,Apply,Conceptual,Applies mirror image-formation rules for an object at the specified distance.,“placed 24 cm in front”.,0.96
23,a,Physics,A,1.0,Define optical centre of a spherical lens.,2016,1,Remember,Factual,Requires recalling the definition of optical centre.,“Define optical centre”.,0.99
23,b,Physics,A,3.0,A divergent lens has a focal length of 20 cm. At what distance should an object of height 4 cm from the optical centre of the lens be placed so that its image is formed 10 cm away from the lens. Find the size of the image also.,2016,1,Apply,Procedural,Uses lens formula and magnification procedure with specified values.,“At what distance… Find the size”.,0.98
23,c,Physics,A,1.0,Draw a ray diagram to show the formation of image in above situation.,2016,1,Apply,Conceptual,Constructs the ray diagram for the specified lens situation.,“above situation”.,0.85
24,a,Physics,A,2.5,What is atmospheric refraction? Use this phenomenon to explain the twinkling of stars. Draw diagrams to illustrate your answers.,2016,1,Understand,Conceptual,Explains star twinkling through atmospheric refraction.,“Use this phenomenon to explain twinkling”.,0.94
24,b,Physics,A,2.5,What is atmospheric refraction? Use this phenomenon to explain advanced sun-rise and delayed sun-set. Draw diagrams to illustrate your answers.,2016,1,Understand,Conceptual,Explains advanced sunrise and delayed sunset through atmospheric refraction.,“Use this phenomenon to explain”.,0.94
25,-,Chemistry,B,1.0,A student puts a drop of reaction mixture of a saponification reaction first on a blue litmus paper and then on a red litmus paper. He may observe that: (Choose the correct option),2016,1,Apply,Conceptual,Applies the alkaline nature of a saponification mixture to litmus observations.,Reaction mixture tested on blue and red litmus.,0.9
26,-,Chemistry,B,1.0,For preparing soap in the laboratory we require an oil and a base. Which of the following combinations of an oil and a base would be best suited for the preparation of soap?,2016,1,Apply,Conceptual,Applies requirements for saponification to select a suitable oil-base pair.,“best suited for preparation of soap”.,0.88
27,-,Chemistry,B,1.0,"In the neighbourhood of your school, hard water required for an experiment is not available. Select from the following groups of salts available in your school, a group each member of which, if dissolved in distilled water, will make it hard:",2016,1,Apply,Conceptual,Applies knowledge of hardness-causing salts to a specified selection task.,Salts dissolved in distilled water make it hard.,0.92
28,-,Biology,B,1.0,"A student while observing an embryo of a pea seed in the laboratory listed various parts of the embryo. Select three correct parts from the list: Testa, Tegmen, Radicle, Plumule, Micropyle, Cotyledon.",2016,1,Remember,Factual,Recalls which listed structures are parts of a pea embryo.,“Select three correct parts”.,0.96
29,-,Biology,B,1.0,"If you are asked to select a group of two vegetables, out of the following, having homologous structures which one would you select?",2016,1,Understand,Conceptual,Classifies vegetable structures using the concept of homology.,“having homologous structures”.,0.9
30,-,Physics,B,1.0,"To determine the approximate value of the focal length of a given concave mirror, you focus the image of a distant object formed by the mirror on a screen. The image obtained on the screen, as compared to the object is always:",2016,1,Apply,Conceptual,Applies concave-mirror formation for a distant object focused on a screen.,“image of a distant object… on a screen”.,0.9
31,-,Physics,B,1.0,"Suppose you have focused on a screen the image of candle flame placed at the farthest end of the laboratory table using a convex lens. If your teacher suggests you to focus the parallel rays of the sun on the same screen, what you are expected to do is to move the...",2016,1,Apply,Conceptual,Applies convex-lens focal-plane behavior to parallel sunlight rays.,“focus the parallel rays of the sun”.,0.92
32,-,Physics,B,1.0,In your laboratory you trace the path of light rays through a glass slab for different values of angle of incidence (i) and in each case measure the values of the corresponding angle of refraction (r) and angle of emergence (e). On the basis of your observations your correct conclusion is...,2016,1,Analyze,Conceptual,"Derives relationships among incidence, refraction, and emergence angles from observations.",“On the basis of your observations”.,0.91
33,-,Physics,B,1.0,"In the following ray diagram of a glass prism, the correctly marked angles are:",2016,1,Analyze,Conceptual,Examines multiple labelled angular relationships in a prism ray diagram.,“correctly marked angles”.,0.67
34,-,Chemistry,B,2.0,"A student adds a spoon full of powdered sodium hydrogen carbonate to a flask containing ethanoic acid. List two main observations, he must note in his note book, about the reaction that takes place. Also write chemical equation for the reaction.",2016,1,Apply,Conceptual,Predicts observations and writes the reaction equation for specified reactants.,Ethanoic acid plus sodium hydrogen carbonate.,0.94
35,-,Biology,B,2.0,"A student is observing a permanent slide showing sequentially the different stages of asexual reproduction taking place in yeast. Name this process and draw diagrams, of what he observes, in a proper sequence.",2016,1,Remember,Conceptual,Recalls budding and its standard sequential stages in yeast.,“asexual reproduction… in yeast… proper sequence”.,0.9
36,-,Physics,B,2.0,"An object of height 2.5 cm is placed at a distance of 15 cm from the optical centre 'O' of a convex lens of focal length 10 cm. Draw a ray diagram to find the position and size of the image formed. Mark optical centre 'O', principal focus F and height of the image on the diagram.",2016,1,Apply,Procedural,Uses lens construction and calculation procedures to determine image position and size.,"Given object height, distance, and focal length.",0.98
1,-,Chemistry,A,1.0,Write the name and structure of an alcohol with four carbon atoms in its molecule.,2016,2,Remember,Factual,Recalls an example and structural formula of a four-carbon alcohol.,“name and structure… four carbon atoms”.,0.96
2,-,Biology,A,1.0,What are those organisms called which bear both the sex organs in the same individiual. Give one example of such organism.,2016,2,Remember,Factual,Recalls the term and an example for organisms with both sex organs.,“What are those organisms called… Give one example”.,0.98
3,-,Biology,A,1.0,"Write one negative effect, on the environment, of affluent life style of few persons of a society.",2016,2,Understand,Conceptual,Explains an environmental consequence of an affluent lifestyle.,“negative effect… on the environment”.,0.91
4,-,Physics,A,2.0,The magnification produced by a spherical mirror is 3. List four informations you obtain from this statement about the mirror/image.,2016,2,Apply,Conceptual,Applies magnification meaning to infer mirror and image characteristics.,“magnification… is 3… four informations”.,0.88
5,-,Biology,A,2.0,"Forests are ""biodiversity hot spots"". Justify this statement.",2016,2,Evaluate,Conceptual,Defends the claim that forests qualify as biodiversity hotspots.,“Justify this statement”.,0.89
6,-,Biology,A,2.0,What is water harvesting? How can this technique help in the conservation of water?,2016,2,Understand,Conceptual,Defines water harvesting and explains its conservation role.,“What is water harvesting?” and “how... conservation”,0.96
7,-,Chemistry,A,3.0,"On dropping a small piece of sodium in a test tube containing carbon compound 'X' with molecular formula C2H6O a brisk effervescence is observed and a gas 'Y' is produced. On bringing a burning splinter at the mouth of the test tube the gas evolved burns with a pop sound. Identify 'X' and 'Y'. Also write the chemical equation for the reaction. Write the name and structure of the product formed, when you heat 'X' with excess conc. sulphuric acid.",2016,2,Apply,Conceptual,Uses reaction observations and organic reaction principles to identify compounds and products.,"Effervescence, pop sound, dehydration with sulphuric acid",0.97
8,-,Chemistry,A,3.0,"An aldehyde as well as a ketone can be represented by the same molecular formula, say C3H6O. Write their structures and name them. State the relation between the two in the language of science.",2016,2,Remember,Conceptual,"Recalls standard structures, names, and the isomeric relationship.",“Write their structures and name them”,0.94
9,a,Chemistry,A,1.0,Determine the number of valence electrons and the valency of 'X'.,2016,2,Apply,Conceptual,Determining valence electrons and valency requires using atomic-structure relationships.,“Determine... valence electrons and... valency”,0.45
9,b,Chemistry,A,1.0,Molecular formula of the compound when 'X' reacts with hydrogen and write its electron dot structure.,2016,2,Apply,Conceptual,Uses bonding and valency principles to derive a formula and electron-dot structure.,“X reacts with hydrogen” and “electron dot structure”,0.53
9,c,Chemistry,A,1.0,Name the element 'X' and state whether it is metallic or non-metallic.,2016,2,Apply,Conceptual,Infers an element and its metallic character from implied chemical information.,“Name the element ‘X’... metallic or non-metallic”,0.48
10,a,Chemistry,A,1.0,State their positions (Group number and period number both) in the Modern Periodic Table.,2016,2,Apply,Conceptual,Uses periodic-table relationships to determine group and period positions.,“positions... Group number and period number”,0.55
10,b,Chemistry,A,1.0,Arrange these elements in the decreasing order of their atomic radii.,2016,2,Apply,Conceptual,Uses periodic trends to order atomic radii.,“decreasing order of their atomic radii”,0.89
10,c,Chemistry,A,1.0,Write the formula of the compound formed when 'X' combines with 'Z'.,2016,2,Apply,Conceptual,Uses valencies or ionic bonding relationships to formulate a compound.,“formula... when ‘X’ combines with ‘Z’”,0.62
11,-,Biology,A,3.0,"Explain the term ""Regeneration"" as used in relation to reproduction of organisms. Describe briefly how regeneration is carried out in multicellular organisms like Hydra.",2016,2,Remember,Conceptual,Recalls the meaning and standard mechanism of regeneration in Hydra.,“Explain the term ‘Regeneration’... Hydra”,0.93
12,-,Biology,A,3.0,In the context of reproduction of species state the main difference between fission and fragmentation. Also give one example of each.,2016,2,Understand,Conceptual,Explains the distinction between two reproductive processes using examples.,“main difference between fission and fragmentation”,0.95
13,a,Biology,A,1.0,List two reasons for the appearance of variations among the progeny formed by sexual reproduction.,2016,2,Remember,Conceptual,Recalls known causes of variation in sexually produced progeny.,“List two reasons... variations”,0.93
13,b_i,Biology,A,0.5,Name the part marked 'A' in the diagram.,2016,2,Remember,Factual,Identifies a labelled diagram part by recalling its name.,“Name the part marked ‘A’”,0.66
13,b_ii,Biology,A,0.5,How does 'A' reaches part 'B' ?,2016,2,Understand,Conceptual,Explains movement between labelled biological parts.,“How does ‘A’ reaches part ‘B’?”,0.58
13,b_iii,Biology,A,0.5,State the importance of the part 'C'.,2016,2,Understand,Conceptual,Explains the function or significance of a labelled part.,“State the importance of... ‘C’”,0.59
13,b_iv,Biology,A,0.5,What happens to the part marked 'D' after fertilisation is over?,2016,2,Apply,Conceptual,Predicts the fate of a structure after fertilisation using reproductive principles.,“What happens... ‘D’ after fertilisation”,0.67
14,-,Biology,A,3.0,Two areas of study namely 'evolution' and 'classification' are interlinked. Justify this statement.,2016,2,Evaluate,Conceptual,Defends the claimed interrelationship between evolution and classification.,“interlinked... Justify this statement”,0.94
15,-,Biology,A,3.0,"A trait may be inherited, but may not be expressed. With the help of an example justify this statement.",2016,2,Evaluate,Conceptual,Defends a genetic proposition with an appropriate example.,"“may be inherited, but may not be expressed... justify”",0.93
16,-,Physics,A,3.0,"The image of an object formed by a lens is of magnification 1. If the distance between the object and its image is 60 cm, what is the focal length of the lens? If the object is moved 20 cm towards the lens, where would the image be formed? State reason and also draw a ray diagram in support of your answer.",2016,2,Apply,Procedural,Calculates lens quantities and predicts a changed image position using lens rules.,"Magnification, distances, focal length, moved object",0.96
17,-,Physics,A,3.0,Describe an activity to show that the colours of white light splitted by a glass prism can be recombined to get white light by another identical glass prism. Also draw ray diagram to show the recombination of the spectrum of white light.,2016,2,Remember,Procedural,Reproduces a standard prism experiment and its ray diagram.,“Describe an activity... recombined... draw ray diagram”,0.87
18,a,Biology,A,1.0,Why is it necessary to conserve our environment?,2016,2,Understand,Conceptual,Explains why environmental conservation is necessary.,“Why is it necessary to conserve”,0.95
18,b,Biology,A,1.0,State the importance of green and blue dust-bins in the safe disposal of the household waste.,2016,2,Understand,Conceptual,Explains how waste-bin segregation supports safe waste disposal.,“importance of green and blue dust-bins”,0.9
18,c,Biology,A,1.0,List two values exhibited by your classmate who is an active member of Eco-club of your school.,2016,2,Understand,Conceptual,Infers values associated with active participation in an environmental club.,“List two values exhibited... active member of Eco-club”,0.72
19,a,Physics,A,1.0,Define focal length of a spherical lens.,2016,2,Remember,Factual,Recalls the standard definition of focal length.,“Define focal length of a spherical lens”,0.98
19,b,Physics,A,3.0,A divergent lens has a focal length of 30 cm. At what distance should an object of height 5 cm from the optical centre of the lens be placed so that its image is formed 15 cm away from the lens? Find the size of the image also.,2016,2,Apply,Procedural,Uses the lens formula and magnification procedure to calculate position and size.,“At what distance... Find the size”,0.98
19,c,Physics,A,1.0,Draw a ray diagram to show the formation of image in the above situation.,2016,2,Apply,Conceptual,Constructs an image ray diagram for the specified lens situation.,“ray diagram... above situation”,0.9
20,i,Physics,A,1.0,What should be the range of distance of an object placed in front of the mirror?,2016,2,Apply,Conceptual,Uses mirror image-formation conditions to determine an object-distance range.,“range of distance... placed in front of the mirror”,0.46
20,ii,Physics,A,2.0,Will the image be smaller or larger than the object. Draw ray diagram to show the formation of image in this case.,2016,2,Apply,Conceptual,Predicts image size and constructs a ray diagram for the stated case.,“smaller or larger... Draw ray diagram”,0.56
20,iii,Physics,A,2.0,"Where will the image of this object be, if it is placed 24 cm in front of the mirror? Draw ray diagram for this situation also to justify your answer. Show the positions of pole, principal focus and the centre of curvature in the above ray diagrams.",2016,2,Apply,Conceptual,Uses mirror rules to locate the image and construct labelled ray diagrams.,“placed 24 cm... Where will the image be”,0.64
21,a,Physics,A,2.5,What is atmospheric refraction? Use this phenomenon to explain the following natural events: Twinkling of stars. Draw diagrams to illustrate your answers.,2016,2,Understand,Conceptual,Explains twinkling through the phenomenon of atmospheric refraction.,“Use this phenomenon to explain... Twinkling of stars”,0.96
21,b,Physics,A,2.5,What is atmospheric refraction? Use this phenomenon to explain the following natural events: Advanced sun-rise and delayed sun-set. Draw diagrams to illustrate your answers.,2016,2,Understand,Conceptual,Explains advanced sunrise and delayed sunset through atmospheric refraction.,“explain... Advanced sun-rise and delayed sun-set”,0.96
22,-,Biology,A,5.0,What is placenta? Describe its structure. State its functions in case of a pregnant human female.,2016,2,Remember,Conceptual,"Recalls placenta definition, structure, and known functions.",“What is placenta? Describe its structure. State its functions”,0.93
23,-,Biology,A,5.0,Define evolution. How does it occur? Describe how fossils provide us evidences in support of evolution.,2016,2,Understand,Conceptual,"Explains evolution, its occurrence, and fossil evidence supporting it.",“How does it occur?... fossils provide... evidences”,0.91
24,-,Chemistry,A,5.0,"A carbon compound 'P' on heating with excess conc. H2SO4 forms another carbon compound 'Q' which on addition of hydrogen in the presence of nickel catalyst forms a saturated carbon compound 'R'. One molecule of 'R' on combustion forms two molecules of carbon dioxide and three molecules of water. Identify P, Q and R and write chemical equations for the reactions involved.",2016,2,Apply,Conceptual,Uses reaction sequences and combustion stoichiometry to identify organic compounds.,"Dehydration, hydrogenation, and combustion product quantities",0.97
25,-,Physics,B,1.0,"In the following ray diagram the correctly marked angle are: (a) ∠i and ∠e (b) ∠A and ∠D (c) ∠i, ∠e and ∠D (d) ∠r, ∠A and ∠D",2016,2,Analyze,Conceptual,Examines several labelled angles against relationships in a ray diagram.,“correctly marked angle are” with multiple angle sets,0.61
26,-,Physics,B,1.0,"Suppose you have focused on a screen the image of candle flame placed at the farthest end of the laboratory table using a convex lens. If your teacher suggests you to focus the parallel rays of the sun, reaching your laboratory table, on the same screen, what you are expected to do is to move the : (a) lens slightly towards the screen (b) lens slightly away from the screen (c) lens slightly towards the sun (d) lens and screen both towards the sun",2016,2,Apply,Conceptual,Applies convex-lens imaging for distant objects and parallel solar rays.,“focus the parallel rays of the sun”,0.95
27,-,Physics,B,1.0,"To determine the approximate value of the focal length of a given concave mirror, you focus the image of a distant object formed by the mirror on a screen. The image obtained on the screen, as compared to the object is always: (a) Laterally inverted and diminished (b) Inverted and diminished (c) Erect and diminished (d) Erect and highly diminished",2016,2,Remember,Conceptual,Recalls the standard image characteristics for a distant object in a concave mirror.,“image... compared to the object is always”,0.91
28,-,Physics,B,1.0,"In your laboratory you trace the path of light rays through a glass slab for different values of angle of incidence (i) and in each case measure the values of the corresponding angle of refraction (r) and angle of emergence (e). On the basis of your observations your correct conclusion is: (a) ∠i is more than ∠r, but nearly equal to ∠e (b) ∠i is less than ∠r, but nearly equal to ∠e (c) ∠i is more than ∠e, but nearly equal to ∠r (d) ∠i is less than ∠e, but nearly equal to ∠r",2016,2,Analyze,Conceptual,"Compares incidence, refraction, and emergence-angle relationships from observations.",“On the basis of your observations... conclusion”,0.96
29,-,Chemistry,B,1.0,"In the neighbourhood of your school, hard water required for an experiment is not available. Select from the following groups of salts available in your school, a group each member of which, if dissolved in distilled water, will make it hard: (a) Sodium chloride, calcium chloride (b) Potassium chloride, sodium chloride (c) Sodium chloride, magnesium chloride (d) Calcium chloride, magnesium chloride",2016,2,Analyze,Conceptual,Checks each salt group's members for ions that produce hard water.,“group each member... will make it hard”,0.95
30,-,Chemistry,B,1.0,A student puts a drop of reaction mixture of a saponification reaction first on a blue litmus paper and then on a red litmus paper. He may observe that: (a) There is no change in the blue litmus paper and the red litmus paper turns white. (b) There is no change in the red litmus paper and the blue litmus paper turns red. (c) There is no change in the blue litmus paper and the red litmus paper turns blue. (d) No change in colour is observed in both the litmus papers.,2016,2,Apply,Conceptual,Predicts litmus changes by applying the alkaline nature of a saponification mixture.,“reaction mixture of a saponification reaction... litmus”,0.96
31,-,Chemistry,B,1.0,For preparing soap in the laboratory we require an oil and a base. Which of the following combinations of an oil and a base would be best suited for the preparation of soap ? (a) Castor oil and calcium hydroxide (b) Turpentine oil and sodium hydroxide (c) Castor oil and sodium hydroxide (d) Mustard oil and calcium hydroxide,2016,2,Apply,Conceptual,Selects materials by applying saponification requirements to given oil-base combinations.,“best suited for the preparation of soap”,0.96
32,-,Biology,B,1.0,"If you are asked to select a group of two vegetables, out of the following, having homologous structures which one would you select ? (a) Carrot and radish (b) Potato and sweet potato (c) Potato and tomato (d) Lady finger and potato",2016,2,Understand,Conceptual,Classifies vegetable structures using the concept of homology.,“having homologous structures”,0.97
33,-,Biology,B,1.0,"A student while observing an embryo of a pea seed in the laboratory listed various parts of the embryo as given below: Testa, Tegmen, Radicle, Plumule, Micropyle, Cotyledon. On examining the list the teacher remarked that only three parts are correct. Select three correct parts from the above list: (a) Testa, Radicle, Cotyledon (b) Tegmen, Radicle, Micropyle (c) Cotyledon, Plumule, Testa (d) Radicle, Cotyledon, Plumule",2016,2,Analyze,Conceptual,Examines several listed structures to distinguish embryo parts from seed coverings and openings.,“only three parts are correct”,0.95
34,-,Physics,B,2.0,"An object of height 2.5 cm is placed at a distance of 15 cm from the optical centre 'O' of a convex lens of focal length 10 cm. Draw a ray diagram to find the position and size of the image formed. Mark optical centre 'O', principal focus F and height of the image on the diagram.",2016,2,Apply,Procedural,Uses convex-lens ray-construction rules for the specified object distance and focal length.,“Draw a ray diagram to find”,0.98
35,-,Chemistry,B,2.0,"A student adds a spoon full of powdered sodium hydrogen carbonate to a flask containing ethanoic acid. List two main observations, he must note in his note book, about the reaction that takes place. Also write chemical equation for the reaction.",2016,2,Apply,Procedural,Applies the known acid-hydrogencarbonate reaction to predict observations and write its equation.,“sodium hydrogen carbonate... ethanoic acid”,0.97
36,-,Biology,B,2.0,"A student is observing a permanent slide showing sequentially the different stages of asexual reproduction taking place in yeast. Name this process and draw diagrams, of what he observes, in a proper sequence.",2016,2,Remember,Factual,Recalls the named asexual process and its standard sequential stages in yeast.,“different stages of asexual reproduction... yeast”,0.96
1,-,Chemistry,A,1.0,Write the name and structure of an aldehyde with four carbon atoms in its molecule.,2016,3,Remember,Factual,Recalls a four-carbon aldehyde name and structural representation.,“aldehyde with four carbon atoms”,0.98
2,-,Biology,A,1.0,List two functions of ovary of human female reproductive system.,2016,3,Remember,Factual,Recalls functions of the human ovary.,“List two functions of ovary”,0.99
3,-,Biology,A,1.0,"In a food chain of frog, grass, insect and snake, assign trophic level to frog.",2016,3,Apply,Conceptual,Assigns a trophic level by applying food-chain feeding relationships.,"“food chain of frog, grass, insect and snake”",0.98
4,-,Physics,A,2.0,"The refractive indices of glass and water with respect to air are 3/2 and 4/3 respectively. If speed of light in glass is 2x10^8 m/s, find the speed of light in water.",2016,3,Apply,Procedural,Calculates light speed in water using refractive-index relationships and provided glass speed.,“find the speed of light in water”,0.99
5,-,Biology,A,2.0,List four stakeholders which may be helpful in the conservation of forests.,2016,3,Remember,Factual,Recalls examples of groups involved in forest conservation.,“List four stakeholders”,0.96
6,-,Biology,A,2.0,The construction of large dams leads to social and environmental problems. List two problems of each category.,2016,3,Remember,Factual,Recalls known social and environmental problems caused by large dams.,“List two problems of each category”,0.98
7,i,Chemistry,A,0.5,Write the electronic configuration of Ca.,2016,3,Remember,Factual,Recalls the electronic configuration of calcium.,“electronic configuration of Ca”,0.99
7,ii,Chemistry,A,0.5,Predict the number of valence electrons in Rb.,2016,3,Apply,Conceptual,Infers rubidium valence electrons from periodic-table electron-configuration relationships.,“Predict... valence electrons in Rb”,0.98
7,iii,Chemistry,A,0.5,What is the number of shells in Sr?,2016,3,Apply,Conceptual,Infers strontium shell number using its periodic position and electronic structure.,“number of shells in Sr”,0.98
7,iv,Chemistry,A,0.5,Predict whether K is a metal or a non-metal.,2016,3,Apply,Conceptual,Classifies potassium by applying periodic relationships between electron configuration and metallic character.,“whether K is a metal”,0.98
7,v,Chemistry,A,0.5,Which one of these elements has the largest atom in size?,2016,3,Apply,Conceptual,Uses periodic atomic-size trends to identify the largest atom among unspecified options.,“largest atom in size”,0.76
7,vi,Chemistry,A,0.5,"Arrange Be, Ca, Mg and Rb in the increasing order of the size of their respective atoms.",2016,3,Apply,Conceptual,Applies periodic atomic-size trends to order the specified elements.,“increasing order... sizes of their atoms”,0.98
8,-,Chemistry,A,3.0,Write three different chemical reactions showing the conversion of ethanoic acid to sodium ethanoate. Write balanced chemical equation in each case. Write the name of the reactants and the products other than ethanoic acid and sodium ethanoate in each case.,2016,3,Apply,Procedural,Constructs and balances known reaction equations for specified conversions of ethanoic acid.,“three different chemical reactions... balanced equation”,0.96
9,a,Chemistry,A,1.0,Determine the valence electrons and the valency of 'X'.,2016,3,Apply,Conceptual,Determines valence electrons and valency by applying the supplied context about element X.,“valence electrons and the valency of X”,0.68
9,b,Chemistry,A,1.0,Molecular formula of the compound formed when 'X' reacts with an element 'Y' (atomic number = 8).,2016,3,Apply,Conceptual,Derives a compound formula by applying valencies of X and oxygen.,“X reacts with... Y (atomic number = 8)”,0.7
9,c,Chemistry,A,1.0,Write the name and formula of the compound formed when 'X' combines with chlorine.,2016,3,Apply,Conceptual,Uses chlorine combination rules and X's valency to determine compound name and formula.,“X combines with chlorine”,0.7
10,-,Chemistry,A,3.0,"An element 'X' has mass number 35 and number of neutrons 18. Write atomic number and electronic configuration of 'X'. Also write group number, period number and valency of 'X'.",2016,3,Apply,Conceptual,Derives atomic structure and periodic properties from mass number and neutron count.,“mass number 35... neutrons 18”,0.99
11,a,Biology,A,1.0,List two reasons for the appearance of variations among the progeny formed by sexual reproduction.,2016,3,Understand,Conceptual,Explains causes of variation produced through sexual reproduction.,“reasons for... variations... sexual reproduction”,0.98
11,b_i,Biology,A,0.5,Name the part marked 'A' in the diagram.,2016,3,Remember,Factual,Requires recalling the name corresponding to a labelled diagram part.,“part marked ‘A’ in the diagram”,0.57
11,b_ii,Biology,A,0.5,How does 'A' reaches part 'B'?,2016,3,Understand,Conceptual,Explains the biological route or mechanism by which A reaches B.,“How does ‘A’ reaches part ‘B’?”,0.55
11,b_iii,Biology,A,0.5,State the importance of the part 'C'.,2016,3,Understand,Conceptual,Explains the role of labelled part C within the diagrammed system.,“importance of the part ‘C’”,0.55
11,b_iv,Biology,A,0.5,What happens to the part marked 'D' after fertilisation is over?,2016,3,Apply,Conceptual,Predicts the fate of labelled part D by applying fertilisation-related changes.,“after fertilisation is over”,0.57
12,-,Biology,A,3.0,Define reproduction. How does it help in providing stability to the population of species?,2016,3,Understand,Conceptual,Defines reproduction and explains its causal contribution to population stability.,“How does it help... stability”,0.98
13,-,Biology,A,3.0,"Explain the term ""Regeneration"" as used in relation to reproduction of organisms. Describe briefly how regeneration is carried out in multicellular organisms like Hydra.",2016,3,Understand,Conceptual,Explains regeneration and describes its mechanism in Hydra.,“how regeneration is carried out... Hydra”,0.98
14,-,Biology,A,3.0,Two areas of study namely 'evolution' and 'classification' are interlinked. Justify this statement.,2016,3,Understand,Conceptual,Explains the relationship between evolutionary history and biological classification.,“evolution and classification are interlinked”,0.96
15,-,Biology,A,3.0,How do Mendel's experiment show that traits are inherited independently?,2016,3,Analyze,Conceptual,Examines Mendelian experimental evidence to establish independent inheritance of traits.,“Mendel's experiment show... independently”,0.94
16,a,Biology,A,1.0,Why is it necessary to conserve our environment?,2016,3,Understand,Conceptual,Explains why environmental conservation is necessary through its consequences and importance.,“Why is it necessary to conserve”,0.98
16,b,Biology,A,1.0,State the importance of green and blue dust-bins in the safe disposal of the household waste.,2016,3,Understand,Conceptual,Explains the waste-segregation roles of differently coloured dust-bins.,“importance of green and blue dust-bins”,0.98
16,c,Biology,A,1.0,List two values exhibited by your classmate who is an active member of Eco-club of your school.,2016,3,Understand,Conceptual,Infers environmental values from the classmate's Eco-club participation.,“values exhibited... active member of Eco-club”,0.91
17,-,Physics,A,3.0,"The image formed by a spherical mirror is real, inverted and is of magnification -2. If the image is at a distance of 30 cm from the mirror, where is the object placed? Find the focal length of the mirror. List two characteristics of the image formed if the object is moved 10 cm towards the mirror.",2016,3,Apply,Procedural,"Uses mirror magnification and imaging equations, then predicts changes after object movement.",“magnification -2... find focal length”,0.98
18,-,Physics,A,3.0,Describe an activity to show that the colours of white light splitted by a glass prism can be recombined to get white light by another identical glass prism. Also draw ray diagram to show the recombination of the spectrum of white light.,2016,3,Remember,Procedural,Reproduces the standard prism experiment and ray diagram for recombining white light.,“activity... recombined to get white light”,0.95
19,i,Physics,A,1.0,What should be the range of distance of an object placed in front of the mirror?,2016,3,Apply,Conceptual,Determines an object-distance range using the implied mirror imaging conditions.,“range of distance... in front of the mirror”,0.54
19,ii,Physics,A,2.0,Will the image be smaller or larger than the object. Draw ray diagram to show the formation of image in this case.,2016,3,Apply,Conceptual,Predicts relative image size for the implied mirror placement and represents it by rays.,“image be smaller or larger”,0.58
19,iii,Physics,A,2.0,"Where will the image of this object be, if it is placed 24 cm in front of the mirror? Draw ray diagram for this situation also to justify your answer. Show the positions of pole, principal focus and the centre of curvature in the above ray diagrams.",2016,3,Apply,Procedural,Uses mirror imaging construction or equations for a specified object distance and diagram.,“placed 24 cm... Draw ray diagram”,0.72
20,-,Biology,A,5.0,Define evolution. How does it occur? Describe how fossils provide us evidences in support of evolution.,2016,3,Understand,Conceptual,Explains evolution and interprets how fossil evidence supports evolutionary change.,“How does it occur” and “how fossils provide... evidences”,0.93
21,-,Biology,A,5.0,What is placenta? Describe its structure. State its functions in case of a pregnant human female.,2016,3,Remember,Factual,"Retrieves the definition, standard structure, and known functions of placenta.",“What is placenta? Describe its structure. State its functions”,0.9
22,-,Chemistry,A,5.0,"A carbon compound 'P' on heating with excess conc. H2SO4 forms another carbon compound 'Q' which on addition of hydrogen in the presence of nickel catalyst forms a saturated carbon compound 'R'. One molecule of 'R' on combustion forms two molecules of carbon dioxide and three molecules of water. Identify P, Q and R and write chemical equations for the reactions involved.",2016,3,Apply,Conceptual,Uses reaction patterns and combustion products to identify compounds and write equations.,“on heating... hydrogen... combustion forms”,0.94
23,a,Physics,A,2.5,What is atmospheric refraction? Use this phenomenon to explain the following natural events: Twinkling of stars. Draw diagrams to illustrate your answers.,2016,3,Understand,Conceptual,Explains twinkling using the known phenomenon of atmospheric refraction.,“Use this phenomenon to explain... Twinkling of stars”,0.95
23,b,Physics,A,2.5,What is atmospheric refraction? Use this phenomenon to explain the following natural events: Advanced sun-rise and delayed sun-set. Draw diagrams to illustrate your answers.,2016,3,Understand,Conceptual,Explains advanced sunrise and delayed sunset through atmospheric refraction.,“Use this phenomenon to explain... Advanced sun-rise”,0.95
24,a,Physics,A,1.0,Define focal length of a divergent lens.,2016,3,Remember,Factual,Retrieves the learned definition of focal length for a divergent lens.,“Define focal length of a divergent lens”,0.99
24,b,Physics,A,3.0,A divergent lens of focal length 30 cm forms the image of an object of size 6 cm on the same side as the object at a distance of 15 cm from its optical centre. Use lens formula to determine the distance of the object from the lens and the size of the image formed.,2016,3,Apply,Procedural,Uses the lens formula and magnification procedure to calculate object and image measures.,“Use lens formula to determine”,0.99
24,c,Physics,A,1.0,Draw a ray diagram to show the formation of image in the above situation.,2016,3,Apply,Conceptual,Constructs a ray diagram for the specified divergent-lens image situation.,“in the above situation”,0.93
25,-,Biology,B,1.0,"A student while observing an embryo of a pea seed in the laboratory listed various parts of the embryo as given below: Testa, Tegmen, Radicle, Plumule, Micropyle, Cotyledon. On examining the list the teacher remarked that only three parts are correct. Select three correct parts from the above list: (a) Testa, Radicle, Cotyledon (b) Tegmen, Radicle, Micropyle (c) Cotyledon, Plumule, Testa (d) Radicle, Cotyledon, Plumule",2016,3,Analyze,Factual,Checks multiple listed structures against the actual parts of a pea embryo.,“only three parts are correct. Select three”,0.96
26,-,Biology,B,1.0,"If you are asked to select a group of two vegetables, out of the following, having homologous structures which one would you select? (a) Carrot and radish (b) Potato and sweet potato (c) Potato and tomato (d) Lady finger and potato",2016,3,Understand,Conceptual,Classifies vegetable pairs by interpreting the concept of homologous structures.,“having homologous structures”,0.96
27,-,Physics,B,1.0,"In the following ray diagram the correctly marked angle are: (a) ∠i and ∠e (b) ∠A and ∠D (c) ∠i, ∠e and ∠D (d) ∠r, ∠A and ∠D",2016,3,Analyze,Conceptual,Requires checking several labelled angles against ray-diagram conventions.,“correctly marked angle are”,0.62
28,-,Physics,B,1.0,"In your laboratory you trace the path of light rays through a glass slab for different values of angle of incidence (i) and in each case measure the values of the corresponding angle of refraction (r) and angle of emergence (∠e). On the basis of your observations your correct conclusion is: (a) ∠i is more than ∠r, but nearly equal to ∠e (b) ∠i is less than ∠r, but nearly equal to ∠e (c) ∠i is more than ∠e, but nearly equal to ∠r (d) ∠i is less than ∠e, but nearly equal to ∠r",2016,3,Analyze,Conceptual,"Infers the relationship among incidence, refraction, and emergence angles from observations.",“On the basis of your observations... conclusion”,0.95
29,-,Physics,B,1.0,"To determine the approximate value of the focal length of a given concave mirror, you focus the image of a distant object formed by the mirror on a screen. The image obtained on the screen, as compared to the object is always: (a) Laterally inverted and diminished (b) Inverted and diminished (c) Erect and diminished (d) Erect and highly diminished",2016,3,Apply,Conceptual,Predicts image orientation and size by applying concave-mirror behavior for a distant object.,“image of a distant object... always”,0.94
30,-,Physics,B,1.0,"Suppose you have focused on a screen the image of candle flame placed at the farthest end of the laboratory table using a convex lens. If your teacher suggests you to focus the parallel rays of the sun, reaching your laboratory table, on the same screen, what you are expected to do is to move the: (a) lens slightly towards the screen (b) lens slightly away from the screen (c) lens slightly towards the sun (d) lens and screen both towards the sun",2016,3,Apply,Conceptual,Applies convex-lens image-position behavior when the object changes from distant candle to sunlight.,“focus the parallel rays of the sun”,0.91
31,-,Chemistry,B,1.0,For preparing soap in the laboratory we require an oil and a base. Which of the following combinations of an oil and a base would be best suited for the preparation of soap? (a) Castor oil and calcium hydroxide (b) Turpentine oil and sodium hydroxide (c) Castor oil and sodium hydroxide (d) Mustard oil and calcium hydroxide,2016,3,Evaluate,Conceptual,Judges which oil-base combination is most suitable for soap preparation.,“would be best suited”,0.96
32,-,Chemistry,B,1.0,A student puts a drop of reaction mixture of a saponification reaction first on a blue litmus paper and then on a red litmus paper. He may observe that: (a) There is no change in the blue litmus paper and the red litmus paper turns white. (b) There is no change in the red litmus paper and the blue litmus paper turns red. (c) There is no change in the blue litmus paper and the red litmus paper turns blue. (d) No change in colour is observed in both the litmus papers.,2016,3,Apply,Conceptual,Predicts litmus changes by applying the alkaline nature of the saponification mixture.,“He may observe that”,0.94
33,-,Chemistry,B,1.0,"In the neighbourhood of your school, hard water required for an experiment is not available. Select from the following groups of salts available in your school, a group each member of which, if dissolved in distilled water, will make it hard: (a) Sodium chloride, calcium chloride (b) Potassium chloride, sodium chloride (c) Sodium chloride, magnesium chloride (d) Calcium chloride, magnesium chloride",2016,3,Analyze,Conceptual,Checks each salt group for whether all members produce hardness in distilled water.,“a group each member of which... will make it hard”,0.95
34,-,Biology,B,2.0,"A student is observing a permanent slide showing sequentially the different stages of asexual reproduction taking place in yeast. Name this process and draw diagrams, of what he observes, in a proper sequence.",2016,3,Remember,Factual,Retrieves the named asexual process and its standard sequence of stages.,“Name this process and draw diagrams... proper sequence”,0.9
35,-,Physics,B,2.0,"An object of height 2.5 cm is placed at a distance of 15 cm from the optical centre 'O' of a convex lens of focal length 10 cm. Draw a ray diagram to find the position and size of the image formed. Mark optical centre 'O', principal focus F and height of the image on the diagram.",2016,3,Apply,Conceptual,Uses convex-lens ray construction for the specified object distance and focal length.,“Draw a ray diagram to find the position and size”,0.97
36,-,Chemistry,B,2.0,"A student adds a spoon full of powdered sodium hydrogen carbonate to a flask containing ethanoic acid. List two main observations, he must note in his note book, about the reaction that takes place. Also write chemical equation for the reaction.",2016,3,Apply,Conceptual,Predicts reaction observations and writes the equation for the specified reactants.,“adds... sodium hydrogen carbonate... ethanoic acid”,0.96
