Question_No,Sub_Question_No,Subject,Section,Marks,Question_Text,Year,Set
1,N/A,Chemistry,A,1,The most common method of extraction of metals from their oxide ores is: (A) Reduction with carbon (B) Reduction with hydrogen (C) Reduction with aluminium (D) Electrolytic reduction,2025,3
2,N/A,Chemistry,A,1,"Consider the following chemical equation : p Al + q H2O -> r Al2O3 + s H2 To balance this chemical equation, the values of 'p', 'q', 'r' and 's' must be respectively: (A) 3, 2, 2, 1 (B) 2, 3, 3, 1 (C) 2, 3, 1, 3 (D) 3, 1, 2, 2",2025,3
3,N/A,Chemistry,A,1,Given below are the structures of some hydrocarbons. Select the two structures which are related to each other from the given options : (i) CH3-CH2-CH=CH2 (ii) CH3-CH(CH3)-CH3 (iii) CH3-CH2-CH3 (iv) Cl-CH2-CH2-CH=CH2 (A) (i) and (iv) (B) (ii) and (iv) (C) (ii) and (iii) (D) (i) and (iii),2025,3
4,N/A,Chemistry,A,1,Choose the incorrect statement about the common reaction used in hydrogenation of vegetable oils. (A) It is an addition reaction. (B) It takes place in the presence of nickel or palladium catalyst. (C) The product contains only single bonds between carbon atoms. (D) It is an addition reaction which occurs in the presence of an acid catalyst.,2025,3
5,N/A,Chemistry,A,1,"Which of the given option represents a family of salts? (A) NaCl, Na2SO4, CaSO4 (B) K2SO4, Na2SO4, CaSO4 (C) NaNO3, CaCO3, Na2CO3 (D) MgSO4, CuSO4, MgCl2",2025,3
6,N/A,Biology,A,1,Select a pair of bisexual flowers from the following: (A) Papaya and mustard (B) Hibiscus and mustard (C) Hibiscus and papaya (D) Hibiscus and watermelon,2025,3
7,N/A,Biology,A,1,The growth of the pollen tubes towards ovules is an example of : (A) Phototropism (B) Hydrotropism (C) Geotropism (D) Chemotropism,2025,3
8,N/A,Biology,A,1,"Match Column-I with Column-II and select the correct option from the choices provided. Column-I: a. Site of fertilisation of egg with the sperm, b. Site of implantation of embryo, c. Site of entry of sperm into the female reproductive tract, d. Site through which the waste materials generated by the developing embryo are removed. Column-II: (i) Vagina, (ii) Uterus, (iii) Oviduct, (iv) Placenta, (v) Cervix. (A) a-(ii), b-(i), c-(v), d-(iv) (B) a-(iii), b-(i), c-(v), d-(iv) (C) a-(iv), b-(ii), c-(iii), d-(i) (D) a-(iii), b-(ii), c-(i), d-(iv)",2025,3
9,N/A,Biology,A,1,The plant hormone present in greater concentration in the areas of rapidly dividing cells is : (A) Auxin (B) Cytokinins (C) Gibberellins (D) Abscisic acid,2025,3
10,N/A,Biology,A,1,Parasitic mode of nutrition is observed in: (A) Bryophyllum (B) Hibiscus (C) Cuscuta (D) Helianthus,2025,3
11,N/A,Physics,A,1,"A candle flame is placed in front of the reflecting surface of a convex mirror of focal length f. If the distance of the flame from the pole of the mirror is 'f', its image is formed : (A) at infinite distance from the mirror (B) behind the mirror at the principal focus (C) behind the mirror at a distance 2f (D) behind the mirror at a distance f/2",2025,3
12,N/A,Physics,A,1,"Select the correct statement from the following: (A) The size of the molecules of air is larger than the wavelength of visible light. (B) The blue light has a wavelength about 1.8 times greater than that of red light. (C) When sunlight passes through the fine particles in air, they scatter the blue colour of visible light more strongly than red. (D) The light of red colour is scattered the most by fog or smoke.",2025,3
13,N/A,Physics,A,1,"In domestic electric circuits, the colour of insulation covers of wires in the cables of electric iron/electric toaster is generally : (A) red for live wire, green for neutral wire and black for earth wire (B) red for live wire, black for neutral wire and green for earth wire (C) green for live wire, black for neutral wire and red for earth wire (D) green for live wire, red for neutral wire and black for earth wire",2025,3
14,N/A,Physics,A,1,The strength of magnetic field produced inside a long straight current carrying solenoid does not depend upon : (A) number of turns in the solenoid (B) direction of current flowing through the solenoid (C) material of the core filled inside the solenoid (D) radius of the coil of the solenoid,2025,3
15,N/A,Physics,A,1,Which one of the following statements is not true about a bar magnet? (A) It sets itself in north-south direction when suspended freely. (B) It has attractive power for iron filings. (C) It produces magnetic field lines. (D) The direction of magnetic field lines inside a bar magnet is from its north pole to its south pole.,2025,3
16,N/A,Biology,A,1,"Other than the abiotic components, which of the given biotic components are not required to make an aquarium with small herbivorous fishes a self-sustaining system ? (i) Aquatic plants and aquatic animals (ii) Terrestrial plants and terrestrial animals (iii) Decomposers as bacteria and fungi (iv) Consumers as clown fishes and sea urchins (A) (i) and (iv) (B) (ii) and (iii) (C) (i) and (iii) (D) (ii) and (iv)",2025,3
17,N/A,Chemistry,A,1,"Assertion (A): Brass is prepared by first melting copper and then dissolving tin into it in a definite proportion. Reason (R): The primary metal of brass is copper. (A) Both (A) and (R) are true and (R) is correct explanation. (B) Both (A) and (R) are true, but (R) is not correct explanation. (C) (A) is true, but (R) is false. (D) (A) is false, but (R) is true.",2025,3
18,N/A,Biology,A,1,"Assertion (A): Use of jute bags for shopping reduces pollution. Reason (R): Jute is biodegradable and its bag may be reused as and when needed. (A) Both (A) and (R) are true and (R) is correct explanation. (B) Both (A) and (R) are true, but (R) is not correct explanation. (C) (A) is true, but (R) is false. (D) (A) is false, but (R) is true.",2025,3
19,N/A,Biology,A,1,"Assertion (A): In our actions of writing or talking, our nervous system communicates with the muscles. Reason (R): Cranial nerves and spinal nerves form the peripheral nervous system. (A) Both (A) and (R) are true and (R) is correct explanation. (B) Both (A) and (R) are true, but (R) is not correct explanation. (C) (A) is true, but (R) is false. (D) (A) is false, but (R) is true.",2025,3
20,N/A,Physics,A,1,"Assertion (A): Magnetic field lines around a bar magnet never intersect each other. Reason (R): Magnetic field produced by a bar magnet is a quantity that has both magnitude and direction. (A) Both (A) and (R) are true and (R) is correct explanation. (B) Both (A) and (R) are true, but (R) is not correct explanation. (C) (A) is true, but (R) is false. (D) (A) is false, but (R) is true.",2025,3
21,a,Chemistry,B,2,List the possible sources of energy required in decomposition reactions. Illustrate any one with a suitable example.,2025,3
21,b,Chemistry,B,2,What is observed when hydrated ferrous sulphate crystals are heated in a dry boiling tube? Give balanced chemical equation(s) of the reactions(s) that occur(s).,2025,3
22,N/A,Chemistry,B,2,A chemical compound 'X' is used to bleach washed clothes in laundry as well as to make drinking water free from germs. Identify 'X'. How is this compound represented ? Write the method of its preparation along with the chemical equation for the reaction that occurs.,2025,3
23,N/A,Biology,B,2,State the main function of veins in human circulatory system. Why do they not need thick walls?,2025,3
24,N/A,Biology,B,2,Sex of the children is determined by type of sex chromosome which they inherit from their father. Justify the statement.,2025,3
25,a,Physics,B,2,A student has difficulty in reading his textbooks but can read the blackboard clearly while sitting in the last row. Name the defect of vision the student is suffering from. List two reasons due to which this defect arises. Write the nature of the lenses required to correct this defect.,2025,3
25,b,Physics,B,2,Draw a ray diagram to show the path of a ray of light falling obliquely on one of the refracting faces of a triangular glass prism and mark the angle of deviation on it.,2025,3
26,N/A,Physics,B,2,"Four resistors, each of resistance 2.0 Ω, are joined end to end to form a square ABCD as shown. Using appropriate formula, determine the equivalent resistance of the combination between its two ends A and B.",2025,3
27,N/A,Chemistry,C,3,State the change that is observed when a China dish containing copper powder is heated over the flame of a burner. Name the phenomenon responsible for the change and write balanced equation for the chemical reaction that occurs. How is this reaction different from the reaction that occurs when copper wares kept in open air slowly lose their shiny brown surface and gain a coat ? Write chemical name of the coating and state its colour.,2025,3
28,a,Chemistry,C,3,"Common salt is an important raw material for various chemicals of daily use. State in brief the method of preparation of (i) Sodium hydroxide, and (ii) Sodium hydrogen carbonate from common salt. Write balanced chemical equations of the reactions that occur.",2025,3
28,b,Chemistry,C,3,"Design an experimental set-up to demonstrate that ""Alcohol and glucose contain hydrogen but are not categorised as acids"". Also give the reason to justify this fact.",2025,3
29,N/A,Biology,C,3,"Why is blood circulation in vertebrates known as ""double circulation""? Trace its path in the form of a flow chart.",2025,3
30,a,Biology,C,1,"A pure pea plant having round (R), yellow (Y) seeds is crossed with another pure pea plant having wrinkled (r), green (y) seeds. Subsequently F1 progeny is self-pollinated to obtain F2 progeny. What do the seeds of F1 generation look like ?",2025,3
30,b,Biology,C,1,Give the possible combinations of traits in seeds of F2 generation. Also give their ratio.,2025,3
30,c,Biology,C,1,State the reason of obtaining seeds of new combination of traits in F2 generation.,2025,3
31,N/A,Physics,C,3,A person is suffering from an eye defect in which the far point of the eye is much nearer than infinity. Name the defect of vision the person is suffering from. List two main causes of this defect. Write the type of the corrective lens and draw a ray diagram to show the function of the corrective lens.,2025,3
32,a,Physics,C,1.5,Name and state the rule which determines the force on a current carrying conductor placed in a uniform magnetic field.,2025,3
32,b,Physics,C,1.5,"Consider the following three diagrams in which the entry of a positive charge (+Q) in a magnetic field is shown. Identify giving reason the case in which the force experienced by the charge is (i) maximum, and (ii) minimum.",2025,3
33,a,Biology,C,1.5,In a food chain energy flow is unidirectional. Give two reasons for the given statement.,2025,3
33,b,Physics,C,1.5,"If 10,000 J energy is available at the producer level, how much energy will be available to the secondary consumers ? Give reason to justify your answer.",2025,3
34,a.i,Chemistry,D,2.5,"Consider the following metals : K, Ca, Al, Cu, Ag, Fe. Select from the above metals, a metal which I. does not react with oxygen even at high temperature. II. reacts with oxygen at ordinary temperature and forms a protective oxide layer which prevents the metal from further oxidation. III. catches fire when kept in the open. IV. does not burn in oxygen but the hot metal is coated with a black coloured oxide layer.",2025,3
34,a.ii,Chemistry,D,1.5,What are amphoteric oxides? With the help of balanced chemical equations show that aluminium oxide is an amphoteric oxide.,2025,3
34,a.iii,Chemistry,D,1,What are alkalis? Give one example.,2025,3
34,b.i,Chemistry,D,3,"With the help of balanced chemical equations state the process of extracting (I) mercury from its ore called cinnabar, and (II) copper from its sulphide ore.",2025,3
34,b.ii,Chemistry,D,2,"Silver and copper articles slowly lose their shiny surfaces when exposed to air. Name the compounds formed on (I) silver articles, and (II) copper articles in the form of coating.",2025,3
35,a.i,Physics,D,2.5,"In refraction of light through a rectangular glass slab, the emergent ray is always parallel to the direction of the incident ray. Why? Explain with the help of a ray diagram. What happens when a ray of light falls normally on one of the faces of a rectangular glass prism? Draw diagram.",2025,3
35,a.ii,Physics,D,2.5,An object is placed at a distance of 30 cm from the optical centre of a concave lens of focal length 20 cm. Use Lens formula to determine the position of the image formed in this case.,2025,3
35,b.i,Physics,D,2.5,"A student wishes to study the image formation by a concave mirror using candle flame as object. State the type of the image formed by the mirror and mention the change in the image formed, if any, that he observes when the candle flame is gradually moved away from the pole of the mirror. Draw a ray diagram to show the image formation when the object distance is nearly equal to the radius of curvature of the mirror.",2025,3
35,b.ii,Physics,D,2.5,"A convex mirror used for rear-view on an automobile has a focal length of 3.0 m. If a bus is located at 6.0 m from this mirror, use mirror formula to find the position of the image of the bus as seen in the mirror.",2025,3
36,a.i,Biology,D,1,Identify the parts 'X' and 'Y' in the figure given below.,2025,3
36,a.ii,Biology,D,1,Name the yellowish coloured structures produced by the part labelled as 'Y'.,2025,3
36,a.iii,Biology,D,1,Write the name of the process by which these are transferred to the part labelled as 'X'.,2025,3
36,a.iv,Biology,D,2,Explain the process of seed formation in a flowering plant.,2025,3
36,b.i,Biology,D,1,Name the type of asexual mode of reproduction shown in the given figure. Identify the unicellular organism in the diagram.,2025,3
36,b.ii,Biology,D,2,List any two advantages of asexual reproduction over sexual reproduction.,2025,3
36,b.iii,Biology,D,2,Name and explain any one mode of asexual reproduction observed in Hydra.,2025,3
37,a,Physics,E,1,Which one of the graphs represents the series combination of R1 and R2?,2025,3
37,b,Physics,E,1,Which one of these graphs represents the parallel combination of R1 and R2?,2025,3
37,c.i,Physics,E,2,"Show an arrangement of three resistors, each of resistance 10 Ω, so that the combination has a resistance of 15 Ω. Give justification for your answer.",2025,3
37,c.ii,Physics,E,2,"A battery of 6 V is connected with a series combination of five resistors of 0.1 Ω, 0.2 Ω, 0.3 Ω, 0.4 Ω and 0.5 Ω. How much current would flow through the 0.3 Ω resistor? Justify your answer.",2025,3
38,a,Chemistry,E,1,In which one of the four test tubes is the foam formed the minimum?,2025,3
38,b,Chemistry,E,1,Differentiate between salt A and salt B.,2025,3
38,c.i,Chemistry,E,2,What are esters? What happens when an ester reacts with an alkali (say sodium hydroxide)? Give chemical equation for the reaction.,2025,3
38,c.ii,Chemistry,E,2,What is the cause of hardness of water? Sometimes it is observed that while bathing foam is formed with difficulty and an insoluble substance is formed. Name this substance and write the cause of its formation.,2025,3
39,a.i,Biology,E,2,Name the hormone secreted in the blood of the person in this situation.,2025,3
39,a.ii,Biology,E,2,Name the source gland of the hormone secreted in this condition.,2025,3
39,b,Biology,E,1,State any two responses in the body of the person as a result of the secretion of this hormone.,2025,3
39,c,Biology,E,1,How does the action of the chemical signal in terms of hormones differ from the electrical impulses via nerve cells ?,2025,3
1,N/A,Chemistry,A,1,"In the electrolysis of water, the mass ratio of hydrogen and oxygen gases liberated at the electrodes is : (A) 1:2 (B) 1:4 (C) 1:8 (D) 1:16",2025,31/2/3
2,N/A,Chemistry,A,1,The body of human beings works within the pH range of : (A) 6.1 to 6.8 (B) 6.5 to 7.3 (C) 7.0 to 7.8 (D) 7.5 to 8.1,2025,31/2/3
3,N/A,Chemistry,A,1,The warning sign shown in the given figure must invariably be displayed/pasted on the containers which contain hydroxide of: (A) Aluminium (B) Calcium (C) Sodium (D) Magnesium,2025,31/2/3
4,N/A,Chemistry,A,1,Two metals zinc and tin are dissolved separately in definite proportions in molten copper (the primary metal) to obtain two different alloys respectively known as: (A) Bronze and Brass (B) Brass and Solder (C) Brass and Bronze (D) Solder and Bronze,2025,31/2/3
5,N/A,Chemistry,A,1,"Aluminium powder is used in thermit welding because: (A) Its reaction with iron is highly exothermic. (B) When it is heated with iron (III) oxide, molten iron is obtained. (C) When it is heated with iron (III) oxide, molten aluminium oxide is obtained to join railway tracks. (D) Its melting point is low as compared to iron and a molten alloy of iron and aluminium is formed on heating which is used to join railway tracks.",2025,31/2/3
6,N/A,Biology,A,1,Select the correct option from the following statements about the functioning of the human heart. (A) Right atrium receives deoxygenated blood from different parts of the body and sends it to pulmonary veins. (B) Left atrium sends oxygenated blood to right ventricle which pumps it to different parts of the body. (C) Right atrium receives deoxygenated blood from the body and sends it to the right ventricle. (D) Left atrium receives oxygenated blood from the pulmonary arteries and sends it to the left ventricle.,2025,31/2/3
7,N/A,Biology,A,1,"Observe the given figures A and B. When chhui-mui (sensitive) plant is touched, its leaves fold. This is due to : (A) Hormonal effect (B) Thermal effect (C) Change in amount of water in cells (D) Electromagnetic effect",2025,31/2/3
8,N/A,Biology,A,1,One-cell thick blood vessels are known as: (A) Alveoli (B) Capillaries (C) Arteries (D) Veins,2025,31/2/3
9,N/A,Biology,A,1,"Which of the following is the correct sequence of parts of female reproductive system of flowering plants in terms of their placement? (A) Stigma, ovule, ovary, style (B) Ovule, stigma, ovary, style (C) Style, stigma, ovule, ovary (D) Stigma, style, ovary, ovule",2025,31/2/3
10,N/A,Biology,A,1,The number of chromosomes in a cell division is halved. This kind of cell division is observed in: (A) Only testis (B) Only ovary (C) Ovary and testis both (D) All cells of the body,2025,31/2/3
11,N/A,Physics,A,1,"An electric bulb is connected to a power supply of 220 V. If the current drawn by the bulb from the supply is 500 mA, the power of the bulb is : (A) 11 W (B) 110 W (C) 220 W (D) 1100 W",2025,31/2/3
12,N/A,Physics,A,1,Four identical resistors of 12 Ω each are connected in series to form a square ABCD as shown in the figure. The resistance of the network between the two points 1 and 2 is: (A) 48 Ω (B) 36 Ω (C) 9 Ω (D) 6 Ω,2025,31/2/3
13,N/A,Physics,A,1,The part of the human eye which can modify the curvature of the eye lens to some extent is : (A) Pupil (B) Cornea (C) Ciliary muscles (D) Aqueous humour,2025,31/2/3
14,N/A,Physics,A,1,"If the absolute refractive indices of two media X and Y are 6/5 and 4/3 respectively, then the refractive index of Y with respect to X will be : (A) 10/9 (B) 9/10 (C) 9/8 (D) 8/9",2025,31/2/3
15,N/A,Physics,A,1,"An object is placed at a distance of 30 cm from the pole of a concave mirror. If its real and inverted image is formed at 60 cm in front of the mirror, the focal length of the mirror is : (A) -20 cm (B) -15 cm (C) +20 cm (D) +15 cm",2025,31/2/3
16,N/A,Biology,A,1,"Identify from the following a group containing all non-biodegradable substances. (A) Leather, Glass, Plastic (B) Cotton, Wood, Nylon (C) DDT, Polyester, Glass (D) Leather, Silk, Wool",2025,31/2/3
17,N/A,Biology,A,1,"Assertion (A): Ductility is that property of metals which enables copper to be used in making cooking utensils. Reason (R): Copper is a metal which is ductile as well as malleable. (A) Both (A) and (R) are true and (R) is correct explanation. (B) Both (A) and (R) are true, but (R) is not correct explanation. (C) (A) is true, but (R) is false. (D) (A) is false, but (R) is true.",2025,31/2/3
18,N/A,Biology,A,1,"Assertion (A): A mango seed will germinate to form a mango tree. Reason (R): Heredity determines the process by which traits and characteristics are reliably inherited from parents to offspring. (A) Both (A) and (R) are true and (R) is correct explanation. (B) Both (A) and (R) are true, but (R) is not correct explanation. (C) (A) is true, but (R) is false. (D) (A) is false, but (R) is true.",2025,31/2/3
19,N/A,Physics,A,1,"Assertion (A): The bending of a wire in the form of a coil of several turns does not affect its electrical resistance. Reason (R): The electrical resistance of a wire is directly proportional to its electrical resistivity. (A) Both (A) and (R) are true and (R) is correct explanation. (B) Both (A) and (R) are true, but (R) is not correct explanation. (C) (A) is true, but (R) is false. (D) (A) is false, but (R) is true.",2025,31/2/3
20,N/A,Biology,A,1,"Assertion (A): Animals will not get energy if they eat (consume) coal. Reason (R): Specific enzymes are needed for the breakdown of a particular food. (A) Both (A) and (R) are true and (R) is correct explanation. (B) Both (A) and (R) are true, but (R) is not correct explanation. (C) (A) is true, but (R) is false. (D) (A) is false, but (R) is true.",2025,31/2/3
21,a,Chemistry,B,2,In common practice silver is recovered from silver nitrate solution by the use of copper metal. Name the type of reaction that takes place in this process and give the chemical equation of the reaction involved.,2025,31/2/3
21,b,Chemistry,B,2,Name the method used for refining silver.,2025,31/2/3
22,N/A,Biology,B,2,What are micelles ? Draw the structure.,2025,31/2/3
23,N/A,Biology,B,2,A person is making a list to purchase few things from a nearby market. Explain how the fore-brain plays an important role in performing this activity.,2025,31/2/3
24,a,Biology,B,2,"Write one function each of the following, in a seed : (i) Seed coat (ii) Cotyledon (iii) Radicle (iv) Plumule",2025,31/2/3
24,b,Biology,B,2,Write the main steps to culture yeast in the laboratory.,2025,31/2/3
25,a,Physics,B,2,"Out of the two lenses, one concave and the other convex, state which one will diverge a parallel beam of light falling on it. Draw a ray diagram to show the principal focus of the lens.",2025,31/2/3
25,b,Physics,B,2,"A ray of light after refraction from a convex lens emerges parallel to its principal axis. (i) Draw a labelled ray diagram to show it. (ii) In this case, the incident ray before refraction from the lens passes through a point on its principal axis. Name the point.",2025,31/2/3
26,N/A,Physics,B,2,How and why is an electric fuse used in an electric circuit? Briefly describe its function.,2025,31/2/3
27,a.i,Chemistry,C,2,"Define the term decomposition reaction. Write one chemical equation each for decomposition reaction where energy is supplied in the form of heat, light or electricity.",2025,31/2/3
27,a.ii,Chemistry,C,1,Decomposition of vegetable matter into compost is considered an exothermic reaction. Why?,2025,31/2/3
27,b,Chemistry,C,3,Why are decomposition reactions called the opposite of combination reactions? Write one chemical equation each for these two types of reactions mentioning the name of the reactant(s) and the product(s) involved in the reactions.,2025,31/2/3
28,a,Chemistry,C,1.5,"Two substances 'A' and 'B' are burnt in air separately. For 'A', ashes are collected and dissolved in water to get solution 'X', while for 'B', fumes produced are passed through water to get solution 'Y'. Both the solutions 'X' and 'Y' are then tested with pH paper. If 'X' gives light blue colour and 'Y' gives orange colour to the pH paper, then write the nature and range of pH of 'X' and 'Y'.",2025,31/2/3
28,b,Chemistry,C,1.5,"Which one of the two - A and B, is a metal? Justify your answer.",2025,31/2/3
29,a,Biology,C,1,Define hormone.,2025,31/2/3
29,b,Biology,C,2,Hormones should be secreted in precise quantities. We have a feedback mechanism through which this is done. With the help of an example justify the statement.,2025,31/2/3
30,a,Biology,C,2,"A pure pea plant bearing terminal flowers was cross-pollinated with a pure plant having axillary flowers. In F1 generation, plants with axial flowers only were obtained. F1 generation plants are self-pollinated and F2 generation is obtained. Work out the pattern of inheritance in this case.",2025,31/2/3
30,b,Biology,C,1,What will be the ratio of plants obtained in F2 generation?,2025,31/2/3
31,N/A,Physics,C,3,"A convex mirror used for rear view on an automobile has a focal length of 1.5 m. If a 3 m high bus is located at 6.0 m from the mirror, use mirror formula to determine the position and size of the image of the bus as seen in the mirror.",2025,31/2/3
32,N/A,Physics,C,3,"Three resistors of 2 Ω, 3 Ω and 6 Ω are connected in (i) series, and (ii) parallel. Draw the arrangements of the resistors and find the equivalent resistance of each arrangement.",2025,31/2/3
33,N/A,Biology,C,3,Some harmful chemicals get accumulated in human bodies through the food chain. Name this phenomenon. Explain the reason of maximum concentration of these chemicals found in our bodies.,2025,31/2/3
34,a.i,Physics,D,1,The given figure shows the current passing through the straight conductor XY. Copy the diagram and draw the magnetic field lines when current flows from conductor X to Y.,2025,31/2/3
34,a.ii,Physics,D,2,Name and state the rule used in determining the direction of the magnetic field lines in the situation given above.,2025,31/2/3
34,a.iii,Physics,D,2,"State Fleming's left hand rule. Using this rule, determine the direction of force applied on an electron entering a uniform magnetic field as shown in the figure.",2025,31/2/3
34,b.i,Physics,D,3,"Define the term solenoid. Draw the pattern of the magnetic field lines in and around a current carrying straight solenoid. Mark on the pattern the (i) direction of current, (ii) direction of field lines near the ends of the solenoid, and (iii) region where the magnetic field is uniform.",2025,31/2/3
34,b.ii,Physics,D,2,How would you make an electromagnet using a current carrying solenoid ?,2025,31/2/3
35,a.i,Chemistry,D,1.5,A compound 'X' having two carbon atoms in its molecule turns blue litmus red and 5-8% solution of 'X' in water is widely used as a preservative. Identify the compound 'X' and write its structure.,2025,31/2/3
35,a.ii,Chemistry,D,0.5,Compare its pH nature with a mineral acid.,2025,31/2/3
35,a.iii,Chemistry,D,1.5,"X' on reacting with alcohols produces sweet smelling compounds, used in making perfumes. Name the reaction and write its chemical equation.",2025,31/2/3
35,a.iv,Chemistry,D,1.5,"When sodium carbonate is added to 'X', a colourless gas is produced which turns lime water milky. Write the chemical equation for the reaction giving the name of the salt produced.",2025,31/2/3
35,b.i,Chemistry,D,2,"Differentiate between saturated and unsaturated hydrocarbons by giving one example each, with a structural formula.",2025,31/2/3
35,b.ii,Chemistry,D,1.5,Write the method of converting an unsaturated hydrocarbon into a saturated hydrocarbon. Name the industry where this reaction is commonly used.,2025,31/2/3
35,b.iii,Chemistry,D,1.5,Write the name and structure of a hydrocarbon having double bond and four carbon atoms in its one molecule.,2025,31/2/3
36,a.i,Biology,D,1.5,The length of the small intestine in various animals depends on the food they eat. Justify the statement.,2025,31/2/3
36,a.ii,Biology,D,2,Discuss the role of the pancreas and bile juice in the digestion of food in human beings.,2025,31/2/3
36,a.iii,Biology,D,1.5,How is the small intestine designed to absorb digested food?,2025,31/2/3
36,b.i,Biology,D,1,State the role of rings of cartilage present in the throat.,2025,31/2/3
36,b.ii,Biology,D,2,Discuss the role of the ribs and diaphragm when air is taken in during the breathing cycle.,2025,31/2/3
36,b.iii,Biology,D,2,Why do we get muscle cramps during heavy exercise ? Explain.,2025,31/2/3
37,a,Biology,E,1,Write the site of fertilization in human female.,2025,31/2/3
37,b,Biology,E,1,How does the uterus prepare itself to receive and nurture the growing embryo? Explain.,2025,31/2/3
37,c.i,Biology,E,2,What happens when the egg is not fertilized ?,2025,31/2/3
37,c.ii,Biology,E,2,How does the developing embryo get nutrition from the mother's blood? Explain.,2025,31/2/3
38,a,Physics,E,1,Name the phenomenon due to which a prism splits the incident white light into a band of colours.,2025,31/2/3
38,b,Physics,E,1,State the reason of getting a band of seven colours in the above case.,2025,31/2/3
38,c.i,Physics,E,2,"Explain with the help of a labelled ray diagram, an experimental arrangement to show the recombination of the spectrum of white light.",2025,31/2/3
38,c.ii,Physics,E,2,Draw a labelled ray diagram to show the formation of a rainbow.,2025,31/2/3
39,a,Chemistry,E,1,"Solution P is a strong acid while solution Q is a strong base. On the pH scale, where would you place the solutions P and Q ?",2025,31/2/3
39,b,Chemistry,E,1,"A solution has a pH of 7. Name a compound you would use to (i) increase its pH, and (ii) decrease its pH.",2025,31/2/3
39,c.i,Chemistry,E,2,"When the pH of a solution is decreased from 4 to 2, what effect does it produce on its hydronium ion concentration ? State the colour change shown by the pH paper.",2025,31/2/3
39,c.ii,Biology,E,2,"A person is feeling pain and irritation in the stomach due to indigestion. What could be the pH of the fluid in the stomach? Write the common name of the medicines people use for remedy. Give the chemical name of ""milk of magnesia"" often used for this purpose.",2025,31/2/3
1,N/A,Chemistry,A,1,The metals obtained from their molten chlorides by the process of electrolytic reduction are: (A) Gold and silver (B) Calcium and magnesium (C) Aluminium and silver (D) Sodium and iron,2025,1
2,N/A,Chemistry,A,1,The formation of magnesium oxide is correctly shown in option: (A) Mg + :O: -> Mg2+ [:O:]2- (B) Mg: + :O: -> Mg2+ [:O:]2- (C) Mg: + :O: -> Mg+ [:O:]- (D) 2Mg + :O: -> [Mg2+] [:O:]2-,2025,1
3,N/A,Chemistry,A,1,"Reaction between two elements A and B, forms a compound C. A loses electrons and B gains electrons. Which one of the following properties will not be shown by compound C? (A) It has high melting point. (B) It is highly soluble in water. (C) It has weak electrostatic forces of attraction between its oppositely charged ions. (D) It conducts electricity in its molten state or aqueous solution.",2025,1
4,N/A,Chemistry,A,1,Consider the following reactions: (i) Dilute hydrochloric acid reacts with sodium hydroxide. (ii) Magnesium oxide reacts with dilute hydrochloric acid. (iii) Carbon dioxide reacts with sodium hydroxide. It is found that in each case : (A) Salt and water is formed. (B) Neutral salts are formed. (C) Hydrogen gas is formed. (D) Acidic salts are formed.,2025,1
5,N/A,Chemistry,A,1,Tooth enamel is made up of calcium hydroxyapatite (a crystalline form of calcium phosphate). This chemical starts corroding in the mouth when the pH is: (A) 7 (B) 5.5 (C) 10 (D) 14,2025,1
6,N/A,Chemistry,A,1,The products formed when Aluminium and Magnesium are burnt in the presence of air respectively are: (A) Al3O4 and MgO2 (B) Al2O3 and MgO (C) Al3O4 and MgO (D) Al2O3 and MgO2,2025,1
7,N/A,Chemistry,A,1,Electrolysis of water is a decomposition reaction. The mass ratio (MH:MO) of hydrogen and oxygen gases liberated at the electrodes during electrolysis of water is : (A) 8:1 (B) 2:1 (C) 1:2 (D) 1:8,2025,1
8,N/A,Chemistry,A,1,The breakdown of glucose has taken the following pathway: Glucose -> Pyruvate + Energy (site a) -> Lactic acid + Energy (site b). The sites 'a' and 'b' respectively are : (A) Mitochondria and Oxygen deficient muscle cells (B) Cytoplasm and Oxygen rich muscle cells (C) Cytoplasm and Yeast cells (D) Cytoplasm and Oxygen deficient muscle cells,2025,1
9,N/A,Biology,A,1,"If pea plants with round and green seeds (RRyy) are crossed with pea plants having wrinkled and yellow seeds (rrYY), the seeds developed by the plants of F1 generation will be : (A) 50% round and green (B) 75% wrinkled and green (C) 100% round and yellow (D) 75% wrinkled and yellow",2025,1
10,N/A,Biology,A,1,The correct/true statement(s) for a bisexual flower is/are: (i) They possess both stamen and pistil. (ii) They possess either stamen or pistil. (iii) They exhibit either self-pollination or cross-pollination. (iv) They cannot produce fruits on their own. (A) (i) only (B) (iv) only (C) (i) and (iii) (D) (i) and (iv),2025,1
11,N/A,Biology,A,1,The plant hormone whose concentration stimulates the cells to grow longer on the side of the shoot which is away from light is: (A) Cytokinins (B) Gibberellins (C) Adrenaline (D) Auxins,2025,1
12,N/A,Biology,A,1,Secretion of less saliva in mouth will effect the conversion of: (A) proteins into amino acids (B) fats into fatty acids and glycerol (C) starch into simple sugars (D) sugars into alcohol,2025,1
13,N/A,Biology,A,1,The percentage of solar energy which is not converted into food energy by the leaves of green plants in a terrestrial ecosystem is about: (A) 1% (B) 10% (C) 90% (D) 99%,2025,1
14,N/A,Biology,A,1,"Which of the following groups do not constitute a food chain? (i) Wolf, rabbit, grass, lion (ii) Plankton, man, grasshopper, fish (iii) Hawk, grass, snake, grasshopper, frog (iv) Grass, snake, wolf, tiger (A) (i) and (iv) (B) (i) and (iii) (C) (ii) and (iii) (D) (ii) and (iv)",2025,1
15,N/A,Physics,A,1,The phenomenon responsible for making the smoke particles visible when a beam of sunlight enters a smoke filled room through a narrow hole is: (A) scattering of light (B) dispersion of light (C) reflection of light (D) internal reflection of light,2025,1
16,N/A,Physics,A,1,"Mirror 'X' is used to concentrate sunlight in solar furnace and Mirror 'Y' is fitted on the side of the vehicle to see the traffic behind the driver. Which of the following statements are true for the two mirrors ? (i) The image formed by mirror 'X' is real, diminished and at its focus. (ii) The image formed by mirror 'Y' is virtual, diminished and erect. (iii) The image formed by mirror 'X' is virtual, diminished and erect. (iv) The image formed by mirror 'Y' is real, diminished and at its focus. (A) (i) and (ii) (B) (ii) and (iii) (C) (iii) and (iv) (D) (i) and (iv)",2025,1
17,N/A,Chemistry,A,1,"Assertion (A): The amount of ozone in the atmosphere began to drop sharply in the 1980s. Reason (R): The oxygen atoms combine with molecular oxygen to form ozone. (A) Both (A) and (R) are true and (R) is correct explanation. (B) Both (A) and (R) are true, but (R) is not correct explanation. (C) (A) is true, but (R) is false. (D) (A) is false, but (R) is true.",2025,1
18,N/A,Physics,A,1,"Assertion (A): No two magnetic field lines are found to cross each other. Reason (R): The compass needle cannot point towards two directions at the point of intersection of two magnetic field lines. (A) Both (A) and (R) are true and (R) is correct explanation. (B) Both (A) and (R) are true, but (R) is not correct explanation. (C) (A) is true, but (R) is false. (D) (A) is false, but (R) is true.",2025,1
19,N/A,Biology,A,1,"Assertion (A): A human child bears all the basic features of human beings. Reason (R): It looks exactly like its parents, showing very little variations. (A) Both (A) and (R) are true and (R) is correct explanation. (B) Both (A) and (R) are true, but (R) is not correct explanation. (C) (A) is true, but (R) is false. (D) (A) is false, but (R) is true.",2025,1
20,N/A,Chemistry,A,1,"Assertion (A): Decomposition reactions are generally endothermic reactions. Reason (R): Decomposition of organic matter into compost is an exothermic process. (A) Both (A) and (R) are true and (R) is correct explanation. (B) Both (A) and (R) are true, but (R) is not correct explanation. (C) (A) is true, but (R) is false. (D) (A) is false, but (R) is true.",2025,1
21,N/A,Physics,B,2,An object is placed at a distance of 10 cm in front of a concave mirror of focal length 15 cm. Use mirror formula to determine the position of the image formed by this mirror.,2025,1
22,a,Physics,B,2,Consider two lamps A and B of rating 50 W; 220 V and 25 W; 220 V respectively. Find the ratio of the resistances of the two lamps (i.e. RA:RB).,2025,1
22,b,Physics,B,2,Heat produced per second due to a current in a resistor of 4 Ω is 400 joules. Calculate the potential difference across the resistor.,2025,1
23,N/A,Biology,B,2,Draw labelled diagrams to show different stages of budding in Hydra.,2025,1
24,a,Biology,B,2,"Besides minimising the loss of blood, why is it essential to plug any leak in a blood vessel? Name the component of blood which helps in this process and state how this component perform this function.",2025,1
24,b.i,Biology,B,1,The transport system in plants is relatively slower than in animals. Give reasons.,2025,1
24,b.ii,Biology,B,1,State the role of phloem in the transport of materials in plants.,2025,1
25,N/A,Chemistry,B,2,A student performs the following experiment in his school laboratory (dilute sulphuric acid + Zn granules). List two observations to justify that in this experiment a chemical change has taken place.,2025,1
26,a,Chemistry,B,1,Translate the following statement into a chemical equation and then balance it: Nitric acid reacts with calcium hydroxide to form calcium nitrate and water.,2025,1
26,b,Chemistry,B,1,Translate the following statement into a chemical equation and then balance it: Sodium chloride reacts with silver nitrate to form silver chloride and sodium nitrate.,2025,1
27,a,Physics,C,1,Define one volt potential difference between two points in an electric field.,2025,1
27,b,Physics,C,2,"Draw a schematic diagram of an electric circuit of a cell of 1.5 V, 5 Ω and 10 Ω resistor and a plug key, all connected in series. Calculate the current drawn from the cell when the key is closed.",2025,1
28,a,Physics,C,1,Calculate the total resistance of the circuit.,2025,1
28,b,Physics,C,1,Calculate the total current drawn from the source.,2025,1
28,c,Physics,C,1,Calculate potential difference across the parallel combination of 10 Ω and 15 Ω resistors.,2025,1
29,N/A,Physics,C,3,"Draw ray diagrams to show the nature, position and relative size of the image formed by a convex mirror when the object is placed (i) at infinity and (ii) between infinity and pole P of the mirror.",2025,1
30,a,Biology,C,1,How many chromosomes are present in human beings ? Out of these how many are sex chromosomes?,2025,1
30,b,Biology,C,2,"Explain how, in sexually reproducing organisms, the number of chromosomes in the progeny is maintained.",2025,1
31,a,Biology,C,1,A hormone 'X' is secreted in blood when a person is under scary situation. Identify the hormone 'X' and the gland that secretes it.,2025,1
31,b,Biology,C,2,Explain its role in dealing with scary or emergency situations.,2025,1
32,a,Chemistry,C,1.5,"With the help of an activity, explain the conditions under which iron articles get rusted.",2025,1
32,b.i,Chemistry,C,1,Name two metals which react violently with cold water. List any three observations which a student notes when these metal are dropped in a beaker containing water.,2025,1
32,b.ii,Chemistry,C,0.5,Write a test to identify the gas evolved (if any) during the reaction of these metals with water.,2025,1
33,a,Chemistry,C,2,Displacement reactions also play a key role in extracting metals in the middle of the reactivity series. Justify this statement with two examples.,2025,1
33,b,Chemistry,C,1,Why can metals high up in the reactivity series not be obtained by reduction of their oxides by carbon ?,2025,1
34,a.i,Physics,D,2,The power of a lens 'X' is 2.5 D. Name the lens and determine its focal length in cm. For which eye defect of vision will an optician prescribe this type of lens as a corrective lens ?,2025,1
34,a.ii,Physics,D,2,"The value of magnification 'm' for a lens is 2. Using new Cartesian Sign Convention and considering that an object is placed at a distance of 20 cm from the optical centre of this lens, state: (I) the nature of the image formed; (II) size of the image compared to the size of the object; (III) position of the image, and (IV) sign of the height of the image.",2025,1
34,a.iii,Physics,D,1,The numerical values of the focal lengths of two lenses A and B are 10 cm and 20 cm respectively. Which one of the two will show higher degree of convergence/divergence ? Give reason to justify your answer.,2025,1
34,b.i,Physics,D,2,Draw a ray diagram to show the refraction of a ray of light through a rectangular glass slab when it falls obliquely from air into glass.,2025,1
34,b.ii,Physics,D,1,State Snell's law of refraction of light.,2025,1
34,b.iii,Physics,D,2,"Differentiate between the virtual images formed by a convex lens and a concave lens on the basis of : (I) object distance, and (II) magnification.",2025,1
35,a.i,Physics,D,3,Write the functions of the following parts of human female reproductive system: (I) Ovary (II) Fallopian tube (III) Uterus,2025,1
35,a.ii,Biology,D,2,State briefly two contraceptive methods used by human males.,2025,1
35,b.i,Biology,D,2,Differentiate between self-pollination and cross-pollination.,2025,1
35,b.ii,Biology,D,3,"Identify A, B and C in the diagram given below and write one function of each.",2025,1
36,a.i,Chemistry,D,1,Draw electron dot structure of chlorine molecule. (Atomic Number of Chlorine = 17),2025,1
36,a.ii,Chemistry,D,1,What happens when chlorine reacts with methane in the presence of sunlight? Write the name of the reaction.,2025,1
36,a.iii,Chemistry,D,1,Name the two oxidising agents used for the conversion of alcohols to acids.,2025,1
36,a.iv,Chemistry,D,2,List four differences in properties between covalent compounds and ionic compounds.,2025,1
36,b.i,Chemistry,D,1,Give reason why carbon forms compounds mainly by covalent bonding.,2025,1
36,b.ii,Chemistry,D,1,Why do covalent compounds have low melting and boiling points.,2025,1
36,b.iii,Chemistry,D,3,Give reason for the following: I. Covalent compounds are bad conductors of electricity. II. Carbon shows catenation.,2025,1
37,a,Chemistry,E,1,Write the colours of the insulation covers of the line wires through which supply comes to our homes.,2025,1
37,b,Physics,E,1,What should be the current rating of the electric circuit (220 V) so that an electric iron of 1 kW power rating can be operated?,2025,1
37,c.i,Physics,E,2,What is the function of the earth wire? State the advantage of the earth wire in domestic electric appliances such as electric iron.,2025,1
37,c.ii,Physics,E,2,List two precautions to be taken to avoid electrical accidents. State how these precautions prevent possible damage to the circuit/appliance.,2025,1
38,a,Chemistry,E,1,Write balanced chemical equations to show the products formed during electrolysis of brine.,2025,1
38,b,Chemistry,E,1,List two uses of any one product obtained during electrolysis of brine.,2025,1
38,c.i,Chemistry,E,2,"A mild non-corrosive basic salt 'A', used for faster cooking, is strongly heated to produce a compound 'B', that is used for removing permanent hardness of water. Identify A and B and also write the equation for the reaction that occurs when A is heated.",2025,1
38,c.ii,Chemistry,E,2,Define water of crystallisation. Give two examples of salts that have water of crystallisation.,2025,1
39,a,Biology,E,1,Name and define the process by which green plants prepare food.,2025,1
39,b,Chemistry,E,1,Write chemical equation involved in the above process.,2025,1
39,c.i,Biology,E,2,State in proper sequence the events that occur in synthesis of food by desert plants.,2025,1
39,c.ii,Biology,E,2,"Explain giving reasons what happens to the rate at which the green plants will prepare food (I) during cloudy weather, and (II) when stomata get blocked due to dust.",2025,1
1,N/A,Chemistry,A,1,Which one of the following reactions is different from the remaining three ? (A) NaCl + AgNO3 -> AgCl + NaNO3 (B) CaO + H2O -> Ca(OH)2 (C) KNO3 + H2SO4 -> KHSO4 + HNO3 (D) ZnCl2 + H2S -> ZnS + 2HCl,2024,3
2,N/A,Chemistry,A,1,Identify the product 'X' obtained in the following chemical reaction: CaCO3 -> X + CO2 (A) Quick lime (B) Gypsum (C) Lime Stone (D) Plaster of Paris,2024,3
3,N/A,Chemistry,A,1,Select a pair of natural indicator from the following: (A) Litmus and methyl orange (B) Turmeric and Litmus (C) Phenolphthalein and methyl orange (D) Methyl orange and Turmeric,2024,3
4,N/A,Chemistry,A,1,"A chemical compound used in glass, soap and paper industries is (A) Washing Soda (B) Baking Soda (C) Bleaching Powder (D) Common Salt",2024,3
5,N/A,Chemistry,A,1,"The products obtained when Lead nitrate is heated in a boiling tube. (A) PbO, N2O and O2 (B) NO, PbO and O2 (C) Pb(NO2)2 and O2 (D) NO2, PbO and O2",2024,3
6,N/A,Chemistry,A,1,"Identify a group of the unsaturated hydrocarbons from the following: (A) Propane, Ethene, Butyne (B) Ethene, Propane, Hexane (C) Cyclohexane, Methane, Ethane (D) Butyne, Ethene, Propyne",2024,3
7,N/A,Chemistry,A,1,"The structural formula of Cyclohexane is [Diagram options A, B, C, D]",2024,3
8,N/A,Biology,A,1,Which of the following statement(s) is (are) true about human heart? (a) Right atrium receives oxygenated blood from lungs through pulmonary artery. (b) Left atrium transfers oxygenated blood to left ventricle which sends it to various parts of the body. (c) Right atrium receives deoxygenated blood from different parts of the body through vena cava. (d) Left atrium transfers oxygenated blood to aorta which sends it to different parts of the body. (A) (b) only (B) (a) and (d) (C) (b) and (c) (D) (b) and (d),2024,3
9,N/A,Biology,A,1,"In an experiment to study independent inheritance of two separate traits: shape and colour of seeds, the ratio of the different combinations in F2 progeny would be (A) 1:3 (B) 1:2:1 (C) 9:3:3:1 (D) 9:1:1:3",2024,3
10,N/A,Biology,A,1,Select from the following a plant hormone which promotes cell division. (A) Gibberellins (B) Auxins (C) Abscissic Acids (D) Cytokinins,2024,3
11,N/A,Biology,A,1,Offsprings formed as a result of sexual reproduction produce more variations because (A) genetic material is contributed by many parents. (B) sexual reproduction is a lengthy process. (C) genetic material is contributed by two individuals of same species to produce a new generation. (D) DNA copying is not accompanied by the creation of cellular apparatus.,2024,3
12,N/A,Biology,A,1,Sex determination depends upon the environment in (A) Birds (B) Amphibians (C) Reptiles (D) Fishes,2024,3
13,N/A,Physics,A,1,"In case of four wires of same material, the resistance will be minimum if the diameter and length of the wire respectively are (A) D/2 and L/4 (B) D/4 and 4L (C) 2D and L (D) 4D and 2L",2024,3
14,N/A,Physics,A,1,"In the given circuit the total resistance between X and Y is: [Circuit Diagram with 2 Ohm, 3 Ohm, 6 Ohm resistors] (A) 12 Ohm (B) 4 Ohm (C) 6 Ohm (D) 1 Ohm",2024,3
15,N/A,Biology,A,1,"Consider the following statements about ozone : (a) Ozone is poisonous gas. (b) Ozone shields the earth's surface from the infrared radiation from the sun. (c) Ozone is a product of UV radiations acting on oxygen molecule. (d) At the lower level of the earth's atmosphere, ozone performs most essential function. The correct statements are (A) (a) and (b) (B) (a) and (c) (C) (b) and (c) (D) (b) and (d)",2024,3
16,N/A,Biology,A,1,A food chain will be more advantageous in terms of energy if it has (A) 2 trophic levels (B) 3 trophic levels (C) 4 trophic levels (D) 5 trophic levels,2024,3
17,N/A,Physics,A,1,Assertion (A): Red light signals are used to stop the vehicles on the road. Reason (R): Red coloured light is scattered the most so as to be visible from a large distance.,2024,3
18,N/A,Chemistry,A,1,Assertion (A): A piece of Zinc metal gets reddish brown coating when kept in copper sulphate solution for some time. Reason (R): Copper is more reactive metal than Zinc.,2024,3
19,N/A,Biology,A,1,Assertion (A): Offsprings produced by asexual reproduction are genetically similar to the parents. Reason (R): Asexual reproduction involves a single parent.,2024,3
20,N/A,Biology,A,1,Assertion (A): Producers are capable of using light energy from the sun to make food available in an ecosystem. Reason (R): All food chains in an ecosystem start with a producer.,2024,3
21,a,Chemistry,B,2,Write the essential conditions for following reaction to take place and name its types: 2AgCl -> 2Ag + Cl2,2024,3
21,b,Chemistry,B,2,Complete the following chemical reaction in the form of a balanced equation: FeSO4 -(Heat)-> Fe2O3 + ...... + .......,2024,3
22,a,Biology,B,2,List any two pairs of visible contrasting characters of garden pea plants used by Mendel for his experiments stating the dominant and recessive characters in each pair.,2024,3
22,b,Biology,B,2,"OR In human beings, the probability of getting a male or a female child is 50%. Explain with the help of a flow diagram only.",2024,3
23,N/A,Biology,B,2,Where are auxins synthesized? How do they promote phototropism?,2024,3
24,a,Physics,B,2,Draw a labelled diagram to show the pattern of magnetic field lines produced due to a current carrying straight conductor. Mark on it the direction of current in the conductor and the direction of magnetic field lines.,2024,3
24,b,Physics,B,2,OR Name the device used to magnetise a piece of magnetic material. Draw a labelled diagram to show the arrangement used for the magnetisation of a cylinder made of soft iron.,2024,3
25,N/A,Physics,B,2,When do we say that a particular person is suffering from hypermetropia ? List two causes of this defect. Name the type of lens used to correct this defect.,2024,3
26,a,Biology,B,1,Give reasons for the following: Food web is more stable than a food chain in an ecosystem.,2024,3
26,b,Biology,B,1,Give reasons for the following: A food chain should not have more than four to five trophic levels.,2024,3
27,a,Chemistry,C,3,Name the chemical reaction that occurs between iron (III) oxide and aluminium metal. Write its balanced chemical equation. Why is this reaction called displacement reaction? Give one use of this reaction.,2024,3
27,b.i,Chemistry,C,1,OR A student is working in a laboratory with metal 'E' which is stored under kerosene oil. Some how a small piece of this metal falls in a beaker containing water and starts burning. Name the metal 'E'.,2024,3
27,b.ii,Chemistry,C,1,Write chemical equation for the reaction when metal 'E' reacts with water. State the nature (acidic/basic/neutral) of the product obtained.,2024,3
27,b.iii,Chemistry,C,1,Name the process by which this metal 'E' is obtained from its molten chloride.,2024,3
28,a,Chemistry,C,1,State reasons for the following: Zinc oxide is an amphoteric oxide.,2024,3
28,b,Chemistry,C,1,State reasons for the following: Calcium starts floating when immersed in water.,2024,3
28,c,Chemistry,C,1,"State reasons for the following: In the reactions of nitric acid with metals, generally hydrogen gas is not evolved.",2024,3
29,N/A,Biology,C,3,We water the soil but it reaches the topmost leaves of the plants. Explain in brief the process involved.,2024,3
30,N/A,Biology,C,3,Write the name and location of a hormone which helps a person to respond when chased by a dog. Mention the responses in the body which help him to deal with the situation.,2024,3
31,N/A,Physics,C,3,Explain in brief the function of an electric fuse in a domestic circuit. An electric heater of current rating 3 kW; 220 V is to be operated in an electric circuit of rating 5 A. What is likely to happen when the heater is switched 'ON'? Justify your answer with necessary calculation.,2024,3
32,N/A,Physics,C,3,"Draw a schematic diagram of a circuit consisting of a battery of four dry cells of 1.5 V each, a 2 Ohm resistor, a 6 Ohm resistor, 16 Ohm resistor and a plug key all connected in series. Put an ammeter to measure the current in the circuit and a voltmeter across the 16 Ohm resistor to measure potential difference across its two ends. Use Ohm's law to determine (a) ammeter reading, and (b) voltmeter reading when key is closed.",2024,3
33,N/A,Physics,C,3,Name and explain the phenomenon of light due to which the path of a beam of light becomes visible when it enters a smoke filled room through a small hole. Also state the dependence of colour of the light we receive on the size of the particle of the medium through which the beam of light passes.,2024,3
34,a.i,Physics,D,2,"Draw a ray diagram to show the path of the refracted ray in each of the following cases: A ray of light incident on a concave lens (1) parallel to its principal axis, and (2) is directed towards its principal focus.",2024,3
34,a.ii,Physics,D,3,A 4 cm tall object is placed perpendicular to the principal axis of convex lens of focal length 24 cm. The distance of object from the lens is 16 cm. Find the position and size of image formed.,2024,3
34,b.i,Physics,D,2,"OR Draw a ray diagram to show the path of the reflected ray in each of the following cases: A ray of light incident on a convex mirror (1) parallel to its principal axis, and (2) is directed towards its principal focus",2024,3
34,b.ii,Physics,D,3,"A 1.5 cm tall candle flame is placed perpendicular to the principal axis of a concave mirror of focal length 12 cm. If the distance of the flame from the pole of the mirror is 18 cm, use mirror formula to determine the position and size of the image formed.",2024,3
35,a,Biology,D,1,Name any two sexually transmitted diseases.,2024,3
35,b,Biology,D,1,Prenatal sex determination is prohibited by law. Why?,2024,3
35,c,Biology,D,3,Name any three methods of contraception stating one side-effect of each.,2024,3
35,a_alt,Biology,D,1,OR Name a unisexual and a bisexual flower.,2024,3
35,b_alt,Biology,D,2,Define cross pollination. State how it is carried out.,2024,3
35,c_alt,Biology,D,2,Observe the diagram given below and name the parts marked as 'A' and 'B'. Mention the function of each of these parts.,2024,3
36,a.i,Chemistry,D,3,"Five solutions A, B, C, D and E when tested with pH paper showed pH as 4, 1, 13, 7 and 10 respectively. Which solution is : (1) Strongly acidic (2) Strongly alkaline (3) Weakly acidic (4) Neutral and (5) Weakly alkaline? Arrange the solutions in increasing order of H+ ion concentration.",2024,3
36,a.ii,Chemistry,D,2,Write the name and formula of (1) an acidic salt and (2) a basic salt giving the name of the parent acid and parent base used to form the salt in each case.,2024,3
36,b,Chemistry,D,5,OR Name and state in brief the process which is used to prepare sodium hydroxide from sodium chloride. In this process along with the main product two gases 'X' and 'Y' are also given off at the two electrodes. Name 'X' and 'Y' specifying the name of their respective electrode at which each gas is obtained. One of these gases when reacts with dry calcium hydroxide produces a compound 'Z' which is widely used in water treatment plants and textile industries. Name Z and write chemical equation for the reaction involved in its formation.,2024,3
37,a,Chemistry,E,1,Write the molecular formula of first two members of homologous series having functional group -Br.,2024,3
37,b,Chemistry,E,1,Given below are the formulae of some functional groups: (i) -CHO (ii) -C=O. Write the name of these functional groups.,2024,3
37,c,Chemistry,E,2,What would be observed on adding a 5% alkaline potassium permanganate drop by drop to some warm ethanol taken in a test tube? State the role of KMnO4 in the reaction and write the chemical equation for the reaction involved.,2024,3
37,c_alt,Chemistry,E,2,OR Write the name of the compound formed when ethanol is heated at 443 K temperature with excess of conc. H2SO4. What is the role of conc. H2SO4 in the reaction? Write the chemical equation for the reaction involved.,2024,3
38,a,Biology,E,1,Name the glands present in the buccal cavity and write the components of food on which the secretion of these glands act upon.,2024,3
38,b,Biology,E,1,Two organs have a sphincter muscle at their exit. Name them.,2024,3
38,c,Biology,E,2,What will happen if: (i) mucus is not secreted by the gastric glands. (ii) Villi are absent in the small intestine.,2024,3
38,c_alt,Biology,E,2,"OR ""Bile juice does not contain any enzyme, yet it has important roles in digestion."" Justify the statement.",2024,3
39,a.i,Physics,E,0.5,In a domestic circuit five LED bulbs are arranged as shown. State what happens when key K1 is closed.,2024,3
39,a.ii,Physics,E,0.5,State what happens when key K2 is closed.,2024,3
39,b,Physics,E,1,Find the current drawn by the bulb B when it glows.,2024,3
39,c.i,Physics,E,1,Calculate the resistance of bulb B.,2024,3
39,c.ii,Physics,E,1,"Calculate total resistance of the combination of four bulbs B, C, D and E.",2024,3
39,c_alt,Physics,E,2,OR What would happen to the glow of all the bulbs in the circuit when keys K1 and K2 both are closed and the bulb C suddenly get fused? Give reason to justify your answer.,2024,3
1,N/A,Chemistry,A,1,An iron nail is placed in a solution of copper sulphate. The nail is taken out after 15 minutes. The nail will be found to be covered with: (A) blue deposit (B) brown deposit (C) grey deposit (D) green deposit,2024,2
2,N/A,Chemistry,A,1,Consider the following cases: (a) CaSO4 + Al -> (b) CuSO4 + Ca -> (c) FeSO4 + Cu -> (d) ZnSO4 + Mg -> The cases in which new products will form are (A) (a) and (b) (B) (b) and (c) (C) (c) and (d) (D) (b) and (d),2024,2
3,N/A,Chemistry,A,1,Which of the following reactions is an endothermic reaction? (A) Burning of coal (B) Decomposition of vegetable matter into compost (C) Process of respiration (D) Decomposition of calcium carbonate to form quick lime and carbon dioxide.,2024,2
4,N/A,Chemistry,A,1,The oxide which can react with HCl as well as KOH to give corresponding salt and water is (A) CuO (B) Al2O3 (C) Na2O (D) K2O,2024,2
5,N/A,Chemistry,A,1,Juice of tamarind turns blue litmus to red. It is because of the presence of an acid called : (A) methanoic acid (B) acetic acid (C) tartaric acid (D) oxalic acid,2024,2
6,N/A,Chemistry,A,1,Consider the following statements about homologous series of carbon compounds: (a) All succeeding members differ by -CH2 unit. (b) Melting point and boiling point increases with increasing molecular mass. (c) The difference in molecular masses between two successive members is 16 u. (d) C2H2 and C3H4 are NOT the successive members of alkyne series. The correct statements are (A) (a) and (b) (B) (b) and (c) (C) (a) and (c) (D) (c) and (d),2024,2
7,N/A,Chemistry,A,1,Identify the correct statement about the following reaction: 2H2S + SO2 -> 2H2O + 3S (A) H2S is oxidising agent and SO2 is reducing agent. (B) H2S is reduced to sulphur. (C) SO2 is oxidising agent and H2S is reducing agent. (D) SO2 is oxidised to sulphur.,2024,2
8,N/A,Biology,A,1,In the given diagram the leaf shown belongs to which plant ? [Diagram showing Adventitious buds] (A) Hibiscus (B) Money plant (C) Mustard (D) Bryophyllum,2024,2
9,N/A,Biology,A,1,Select out of the following a gland which does NOT occur as a pair in the human body: (A) Pituitary (B) Ovary (C) Testis (D) Adrenal,2024,2
10,N/A,Biology,A,1,"In human respiratory system, when a person breathes in, the position of ribs and diaphragm will be : (A) lifted ribs and curve/dome shaped diaphragm. (B) lifted ribs and flattened diaphragm. (C) relaxed ribs and flattened diaphragm. (D) relaxed ribs and curve/dome shaped diaphragm.",2024,2
11,N/A,Biology,A,1,Which of the following statement(s) is (are) true about human heart? (a) Right atrium receives oxygenated blood from lungs through pulmonary artery. (b) Left atrium transfers oxygenated blood to left ventricle which sends it to various parts of the body. (c) Right atrium receives deoxygenated blood through vena cava from upper and lower body. (d) Left atrium transfers oxygenated blood to aorta which sends it to different parts of the body. (A) (a) (B) (a) and (d) (C) (b) and (c) (D) (b) and (d),2024,2
12,N/A,Biology,A,1,A cross made between two pea plants produces 50% tall and 50% short pea plants. The gene combination of the parental pea plants must be (A) Tt and Tt (B) TT and Tt (C) Tt and tt (D) TT and tt,2024,2
13,N/A,Physics,A,1,"Study the I-V graph for three resistors of resistances R1, R2 and R3 and select the correct statement from the following: [Graph showing I vs V] (A) R1 = R2 = R3 (B) R1 > R2 > R3 (C) R3 > R2 > R1 (D) R2 > R3 > R1",2024,2
14,N/A,Physics,A,1,The maximum resistance of a network of five identical resistors each 1/5 Ohm can be (A) 1 Ohm (B) 0.5 Ohm (C) 0.25 Ohm (D) 0.1 Ohm,2024,2
15,N/A,Physics,A,1,"The speed of light in vacuum is 3x10^8 m/s. If the speed of light in a medium is 2.25x10^8 m/s, the absolute refractive index of the medium is : (A) 7/6 (B) 5/4 (C) 4/3 (D) 3/2",2024,2
16,N/A,Physics,A,1,"Study the following statements: (a) A fuse in a circuit prevents damage to the circuit due to overloading. (b) Total resistance in a circuit increases due to overloading. (c) During short circuiting the current in the circuit abruptly increases. (d) In order that each appliance has same current, they are connected in parallel to each other. The correct statements are (A) (a) and (b) (B) (b) and (d) (C) (a) and (c) (D) (a), (c) and (d)",2024,2
17,N/A,Chemistry,A,1,Assertion (A): Carbon reduces the oxides of Sodium and Magnesium. Reason (R): Sodium and Magnesium have more affinity for Oxygen than Carbon.,2024,2
18,N/A,Physics,A,1,Assertion (A): The deflection of a compass needle placed near a current carrying wire decreases when the magnitude of an electric current in the wire is increased. Reason (R): Strength of the magnetic field at a point due to a current carrying conductor increases on increasing the current in the conductor.,2024,2
19,N/A,Physics,A,1,Assertion (A): The colour of clear sky appears blue. Reason (R): Light of blue colour has longer wavelength as compared to the light of red colour so it is scattered more in the upper atmosphere.,2024,2
20,N/A,Biology,A,1,Assertion (A): Human female has a perfect pair of sex chromosome. Reason (R): Sex chromosome contributed by the human male in the zygote decides the sex of a child.,2024,2
21,a.i,Chemistry,B,1,Give one example of each of the following: Chemical reaction showing evolution of gas.,2024,2
21,a.ii,Chemistry,B,1,Give one example of each of the following: Change in the colour of the substance during a chemical reaction.,2024,2
21,b.i,Chemistry,B,1,OR Translate the following statements into chemical equations and then balance them: Hydrogen sulphide gas burns in air to give water and sulphur dioxide.,2024,2
21,b.ii,Chemistry,B,1,Translate the following statements into chemical equations and then balance them: Silver bromide on exposure to sunlight decomposes into silver and bromine.,2024,2
22,N/A,Biology,B,2,Name the blood vessel which brings blood to the kidneys. Why is nephron called a basic filtration unit of kidney? Write the role of tubular part of nephron in urine formation.,2024,2
23,N/A,Biology,B,2,"Mendel crossed a round and yellow seeded pea plant with a wrinkled and green seeded pea plant. What did the plants of F1 generation look like in terms of shape and colour of seed? On self-pollinating F1 generation plants, plants with four types of combinations of characters were seen in F2 generation. Write the combinations along with their ratios.",2024,2
24,N/A,Physics,B,2,"Use Ohm's law to determine the potential difference across the 3 Ohm resistor in the circuit shown in the following diagram when key is closed : [Circuit diagram with 2V cell, 1 Ohm, 2 Ohm, 3 Ohm resistors in series]",2024,2
25,a,Physics,B,2,A person suffering from an eye defect uses lenses of power -1 D. Name the defect of vision and list its two causes. State the nature (converging/diverging) of the corrective lens.,2024,2
25,b,Physics,B,2,OR What is presbyopia? Name the type of lenses used for the correction of this defect. State the nature (converging/diverging) of the upper part of such lenses.,2024,2
26,N/A,Biology,B,2,Name the term used for the materials which cannot be broken down by biological processes. Give two ways by which they harm various components of an ecosystem.,2024,2
27,a,Chemistry,C,1,Sodium metal is stored under kerosene oil. Why?,2024,2
27,b,Chemistry,C,1,Some metal oxides are soluble in water. What are the aqueous solutions of these oxides called? Write one example of such a solution.,2024,2
27,c,Chemistry,C,1,"At ordinary temperature the surface of metals such as magnesium, aluminium, zinc etc. is covered with a thin layer. What is the composition of this layer? State its importance.",2024,2
28,N/A,Chemistry,C,3,It is observed that Calcium on reaction with water floats on its surface. Explain why it happens. Also write a balanced chemical equation for the reaction that occurs. What happens when the aqueous solution of the product of this reaction reacts with Carbon dioxide gas? Write a balanced chemical equation for the reaction.,2024,2
29,a,Biology,C,2,List any two contraceptive methods practised only by women. Mention how these methods work.,2024,2
29,b,Biology,C,1,Write the two roles performed by testes in human males.,2024,2
30,a.i,Biology,C,1,Give reasons for the following: Alveoli in lungs are richly supplied with blood capillaries.,2024,2
30,a.ii,Biology,C,1,Give reasons for the following: Respiratory pigment in the blood takes up oxygen and not carbon dioxide.,2024,2
30,a.iii,Biology,C,1,"Give reasons for the following: During anaerobic respiration, a 3-carbon molecule is formed as an end product instead of CO2 in human beings.",2024,2
30,b.i,Biology,C,1.5,OR Name the movements that occur all along the gut in human digestive system. How do they help in digestion?,2024,2
30,b.ii,Biology,C,1.5,Where is bile juice stored in human body? List two roles of bile juice.,2024,2
31,a,Physics,C,3,Define the term power of accommodation of human eye. Write the name of the part of eye which plays a major role in the process of accommodation and explain what happens when human eye focuses (i) nearby objects and (ii) distant objects.,2024,2
31,b,Physics,C,3,"OR Draw a ray diagram to show the formation of a rainbow in the sky. On this diagram mark A- where dispersion of light occurs, B where internal reflection of light occurs and C where refraction of light occurs. List two necessary conditions to observe a rainbow.",2024,2
32,N/A,Physics,C,3,"Define the term solenoid. Draw the pattern of magnetic field lines around a current carrying solenoid. State how this magnetic field can be used to magnetise a piece of magnetic material, like soft iron.",2024,2
33,N/A,Biology,C,3,Use of pesticides to protect our crops affect organisms at various trophic levels especially human beings. Name the phenomenon involved and explain how does it happen.,2024,2
34,a.i,Biology,D,2,Distinguish between hormonal co-ordination in plants and animals.,2024,2
34,a.ii,Biology,D,2,Which part of the brain is responsible for - (1) intelligence (2) riding a bicycle (3) vomiting (4) controlling hunger,2024,2
34,a.iii,Biology,D,1,How is brain and spinal-cord protected against mechanical injuries?,2024,2
34,b.i,Biology,D,2,OR What are tropic movements? Give an example of a plant hormone which (1) inhibits growth and (2) promotes cell division.,2024,2
34,b.ii,Biology,D,3,Explain directional movement of a tendril in pea plant in response to touch. Name the hormone responsible for this movement.,2024,2
35,a,Physics,D,3,Upper half of a convex lens is covered with a black paper. Draw a ray diagram to show the formation of image of an object placed at a distance of 2F from such a lens. Mention the position and nature of the image formed. State the observable difference in the image obtained if the lens is uncovered. Give reason to justify your answer.,2024,2
35,b,Physics,D,2,An object is placed at a distance of 30 cm from the optical centre of a concave lens of focal length 15 cm. Use lens formula to determine the distance of the image from the optical centre of the lens.,2024,2
36,a.i,Chemistry,D,2,Give reason why carbon can neither form C4+ cations nor C4- anions but form covalent compounds.,2024,2
36,a.ii,Chemistry,D,2,What is homologous series of carbon compound? Write the molecular formula of any two consecutive members of homologous series of aldehydes.,2024,2
36,a.iii,Chemistry,D,1,Draw the structure of the molecule of cyclohexane (C6H12).,2024,2
36,b.i,Chemistry,D,1,OR Name a commercially important carbon compound having functional group -OH and write its molecular formula.,2024,2
36,b.ii,Chemistry,D,4,Write chemical equation to show its reaction with: (1) Sodium metal (2) Excess conc. sulphuric acid (3) Ethanoic acid in the presence of an acid catalyst (4) Acidified potassium dichromate. Also write the name of the product formed in each case.,2024,2
37,a,Biology,E,1,Which of the cut pieces of the two Planaria could regenerate to form a complete organism?,2024,2
37,b,Biology,E,1,Give an example of another organism which follows the same mode of reproduction as Planaria.,2024,2
37,c,Biology,E,2,What is the meaning of 'development' in regeneration?,2024,2
37,c_alt,Biology,E,2,OR Differentiate between regeneration and fragmentation.,2024,2
38,a,Physics,E,1,List two properties of heating elements.,2024,2
38,b,Physics,E,1,List two properties of electric fuse.,2024,2
38,c,Physics,E,2,Name the principle on which an electric fuse works. Explain how a fuse wire is capable of saving electrical appliances from getting damaged due to accidently produced high currents.,2024,2
38,c_alt,Physics,E,2,"OR The power of an electric heater is 1100 W. If the potential difference between the two terminals of the heater is 220 V, find the current flowing in the circuit. What will happen to an electric fuse of rating 5 A connected in this circuit?",2024,2
39,a,Chemistry,E,1,Identify the acid and base from which Sodium chloride is formed.,2024,2
39,b,Chemistry,E,1,Find the cation and the anion present in Calcium sulphate.,2024,2
39,c,Chemistry,E,2,Sodium chloride and washing soda both belong to the same family of salts. Justify this statement.,2024,2
39,c_alt,Chemistry,E,2,OR Define the term pH scale. Name the salt obtained by the reaction of Potassium hydroxide and Sulphuric acid and give the pH value of its aqueous solution.,2024,2
1,N/A,Chemistry,A,1,Select from the following a decomposition reaction in which source of energy for decomposition is light : (a) 2FeSO4 -> Fe2O3 + SO2 + SO3 (b) 2H2O -> 2H2 + O2 (c) 2AgBr -> 2Ag + Br2 (d) CaCO3 -> CaO + CO2,2024,1
2,N/A,Chemistry,A,1,"When 2 mL of sodium hydroxide solution is added to few pieces of granulated zinc in a test tube and then warmed, the reaction that occurs can be written in the form of a balanced chemical equation as : (a) NaOH + Zn -> NaZnO2 + H2O (b) 2NaOH + Zn -> Na2ZnO2 + H2 (c) 2NaOH + Zn -> NaZnO2 + H2 (d) 2NaOH + Zn -> Na2ZnO2 + H2O",2024,1
3,N/A,Chemistry,A,1,MnO2 + 4HCl -> MnCl2 + 2H2O + Cl2. The reaction given above is a redox reaction because in this case : (a) MnO2 is oxidised and HCl is reduced. (b) HCl is oxidised. (c) MnO2 is reduced. (d) MnO2 is reduced and HCl is oxidised.,2024,1
4,N/A,Chemistry,A,1,Consider the following compounds: FeSO4; CuSO4; CaSO4; Na2CO3. The compound having maximum number of water of crystallisation in its crystalline form in one molecule is : (a) FeSO4 (b) CuSO4 (c) CaSO4 (d) Na2CO3,2024,1
5,N/A,Biology,A,1,"In a nerve cell, the site where the electrical impulse is converted into a chemical signal is known as: (a) Axon (b) Dendrites (c) Neuromuscular junction (d) Cell body",2024,1
6,N/A,Chemistry,A,1,A metal and a non-metal that exists in liquid state at the room temperature are respectively: (a) Bromine and Mercury (b) Mercury and Iodine (c) Mercury and Bromine (d) Iodine and Mercury,2024,1
7,N/A,Physics,A,1,At what distance from a convex lens should an object be placed to get an image of the same size as that of the object on a screen ? (a) Beyond twice the focal length of the lens. (b) At the principal focus of the lens. (c) At twice the focal length of the lens. (d) Between the optical centre of the lens and its principal focus.,2024,1
8,N/A,Chemistry,A,1,Carbon compounds : (i) are good conductors of electricity. (ii) are bad conductors of electricity. (iii) have strong forces of attraction between their molecules. (iv) have weak forces of attraction between their molecules. The correct statements are: (a) (i) and (ii) (b) (ii) and (iii) (c) (ii) and (iv) (d) (i) and (iii),2024,1
9,N/A,Chemistry,A,1,Oxides of aluminium and zinc are: (a) acidic (b) basic (c) amphoteric (d) neutral,2024,1
10,N/A,Biology,A,1,"Chromosomes : (i) carry hereditary information from parents to the next generation. (ii) are thread like structures located inside the nucleus of an animal cell. (iii) always exist in pairs in human reproductive cells. (iv) are involved in the process of cell division. The correct statements are: (a) (i) and (ii) (b) (iii) and (iv) (c) (i), (ii) and (iv) (d) (i) and (iv)",2024,1
11,N/A,Biology,A,1,"Consider the following statements : (i) The sex of a child is determined by what it inherits from the mother. (ii) The sex of a child is determined by what it inherits from the father. (iii) The probability of having a male child is more than that of a female child. (iv) The sex of a child is determined at the time of fertilisation when male and female gametes fuse to form a zygote. The correct statements are: (a) (i) and (iii) (b) (ii) and (iv) (c) (iii) and (iv) (d) (i), (iii) and (iv)",2024,1
12,N/A,Biology,A,1,Which one of the following organ is NOT a part of human female reproductive system ? (a) Ovary (b) Uterus (c) Vas deferens (d) Fallopian tube,2024,1
13,N/A,Biology,A,1,"In which of the following organisms, multiple fission is a means of asexual reproduction ? (a) Yeast (b) Leishmania (c) Paramoecium (d) Plasmodium",2024,1
14,N/A,Physics,A,1,In bifocal lenses used for the correction of presbyopia: (a) the upper portion is of convex lens for the near vision and lower part is of concave lens for the distant vision. (b) the upper portion is of convex lens for the distant vision and lower part is of concave lens for the near vision. (c) the upper portion is of concave lens is for the near vision and lower part is of convex lens for the distant vision. (d) the upper portion is of concave lens for the distant vision and lower part is of convex lens for the near vision.,2024,1
15,N/A,Physics,A,1,The pattern of the magnetic field produced inside a current carrying solenoid is: [Diagram options showing parallel straight lines],2024,1
16,N/A,Biology,A,1,"Identify the food chain in which the organisms of the second trophic level are missing: (a) Grass, goat, lion (b) Zooplankton, Phytoplankton, small fish, large fish (c) Tiger, grass, snake, frog (d) Grasshopper, grass, snake, frog, eagle",2024,1
17,N/A,Physics,A,1,Assertion (A): The rainbow is a natural spectrum of sunlight in the sky. Reason (R): Rainbow is formed in the sky when the sun is overhead and water droplets are also present in air.,2024,1
18,N/A,Chemistry,A,1,Assertion (A): Hydrogen gas is not evolved when zinc reacts with nitric acid. Reason (R): Nitric acid oxidises the hydrogen gas produced to water and itself gets reduced.,2024,1
19,N/A,Biology,A,1,Assertion (A): Accumulation of harmful chemicals is maximum in the organisms at the highest trophic level of a food chain. Reason (R): Harmful chemicals are sprayed on the crops to protect them from diseases and pests.,2024,1
20,N/A,Biology,A,1,Assertion (A): The rate of breathing in aquatic organisms is much faster than in terrestrial organisms. Reason (R): The amount of oxygen dissolved in water is very high as compared to the amount of oxygen in air.,2024,1
21,A.i,Biology,B,1,Write the significance of peripheral nervous system in human beings.,2024,1
21,A.ii,Biology,B,1,How is human brain protected from mechanical injuries and shocks?,2024,1
21,B,Biology,B,2,OR Name one directional growth movement each in response to chemicals and water in plants. Write an example for each of them.,2024,1
22,i,Biology,B,1,"Give reason why herbivorous animals have longer, small intestine than carnivorous animals ?",2024,1
22,ii,Biology,B,1,Although 'Pepsin' and 'Trypsin' are both protein digesting enzymes yet they differ from each other. Justify this statement by giving one difference between them.,2024,1
23,N/A,Chemistry,B,2,"Translate the following statement into a balanced chemical equation. ""When barium chloride reacts with aluminium sulphate, aluminium chloride and barium sulphate are formed."" State the type of this reaction giving reason to justify your answer.",2024,1
24,i,Physics,B,1,Two magnetic field lines do not intersect each other. Why?,2024,1
24,ii,Physics,B,1,How is a uniform magnetic field in a given region represented ? Draw a diagram in support of your answer.,2024,1
25,N/A,Physics,B,2,Draw the pattern of the magnetic field lines due to a straight current carrying conductor indicating the direction of current in the conductor and the direction of the corresponding magnetic field lines.,2024,1
26,N/A,Physics,B,2,An object is placed at a distance of 10 cm from a convex mirror of focal length 15 cm. Find the position of the image formed by the mirror.,2024,1
27,A,Biology,C,3,"Plants -> Deer -> Lion. In the given food chain, what will be the impact of removing all the organisms of second trophic level on the first and third trophic level? Will the impact be the same for the organisms of the third trophic level in the above food chain if they were present in a food web? Justify.",2024,1
27,B,Biology,C,3,OR A gas 'X' which is a deadly poison is found at the higher levels of atmosphere and performs an essential function. Name the gas and write the function performed by this gas in the atmosphere. Which chemical is linked to the decrease in the level of this gas? What measures have been taken by an international organization to check the depletion of the layer containing this gas ?,2024,1
28,i,Physics,C,1.5,Name and state the rule to determine the direction of a : magnetic field produced around a current carrying straight conductor.,2024,1
28,ii,Physics,C,1.5,Name and state the rule to determine the direction of a : force experienced by a current carrying straight conductor placed in a magnetic field which is perpendicular to it.,2024,1
29,i,Physics,C,1,Name the defect of vision represented in the diagram. Give reason for your answer.,2024,1
29,ii,Physics,C,1,List two causes of this defect.,2024,1
29,iii,Physics,C,1,With the help of a diagram show how this defect of vision is corrected.,2024,1
30,N/A,Biology,C,3,Define reflex action. With the help of a flow chart show the path of a reflex action such as sneezing.,2024,1
31,i,Biology,C,1.5,Which organisms have a three-chambered heart? Why do they have three-chambered hearts?,2024,1
31,ii,Biology,C,1.5,List two functions of lymph.,2024,1
32,i,Chemistry,C,1,A compound which is prepared from gypsum has the property of hardening when water is mixed in right quantity with it: Write common name and the chemical name of this compound.,2024,1
32,ii,Chemistry,C,1,Give chemical equation for its preparation.,2024,1
32,iii,Chemistry,C,1,List its two uses.,2024,1
33,i,Chemistry,C,1.5,Define a decomposition reaction. Write chemical equation for the reaction that occurs when lead nitrate is heated strongly in a boiling tube.,2024,1
33,ii,Chemistry,C,1.5,In electrolytic decomposition of water two gases are liberated at the electrodes. Give the mass ratio of the gas liberated at the cathode and at the anode.,2024,1
34,A.i,Physics,D,2,State whether the currents and potential difference in all the bulbs will be same or different when in a circuit three bulbs of: (a) same wattage are connected in series. (b) same wattage are connected in parallel. (c) different wattage are connected in series. (d) different wattage are connected in parallel.,2024,1
34,A.ii,Physics,D,3,Two identical resistors of 24 Ohm each are connected to a battery of 6 V. Calculate the ratio of the power consumed by the resulting combinations with (a) minimum resistance and (b) maximum resistance.,2024,1
34,B.i,Physics,D,1.5,"OR Draw a schematic diagram of a circuit consisting of a battery of six 2V cells, a 6 Ohm resistor, a 12 Ohm resistor and a 18 Ohm resistor and a plug key all connected in series. Calculate Electric current flowing in the circuit.",2024,1
34,B.ii,Physics,D,1.5,Calculate Potential difference across 18 Ohm resistor.,2024,1
34,B.iii,Physics,D,2,Calculate Electric power consumed in 18 Ohm resistor.,2024,1
35,A.i,Chemistry,D,1,Define a homologous series of carbon compounds.,2024,1
35,A.ii,Chemistry,D,1,Why is the melting and boiling points of C4H8 higher than that of C3H6 or C2H4?,2024,1
35,A.iii,Chemistry,D,1,Why do we NOT see any gradation in chemical properties of a homologous series compounds ?,2024,1
35,A.iv,Chemistry,D,2,Write the name and structures of (i) aldehyde and (ii) ketone with molecular form C3H6O,2024,1
35,B.i,Chemistry,D,1,OR Write the name and structure of an organic compound 'X' having two carbon atoms in its molecule and its name is suffixed with '-ol'.,2024,1
35,B.ii,Chemistry,D,2,What happens when 'X' is heated with excess concentrated sulphuric acid at 443 K? Write chemical equation for the reaction stating the conditions for the reaction. Also state the role played by concentrated sulphuric acid in the reaction.,2024,1
35,B.iii,Chemistry,D,2,Name and draw the electron dot structure of hydrocarbon produced in the above reaction.,2024,1
36,A.i,Biology,D,3,Name three techniques/devices used by human females to avoid pregnancy. Mention the side effects caused by each.,2024,1
36,A.ii,Biology,D,2,"What will happen if in a human female (a) fertilisation takes place, (b) an egg is not fertilised?",2024,1
36,B.i,Biology,D,2.5,OR Draw a diagram showing spore formation in Rhizopus and label the (a) reproductive and (b) non-reproductive parts. Why does Rhizopus not multiply on a dry slice of bread?,2024,1
36,B.ii,Biology,D,2.5,Name and explain the process by which reproduction takes place in Hydra.,2024,1
37,i,Biology,E,1,"When Mendel crossed pea plants with pure tall and pure short characteristics to produce F1 progeny, which two observations were made by him in F1 plants ?",2024,1
37,ii,Biology,E,1,Write one difference between dominant and recessive trait.,2024,1
37,iii.A,Biology,E,2,In a cross with two pairs of contrasting characters RRYY x rryy (Round Yellow) (Wrinkled Green) Mendel observed 4 types of combinations in F2 generation. By which method did he obtain F2 generation? Write the ratio of the parental combinations obtained and what conclusions were drawn from this experiment.,2024,1
37,iii.B,Biology,E,2,"OR Justify the statement : ""It is possible that a trait is inherited but may not be expressed.""",2024,1
38,i,Physics,E,1,In which one of the above cases the mirror will form a diminished image of the object? Justify your answer.,2024,1
38,ii,Physics,E,1,List two properties of the image formed in case 2.,2024,1
38,iii.A,Physics,E,2,What is the nature and size of the image formed by mirror C? Draw ray diagram to justify your answer.,2024,1
38,iii.B,Physics,E,2,OR An object is placed at a distance of 18 cm from the pole of a concave mirror of focal length 12 cm. Find the position of the image formed in this case.,2024,1
39,i,Chemistry,E,1,What is the cathode and anode made of in the refining of copper by this process ?,2024,1
39,ii,Chemistry,E,1,Name the solution used in the above process and write its formula.,2024,1
39,iii.A,Chemistry,E,2,How copper gets refined when electric current is passed in the electrolytic cell?,2024,1
39,iii.B,Chemistry,E,2,OR You have two beakers 'A' and 'B' containing copper sulphate solution. What would you observe after about 2 hours if you dip a strip of zinc in beaker 'A' and a strip of silver in beaker 'B' ? Give reason for your observations in each case.,2024,1
1,NA,Chemistry,Section A,1,"When aqueous solutions of potassium iodide and lead nitrate are mixed, an insoluble substance separates out. The chemical equation for the reaction involved is: (a) KI + PbNO3 -> PbI + KNO3 (b) 2KI + Pb(NO3)2 -> PbI2 + 2KNO3 (c) KI + Pb(NO3)2 -> PbI + KNO3 (d) KI + PbNO3 -> PbI2 + KNO3",2023,3
2,NA,Chemistry,Section A,1,"When Sodium bicarbonate reacts with dilute hydrochloric acid, the gas evolved is: (a) Hydrogen; it gives pop sound with burning match stick. (b) Hydrogen; it turns lime water milky. (c) Carbon dioxide; it turns lime water milky. (d) Carbon dioxide; it blows off a burning match stick with a pop sound.",2023,3
3,NA,Chemistry,Section A,1,Acid present in tomato is: (a) Methanoic acid (b) Acetic acid (c) Lactic acid (d) Oxalic acid,2023,3
4,NA,Chemistry,Section A,1,"A metal ribbon 'X' burns in oxygen with a dazzling white flame forming a white ash 'Y'. The correct description of X, Y and the type of reaction is : (a) X=Ca; Y=CaO; Type of reaction = Decomposition (b) X=Mg; Y=MgO; Type of reaction = Combination (c) X=Al; Y=Al2O3; Type of reaction = Thermal decomposition (d) X=Zn; Y=ZnO; Type of reaction = Endothermic",2023,3
5,NA,Chemistry,Section A,1,The name of the salt used to remove permanent hardness of water is : (a) Sodium hydrogen carbonate (NaHCO3) (b) Sodium chloride (NaCl) (c) Sodium carbonate decahydrate (Na2CO3.10H2O) (d) Calcium sulphate hemihydrate (CaSO4.1/2H2O),2023,3
6,NA,Chemistry,Section A,1,"The electron dot structure of chlorine molecule is: [Refer to diagram options a, b, c, d]",2023,3
7,NA,Chemistry,Section A,1,"Sodium hydroxide is termed an alkali while Ferric hydroxide is not because: (a) Sodium hydroxide is a strong base, while Ferric hydroxide is a weak base. (b) Sodium hydroxide is a base which is soluble in water while Ferric hydroxide is also a base but it is not soluble in water. (c) Sodium hydroxide is a strong base while Ferric hydroxide is a strong acid. (d) Sodium hydroxide and Ferric hydroxide both are strong base but the solubility of Sodium hydroxide in water is comparatively higher than that of Ferric hydroxide.",2023,3
8,NA,Biology,Section A,1,Opening and closing of stomata is due to : (a) High pressure of gases inside the cells. (b) Movement of water in and out of the guard cells. (c) Stimulus of light in the guard cells. (d) Diffusion of CO2 in and out of the guard cells.,2023,3
9,NA,Biology,Section A,1,Water in the root enters due to : (a) the function of the root to absorb water. (b) difference in the concentration of ions between the root and the soil. (c) excess water present in the soil. (d) diffusion of water in the roots.,2023,3
10,NA,Biology,Section A,1,Which one of the given statements is incorrect: (a) DNA has the complete information for a particular characteristic. (b) DNA is the molecule responsible for the inheritance of characters from parents to offsprings. (c) Change in information will produce a different protein. (d) Characteristics will remain the same even if protein changes.,2023,3
11,NA,Biology,Section A,1,Sensory nerve of a reflex arc carries information from the receptor cells to the: (a) spinal cord (b) brain (c) muscles of the effector organ (d) bones of the receptor organ,2023,3
12,NA,Biology,Section A,1,A cross between pea plant with white flowers (vv) and pea plant with violet flowers (VV) resulted in F2 progeny in which ratio of violet (VV) and white (vv) flowers will be : (a) 1:1 (b) 2:1 (c) 3:1 (d) 1:3,2023,3
13,NA,Physics,Section A,1,"The correct pattern of magnetic field lines of the field produced by a current carrying circular loop is : [Refer to diagram options a, b, c, d]",2023,3
14,NA,Physics,Section A,1,Two LED bulbs of 12W and 6W are connected in series. If the current through 12W bulb is 0.06A the current through 6W bulb will be : (a) 0.04A (b) 0.06A (c) 0.08A (d) 0.12A,2023,3
15,NA,Physics,Section A,1,An alpha particle enters a uniform magnetic field as shown. The direction of motion of the alpha particle is : (a) towards right (b) towards left (c) into the page (d) out of the page,2023,3
16,NA,Physics,Section A,1,"The resistance of a resistor is reduced to half of its initial value. If other parameters of the electrical circuit remain unaltered, the amount of heat produced in the resistor will become : (a) four times (b) two times (c) half (d) one fourth",2023,3
17,NA,Biology,Section A,1,"Assertion (A): In humans, if gene (B) is responsible for black eyes and gene (b) is responsible for brown eyes, then the colour of eyes of the progeny having gene combination Bb, bb or BB will be black only. Reason (R): The black colour of the eyes is a dominant trait.",2023,3
18,NA,Chemistry,Section A,1,Assertion (A): Reaction of Quicklime with water is an exothermic reaction. Reason (R): Quicklime reacts vigorously with water releasing a large amount of heat.,2023,3
19,NA,Physics,Section A,1,Assertion (A): A current carrying straight conductor experiences a force when placed perpendicular to the direction of magnetic field. Reason (R): The net charge on a current carrying conductor is always zero.,2023,3
20,NA,Biology,Section A,1,Assertion (A): The inner walls of the small intestine have finger like projections called villi which are rich in blood. Reason (R): These villi have a large surface area to help the small intestine in completing the digestion of food.,2023,3
21,NA,Biology,Section B,2,Name a plant hormone responsible for bending of a shoot of a plant when it is exposed to unidirectional light. How does it promote phototropism?,2023,3
22,(A)(i),Chemistry,Section B,2,A student took a small amount of copper oxide in a conical flask and added dilute hydrochloric acid to it with constant stirring. He observed a change in colour of the solution. Write the name of the compound formed and its colour.,2023,3
22,(A)(ii),Chemistry,Section B,2,Write a balanced chemical equation for the reaction involved.,2023,3
22,(B),Chemistry,Section B,2,"OR: The industrial process used for the manufacture of caustic soda involves electrolysis of an aqueous solution of compound 'X'. In this process, two gases 'Y' and 'Z' are liberated. 'Y' is liberated at cathode and 'Z', which is liberated at anode, on treatment with dry slaked lime forms a compound 'B'. Name X, Y, Z and B.",2023,3
23,NA,Biology,Section B,2,"Two green plants are kept separately in oxygen free containers, one in the dark and other in sunlight. It was observed that plant kept in dark could not survive longer. Give reason for this observation.",2023,3
24,NA,Biology,Section B,2,What is the other name of 'tissue fluid' ? Write its two functions.,2023,3
25,NA,Biology,Section B,2,Although gardens are created by man but they are considered to be an ecosystem. Justify this statement.,2023,3
26,(A)(i),Physics,Section B,2,Observe the following diagram and answer the questions following it: Identify the defect of vision shown.,2023,3
26,(A)(ii),Physics,Section B,2,Observe the following diagram and answer the questions following it: List its two causes.,2023,3
26,(A)(iii),Physics,Section B,2,Observe the following diagram and answer the questions following it: Name the type of lens used for the correction of this defect.,2023,3
26,(B),Physics,Section B,2,OR: The colour of clear sky from the earth appears blue but from the space it appears black. Why?,2023,3
27,(a),Chemistry,Section C,3,"Consider the following salts: (i) YCl (ii) NH4X (iii) ZCO3. What would be the pH of the salt solution if in YCl, Y is sodium ? Give reason for your answer.",2023,3
27,(b),Chemistry,Section C,3,"If in salt NH4X, X is nitrate, then its solution will give what colour with universal indicator? Why?",2023,3
27,(c),Chemistry,Section C,3,What would be the change in colour in blue litmus solution if ZCO3 is added to it and Z is potassium ?,2023,3
28,(i),Chemistry,Section C,3,While electrolysing water before passing the current some drops of an acid are added. Why? Name the gases liberated at cathode and anode. Write the relationship between the volume of gas collected at anode and the volume of gas collected at cathode.,2023,3
28,(ii),Chemistry,Section C,3,What is observed when silver chloride is exposed to sunlight? Give the type of reaction involved.,2023,3
29,NA,Physics,Section C,3,The magnification produced when an object is placed at a distance of 20 cm from a spherical mirror is +1/2. Where should the object be placed to reduce the magnification to +1/3.,2023,3
30,(A)(i),Biology,Section C,3,How does Paramecium obtain its food?,2023,3
30,(A)(ii),Biology,Section C,3,List the role of each of the following in our digestive system : (a) Hydrochloric acid (b) Trypsin (c) Muscular walls of stomach (d) Salivary amylase,2023,3
30,(B)(i),Biology,Section C,3,OR: What is double circulation?,2023,3
30,(B)(ii),Biology,Section C,3,Why is the separation of the right side and the left side of the heart useful? How does it help birds and mammals ?,2023,3
31,(A)(i),Physics,Section C,3,Why is an alternating current (A.C.) considered to be advantageous over direct current (D.C.) for the long distance transmission of electric power?,2023,3
31,(A)(ii),Physics,Section C,3,How is the type of current used in household supply different from the one given by a battery of dry cells ?,2023,3
31,(A)(iii),Physics,Section C,3,How does an electric fuse prevent the electric circuit and the appliances from a possible damage due to short circuiting or overloading.,2023,3
31,(B),Physics,Section C,3,"OR: For the current carrying solenoid as shown, draw magnetic field lines and give reason to explain that out of the three points A, B and C, at which point the field strength is maximum and at which point it is minimum ?",2023,3
32,NA,Biology,Section C,3,Write one difference between biodegradable and non-biodegradable wastes. List two impacts of each type of the accumulated waste on environment if not disposed off properly.,2023,3
33,(A),Physics,Section C,3,"Define the term dispersion of white light. State the colour which bends (i) the most, (ii) the least while passing through a glass prism. Draw a diagram to show the dispersion of white light.",2023,3
33,(B),Physics,Section C,3,OR: What is a rainbow? Draw a labelled diagram to show its formation.,2023,3
34,(i),Biology,Section D,5,Name and explain the two modes of asexual reproduction observed in hydra.,2023,3
34,(ii),Biology,Section D,5,What is vegetative propagation ? List two advantages of using this technique.,2023,3
35,(i),Physics,Section D,5,How is electric current related to the potential difference across the terminals of a conductor? Draw a labelled circuit diagram to verify this relationship.,2023,3
35,(ii),Physics,Section D,5,Why should an ammeter have low resistance ?,2023,3
35,(iii),Physics,Section D,5,"Two V - I graphs A and B for series and parallel combinations of two resistors are as shown. Giving reason state which graph shows (a) series, (b) parallel combination of the resistors.",2023,3
36,(A),Chemistry,Section D,5,Write the chemical equation for the following: (i) Combustion of methane (ii) Oxidation of ethanol (iii) Hydrogenation of ethene (iv) Esterification Reaction (v) Saponification Reaction,2023,3
36,(B)(i),Chemistry,Section D,5,OR: Draw two structural isomers of butane.,2023,3
36,(B)(ii),Chemistry,Section D,5,Draw the structures of propanol and propanone.,2023,3
36,(B)(iii),Chemistry,Section D,5,Name the third homologue of: (a) alcohols (b) aldehydes,2023,3
36,(B)(iv),Chemistry,Section D,5,Name the following: (a) Benzene structure (b) CH3-CH2-CH=CH2,2023,3
36,(B)(v),Chemistry,Section D,5,Show the covalent bond formation in nitrogen molecule.,2023,3
37,(i),Biology,Section E,1,Why an offspring of human being is not a true copy of his parents in sexual reproduction ?,2023,3
37,(ii),Biology,Section E,1,"While performing experiments on inheritance in plants, what is the difference between F1 and F2 generation?",2023,3
37,(iii)(A),Biology,Section E,2,Why do we say that variations are useful for the survival of a species over time?,2023,3
37,(iii)(B),Biology,Section E,2,"OR: Study Mendel's cross between two plants with a pair of contrasting characters. RRYY x rryy. He observed 4 types of combinations in F2 generation. Which of these were new combinations? Why do new features which are not present in the parents, appear in F2 generation?",2023,3
38,(i),Physics,Section E,1,Determine the speed of light in diamond if the refractive index of diamond with respect to vacuum is 2.42. Speed of light in vacuum is 3x10^8 m/s.,2023,3
38,(ii),Physics,Section E,1,"Refractive indices of glass, water and carbon disulphide are 1.5, 1.33 and 1.62 respectively. If a ray of light is incident in these media at the same angle (say θ), then write the increasing order of the angle of refraction in these media.",2023,3
38,(iii)(A),Physics,Section E,2,The speed of light in glass is 2x10^8 m/s and in water is 2.25x10^8 m/s. (a) Which one of the two is optically denser and why ? (b) A ray of light is incident normally at the water-glass interface when it enters a thick glass container filled with water. What will happen to the path of the ray after entering the glass ? Give reason.,2023,3
38,(iii)(B),Physics,Section E,2,"OR: The absolute refractive indices of water and glass are 4/3 and 3/2 respectively. If the speed of light in glass is 2x10^8 m/s, find the speed of light in (i) vacuum and (ii) water.",2023,3
39,(i),Chemistry,Section E,1,Show the electron transfer in the formation of magnesium chloride.,2023,3
39,(ii),Chemistry,Section E,1,List two properties of ionic compounds other than their high melting and boiling points.,2023,3
39,(iii)(A),Chemistry,Section E,2,While forming an ionic compound say sodium chloride how does sodium atom attain its stable configuration ?,2023,3
39,(iii)(B),Chemistry,Section E,2,OR: Give reasons: (i) Why do ionic compounds in the solid state not conduct electricity? (ii) What happens at the cathode when electricity is passed through an aqueous solution of sodium chloride ?,2023,3
1,NA,Chemistry,Section A,1,"The number of electrons in the outermost shell of the atom of a non-metal can be : (a) 1, 2 or 3 (b) 3, 4 or 5 (c) 5, 6 or 7 (d) 5, 6 or 8",2023,2
2,NA,Chemistry,Section A,1,"Select the correct option(s) in the following table: (i) Tamarind - Tartaric acid, (ii) Tomato - Acetic acid, (iii) Ant sting - Oxalic acid, (iv) Nettle sting - Methanoic acid. (a) (i) only (b) (iii) only (c) (i) and (iv) (d) (i), (ii) and (iv)",2023,2
3,NA,Chemistry,Section A,1,"Among the following, the metal with lowest density is : (a) Lithium (b) Lead (c) Magnesium (d) Aluminium",2023,2
4,NA,Chemistry,Section A,1,Which of the following is an example of endothermic process? (a) Formation of slaked lime (b) Decomposition of vegetable matter into compost (c) Dissolution of ammonium chloride in water (d) Digestion of food in our body,2023,2
5,NA,Chemistry,Section A,1,"In order to balance the following chemical equation, the values of the coefficients x and y respectively are: x Pb(NO3)2 -> 2 PbO + y NO2 + O2. (a) 2, 4 (b) 2, 2 (c) 2, 3 (d) 4, 2",2023,2
6,NA,Chemistry,Section A,1,"When zinc reacts with sodium hydroxide, the product formed is: (a) Sodium oxide (b) Sodium zincate (c) Zinc oxide (d) Sodium zincate and hydrogen gas",2023,2
7,NA,Chemistry,Section A,1,"Select the correct option from the following table [Salt, Parent acid, Parent base, Nature of salt]: (a) Sodium acetate / CH3COOH / NaOH / Neutral (b) Sodium carbonate / H2CO3 / NaOH / Basic (c) Sodium chloride / HCl / NaOH / Acidic (d) Sodium nitrate / HNO3 / NaOH / Acidic",2023,2
8,NA,Physics,Section A,1,"For verifying Ohm's law, we design an electric circuit diagram in which we show the arrangement of different circuit components. We find that with respect to the resistor, the: (a) ammeter is connected in parallel and the voltmeter in series. (b) ammeter is connected in series and the voltmeter in parallel. (c) ammeter and voltmeter are both connected in series. (d) ammeter and voltmeter are both connected in parallel.",2023,2
9,NA,Physics,Section A,1,"An object is placed in front of a convex mirror at infinity. According to the New Cartesian Sign Convention, the sign of the focal length and the sign of the image distance in this case are respectively : (a) +, - (b) -, + (c) -, - (d) +, +",2023,2
10,NA,Biology,Section A,1,"When an 'X' bearing sperm fertilises the egg, the resulting zygote has the following combination of chromosomes : (a) 44+XX (b) 44+XY (c) 22+XX (d) 22+XY",2023,2
11,NA,Biology,Section A,1,Sphincter muscles are present at the exit of: (a) Stomach and small intestine (b) Stomach and anus (c) Small intestine and large intestine (d) Oesophagus and stomach,2023,2
12,NA,Biology,Section A,1,"In the following diagram, identify the cells through which massive amounts of gaseous exchange takes place for photosynthesis : (a) I (b) IV (c) III (d) II",2023,2
13,NA,Biology,Section A,1,"During vigorous exercise, the occurrence of cramps in the outer muscles of an athlete is due to the conversion of pyruvate to: (a) Glucose (b) Ethanol (c) Lactic acid (d) Lactose",2023,2
14,NA,Biology,Section A,1,Plants which bear unisexual flowers are: (a) Mustard and Papaya (b) Hibiscus and Watermelon (c) Mustard and Hibiscus (d) Watermelon and Papaya,2023,2
15,NA,Chemistry,Section A,1,A positron enters a uniform magnetic field at right angles to it as shown. The direction of force experienced by the positron will be : (a) to the right (b) to the left (c) into the page (d) out of the page,2023,2
16,NA,Physics,Section A,1,"In a resistive circuit if the current is increased to two times, the percentage change in the amount of heat dissipated in the circuit would be: (a) 400% (b) 300% (c) 200% (d) 100%",2023,2
17,NA,Physics,Section A,1,"Assertion (A): Magnetic field lines do not intersect each other. Reason (R): Magnetic field lines are imaginary lines, the tangent to which at any point gives the direction of the field at that point.",2023,2
18,NA,Chemistry,Section A,1,Assertion (A): Sodium oxide is an amphoteric oxide. Reason (R): Metal oxides which react with both acids as well as bases are known as amphoteric oxides.,2023,2
19,NA,Physics,Section A,1,Assertion (A): The angle through which a ray of light bends on passing through a prism is called the angle of deviation. Reason (R): The peculiar shape of a prism makes the emergent ray bend at an angle to the direction of the incident ray.,2023,2
20,NA,Biology,Section A,1,"Assertion (A): When a bacterium divides into two, and the resultant two bacteria divide again, the four bacteria produced would be almost similar. Reason (R): DNA copying involves small inaccuracies in the reproduction process.",2023,2
21,NA,Physics,Section B,2,"V-I graph for two conducting wires A and B are as shown. If both wires are of the same length and same diameter, which of the two is made of a material of high resistivity? Give reasons to justify your answer.",2023,2
22,(a),Biology,Section B,2,State the role of the following in the process of digestion : (a) Bile juice and bile salts,2023,2
22,(b),Biology,Section B,2,State the role of the following in the process of digestion : (b) Pancreatic enzymes,2023,2
23,(a),Chemistry,Section B,2,What is observed when aqueous solutions of potassium iodide and lead nitrate are mixed together? Name the type of reaction and write the chemical equation for the reaction that occurs.,2023,2
23,(b),Chemistry,Section B,2,"OR: When copper powder is heated in a watch glass, a black substance is formed. (i) Why is this black substance formed? Name it. (ii) How can this black substance be reversed to its original form?",2023,2
24,(a),Biology,Section B,2,Mendel crossed a pure tall pea plant (TT) with a pure short pea plant (tt) and obtained all tall plants in F1 generation. What is the gene combination present in the plants of F1 generation?,2023,2
24,(b),Biology,Section B,2,Give reason why only tall plants are observed in F1 progeny.,2023,2
24,(c),Biology,Section B,2,What will be the ratio of the plants obtained in the F2 generation when F1 plants are self-pollinated?,2023,2
25,(a),Physics,Section B,2,When and where does a rainbow appear in the sky? Draw a labelled ray diagram to show its formation.,2023,2
25,(b),Physics,Section B,2,OR: What is scattering of light? Why does the clear sky appear blue ?,2023,2
26,NA,Chemistry,Section B,2,"Ozone, although a deadly poison, performs an essential function for the earth and its inhabitants. Explain.",2023,2
27,(a),Chemistry,Section C,3,Define oxidation.,2023,2
27,(b)(i),Chemistry,Section C,3,Identify the oxidising agent in the following reactions and balance the chemical equations : Pb3O4 + HCl -> PbCl2 + Cl2 + H2O,2023,2
27,(b)(ii),Chemistry,Section C,3,Identify the oxidising agent in the following reactions and balance the chemical equations : MnO2 + Al -> Mn + Al2O3,2023,2
28,(a),Chemistry,Section C,3,Copper reacts with a moist gas 'A' in the air and slowly loses its shiny brown surface. It turns green. Identify 'A' and the substance of the green coating formed on the surface of copper.,2023,2
28,(b),Chemistry,Section C,3,How is copper obtained from its sulphide ore? Write the chemical equations for the reaction involved in its extraction.,2023,2
29,(a)(i),Biology,Section C,3,What is meant by excretion?,2023,2
29,(a)(ii),Biology,Section C,3,Name the organ that connects the kidneys with the urinary bladder. State its function.,2023,2
29,(a)(iii),Biology,Section C,3,List two factors on which the amount of water reabsorbed depends.,2023,2
29,(b)(i),Biology,Section C,3,"OR: In the human respiratory system, name the following: (I) Part where air is filtered by fine hairs and mucus lining (II) Part which separates chest cavity from abdominal cavity (III) Balloon like structures where exchange of gases takes place (IV) The two large air passages that lead from trachea to the lungs",2023,2
29,(b)(ii),Biology,Section C,3,List any two characteristics of lungs which make it an efficient respiratory surface.,2023,2
30,(a),Physics,Section C,3,"A student has focussed the image of an object of height 3 cm on a white screen using a concave mirror of focal length 12 cm. If the distance of the object from the mirror is 18 cm, find the values of the following: (i) Distance of the image from the mirror (ii) Height of the image",2023,2
30,(b),Physics,Section C,3,"OR: Define power of a lens. The focal length of a lens is 10 cm. Write the nature of the lens and find its power. If an object is placed at a distance of 20 cm from the optical centre of this lens, according to the New Cartesian Sign Convention, what will be the sign of magnification in this case?",2023,2
31,NA,Chemistry,Section C,3,Explain how some harmful chemicals enter our bodies through the food chain. Why is the concentration of these harmful chemicals found to be maximum in human beings?,2023,2
32,(a),Physics,Section C,3,List two factors on which the magnitude of magnetic field produced by a current carrying straight conductor depends.,2023,2
32,(b),Physics,Section C,3,State the rule which determines the direction of magnetic field in the above case.,2023,2
32,(c),Physics,Section C,3,Draw the pattern of magnetic field lines produced in this case.,2023,2
33,NA,Biology,Section C,3,Name the hormone released and the gland which secretes it in human beings during scary situations. How does the body respond to enable it to deal with the situation?,2023,2
34,(a)(i),Biology,Section D,5,List three points of difference between nervous and hormonal mechanisms for control and coordination in animals.,2023,2
34,(a)(ii),Biology,Section D,5,How are auxins related with the bending of plant shoot towards unidirectional light? Explain.,2023,2
34,(b)(i),Biology,Section D,5,OR: Name the disorder which a person is likely to suffer from due to the following: (I) Over-secretion of growth hormone (II) Deficiency of oestrogen in females (III) Less secretion of thyroxine. Also name the gland that secretes each of the hormones mentioned above.,2023,2
34,(b)(ii),Biology,Section D,5,How is the timing and amount of hormone released regulated? Explain with the help of an example.,2023,2
35,(a),Chemistry,Section D,5,"An acid 'X' and an alcohol 'Y' react with each other in the presence of an acid catalyst to form a sweet smelling substance 'Z'. Identify 'X', 'Y' and 'Z'. Write the chemical equation for the reaction involved and name it. The substance 'Z' on treatment with sodium hydroxide produces back the alcohol 'Y' and sodium ethanoate. Write the chemical equation for the reaction involved and name it, giving justification for the name.",2023,2
35,(b)(i),Chemistry,Section D,5,OR: Name the simplest saturated hydrocarbon. Draw its electron dot structure. Which type of bonds exist in this compound?,2023,2
35,(b)(ii),Chemistry,Section D,5,"Name any two mixtures of the carbon compound used as a fuel in daily life, of which the above mentioned compound is an important component.",2023,2
35,(b)(iii),Chemistry,Section D,5,In which homologous series of carbon compounds can this compound be placed? Write the general formula of the series.,2023,2
35,(b)(iv),Chemistry,Section D,5,Which type of flame is produced on burning it ?,2023,2
36,(a),Physics,Section D,5,Draw a ray diagram for showing the convergence of a parallel beam of light by a concave mirror and mark the positions of pole and the centre of curvature in it.,2023,2
36,(b),Physics,Section D,5,An object 4 cm in size is placed at 25 cm in front of a concave mirror of focal length 15 cm. At what distance from the mirror should a screen be placed in order to obtain a sharp image ? Find the nature and size of the image.,2023,2
36,(c),Physics,Section D,5,List any two uses of a concave mirror.,2023,2
37,(a),Chemistry,Section E,1,"For the solutions provided (Group A: Lemon juice, vinegar, colourless aerated drink; Group B: Tomato juice, coffee, ginger juice; Group C: Sodium hydroxide, sodium chloride, lime water), which group is/are likely to have pH value (i) less than 7, and (ii) greater than 7?",2023,2
37,(b),Chemistry,Section E,1,List two ways of determining pH of a solution,2023,2
37,(c),Chemistry,Section E,2,"Explain, why the sour substances such as lemon juice are effective in cleaning the tarnished copper vessels.",2023,2
37,(c)_OR,Chemistry,Section E,2,"OR: ""pH has great importance in our daily life."" Justify this statement by giving two examples.",2023,2
38,(a),Biology,Section E,1,Name the type of fission that occurs in Leishmania and Plasmodium.,2023,2
38,(b),Biology,Section E,1,Write one advantage of sexual mode of reproduction over asexual,2023,2
38,(c),Biology,Section E,2,Give reasons why : (i) Colonies of yeast fail to multiply in water but multiply in sugar solution. (ii) Rhizopus individuals do not grow on a dry slice of bread.,2023,2
38,(c)_OR,Physics,Section E,2,OR: Name the filamentous structures a student could identify when he collected water from a pond that appeared dark green. How do these organisms multiply? Explain.,2023,2
39,(a),Physics,Section E,1,What is the relationship between the readings of A1 and A3 ? Give reasons for your answer.,2023,2
39,(b),Physics,Section E,1,What is the relationship between the readings of A2 and A3?,2023,2
39,(c),Physics,Section E,2,Determine the reading of the voltmeter V1.,2023,2
39,(c)_OR,Physics,Section E,2,OR: Find the total resistance of the circuit.,2023,2
1,NA,Chemistry,Section A,1,The emission of brown fumes in the given experimental set-up is due to: (a) thermal decomposition of lead nitrate which produces brown fumes of nitrogen dioxide. (b) thermal decomposition of lead nitrate which produces brown fumes of lead oxide. (c) oxidation of lead nitrate forming lead oxide and nitrogen dioxide. (d) oxidation of lead nitrate forming lead oxide and oxygen.,2023,1
2,NA,Chemistry,Section A,1,"In the experimental setup given below, it is observed that on passing the gas produced in the reaction in the solution 'X' the solution 'X' first turns milky and then colourless. The option that justifies the above stated observation is that 'X' is aqueous calcium hydroxide and: (a) it turns milky due to carbon dioxide gas liberated in the reaction... (b) it turns milky due to formation of calcium carbonate and on passing excess of carbon dioxide it becomes colourless due to formation of calcium hydrogen carbonate which is soluble in water. (c) ... (d) ...",2023,1
3,NA,Chemistry,Section A,1,The table below has information regarding pH and the nature (acidic/basic) of four different solutions. Which one of the options in the table is correct? (a) Lemon juice / Orange / 3 / Basic (b) Milk of magnesia / Blue / 10 / Basic (c) Gastric juice / Red / 6 / Acidic (d) Pure water / Yellow / 7 / Neutral,2023,1
4,NA,Chemistry,Section A,1,"MnO2 + x HCl -> MnCl2 + y H2O + z Cl2. In order to balance the above chemical equation, the values of x, y and z respectively are: (a) 6, 2, 2 (b) 4, 1, 2 (c) 4, 2, 1 (d) 2, 2, 1",2023,1
5,NA,Chemistry,Section A,1,Select washing soda from the following: (a) NaHCO3 (b) Na2CO3.5H2O (c) Na2CO3.10H2O (d) NaOH,2023,1
6,NA,Chemistry,Section A,1,"Consider the structures of the three cyclic carbon compounds A, B and C given below and select the correct option from the following: (a) A and C are isomers of hexane and B is benzene. (b) A is an isomer of hexane, B is benzene and C is an isomer of hexene. (c) A is a saturated cyclic hydrocarbon and B and C are unsaturated cyclic hydrocarbons. (d) A is cyclohexane and B and C are the isomers of benzene.",2023,1
7,NA,Chemistry,Section A,1,"The following diagram shows the electrolytic refining of copper. Which of the following statements is incorrect description of the process? (a) The impure metal from the anode dissolves into the electrolyte. (b) The pure metal from the electrolyte is deposited on the cathode. (c) Insoluble impurities settle down at the bottom of the anode. (d) On passing the current through the electrolyte, the pure metal from the anode dissolves into the electrolyte.",2023,1
8,NA,Biology,Section A,1,Consider the following statements about small intestine and select the one which is NOT correct: (a) The length of the small intestine in animals differs as it depends on the type of food they eat. (b) The small intestine is the site of complete digestion of food. (c) The small intestine receives secretions from liver and pancreas. (d) The villi of the small intestine absorb water from the unabsorbed food before it gets removed from the body via the anus.,2023,1
9,NA,Biology,Section A,1,"An organism which breaks down the food material outside the body and then absorbs it is (a) a plant parasite, Cuscuta (b) an animal parasite, Tapeworm (c) a bacteria, Rhizobium (d) a fungi, Rhizopus",2023,1
10,NA,Chemistry,Section A,1,Which of the following metals do not corrode in moist air? (a) Copper (b) Iron (c) Gold (d) Silver,2023,1
11,NA,Biology,Section A,1,Select from the following the correct statement about tropic movement in plants: (a) It is due to stimulus of touch and temperature. (b) It does not depend upon the direction of stimulus received. (c) It is observed only in roots and not in stems. (d) It is a growth related movement.,2023,1
12,NA,Biology,Section A,1,"The statement that correctly describes the characteristic(s) of a gene is: (a) In individuals of a given species, a specific gene is located on a particular chromosome. (b) A gene is not the information source for making proteins in the cell. (c) Each chromosome has only one gene located all along its length. (d) All the inherited traits in human beings are not controlled by genes.",2023,1
13,NA,Physics,Section A,1,In domestic electric circuits the wiring with 15 A current rating is for the electric devices which have (a) higher power ratings such as geyser. (b) lower power ratings such as fan. (c) metallic bodies and low power ratings. (d) non-metallic bodies and low power ratings.,2023,1
14,NA,Physics,Section A,1,"If four identical resistors, of resistance 8 ohm, are first connected in series so as to give an effective resistance Rs and then connected in parallel so as to give an effective resistance Rp, then the ratio Rs/Rp is (a) 32 (b) 2 (c) 0.5 (d) 16",2023,1
15,NA,Physics,Section A,1,The resultant magnetic field at point 'P' situated midway between two parallel wires (placed horizontally) each carrying a steady current I is (a) in the vertically upward direction. (b) in the same direction as the current in the wires. (c) zero (d) in the vertically downward direction.,2023,1
16,NA,Physics,Section A,1,"If the current I through a resistor is increased by 100% (at constant temperature), the increase in power dissipated will be (a) 100% (b) 200% (c) 300% (d) 400%",2023,1
17,NA,Biology,Section A,1,Assertion (A): Genes inherited from the parents decide the sex of a child. Reason (R): X chromosome in a male child is inherited from his father.,2023,1
18,NA,Chemistry,Section A,1,"Assertion (A): The colour of aqueous solution of copper sulphate turns colourless when a piece of lead is added to it. Reason (R): Lead is more reactive than copper, and hence displaces copper from its salt solution.",2023,1
19,NA,Physics,Section A,1,Assertion (A): The strength of the magnetic field produced at the centre of a current carrying circular coil increases on increasing the number of turns in it. Reason (R): The current in each circular turn has the same direction and the magnetic field due to each turn then just adds up.,2023,1
20,NA,Biology,Section A,1,"Assertion (A): Left atrium receives oxygenated blood from pulmonary vein. Reason (R): Right atrium transfers deoxygenated blood to the right ventricle, which pumps it to the lungs for oxygenation.",2023,1
21,NA,Biology,Section B,2,A plant hormone helps in bending of stem towards light. Name the hormone and explain how is the movement achieved.,2023,1
22,(a)(i),Chemistry,Section B,2,A compound 'X' which is prepared from gypsum has the property of hardening when mixed with proper quantity of water. Identify 'X' and write its chemical formula.,2023,1
22,(a)(ii),Chemistry,Section B,2,State the difference in chemical composition between baking soda and baking powder.,2023,1
22,(b),Chemistry,Section B,2,OR: Write balanced chemical equation for the reaction that occurs when: (i) blue coloured copper sulphate crystals are heated and (ii) Sodium hydrogen carbonate is heated during cooking.,2023,1
23,NA,Biology,Section B,2,Name the part of the human excretory system where nephrons are found. Write the structure and function of nephrons.,2023,1
24,NA,Chemistry,Section B,2,Write the constituents of solder alloy. Which property of solder makes it suitable for welding electrical wires?,2023,1
25,NA,Chemistry,Section B,2,Why is damage to the ozone layer a cause for concern? What steps are being taken to limit this damage?,2023,1
26,(a),Physics,Section B,2,A narrow beam XY of white light is passing through a glass prism ABC as shown in the diagram: Trace it on your answer sheet and show the path of the emergent beam as observed on the screen PQ. Name the phenomenon observed and state its cause.,2023,1
26,(b),Physics,Section B,2,OR: It is observed that the power of an eye to see nearby objects as well as far off objects diminishes with age. (i) Give reason for the above statement. (ii) Name the defect that is likely to arise in the eyes in such a condition. (iii) Draw a labelled ray diagram to show the type of corrective lens used for restoring the vision of such an eye.,2023,1
27,(a),Chemistry,Section C,3,"A chemical compound X is used in glass, soap and paper industries. On treatment with ethanoic acid, it forms salt, water and carbon dioxide. Identify X.",2023,1
27,(b),Chemistry,Section C,3,How is this compound obtained from brine? Write the equations involved.,2023,1
27,(c),Chemistry,Section C,3,State the number of molecules of water of crystallization present in compound X.,2023,1
28,(a),Chemistry,Section C,3,Identify the reducing agent in the following reactions: (i) 4NH3 + 5O2 -> 4NO + 6H2O (ii) H2O + F2 -> HF + HOF (iii) Fe2O3 + 3CO -> 2Fe + 3CO2 (iv) 2H2 + O2 -> 2H2O,2023,1
28,(b),Chemistry,Section C,3,Define a redox reaction in terms of gain or loss of oxygen.,2023,1
29,(a),Physics,Section C,3,A student wants to project the image of a candle flame on a screen 60 cm in front of a mirror by keeping the candle at a distance of 15 cm from its pole. Name the type of mirror used.,2023,1
29,(b),Physics,Section C,3,Also calculate: (i) Magnification of the image produced (ii) Distance between object and its image,2023,1
29,(c),Physics,Section C,3,Draw a ray diagram to show the image formation.,2023,1
30,(a)(i),Biology,Section C,3,State the role of ATP in cellular respiration.,2023,1
30,(a)(ii),Biology,Section C,3,What ensures sufficient exchange of gases in plants?,2023,1
30,(a)(iii),Biology,Section C,3,State the conditions on which the direction of diffusion of gases in plant depend upon.,2023,1
30,(b)(i),Biology,Section C,3,OR: What is the internal energy reserve in plants and animals?,2023,1
30,(b)(ii),Biology,Section C,3,How desert plants perform photosynthesis if their stomata remain closed during the day?,2023,1
31,(a)(i),Physics,Section C,3,State the rule used to find the force acting on a current carrying conductor placed in a magnetic field.,2023,1
31,(a)(ii),physics,Section C,3,Given below are three diagrams showing entry of an electron in a magnetic field. Identify the case in which the force will be (1) maximum and (2) minimum respectively. Give reason for your answer.,2023,1
31,(b)(i),physics,Section C,3,OR: Draw the pattern of magnetic field lines of (1) a current carrying solenoid (2) a bar magnet,2023,1
31,(b)(ii),physics,Section C,3,List two distinguishing features between the two fields.,2023,1
32,(a)(i),Biology,Section C,3,Why does a kitchen garden called an artificial ecosystem while a forest is considered to be a natural ecosystem?,2023,1
32,(a)(ii),Biology,Section C,3,"While designing an artificial ecosystem at home, write any two things to be kept in mind to convert it into a self-sustaining system. Give reason to justify your answer.",2023,1
32,(b)(i),Biology,Section C,3,"OR: Construct a food chain of four trophic levels comprising the following: Hawk, snake, plants, rat.",2023,1
32,(b)(ii),physics,Section C,3,"20,000 J of energy was transferred by the producers to the organism of second trophic level. Calculate the amount of energy that will be transferred by organisms of the third trophic level to the organisms of the fourth trophic level.",2023,1
33,NA,physics,Section C,3,A person cannot see distinctly the object placed beyond 5 m from his eyes. Name the defect of vision the person is suffering from. Draw a ray diagram to illustrate this defect. List its two possible causes. Name the lens used for the correction of this defect.,2023,1
34,(a),Biology,Section D,5,Mention the role of the following organs of human male reproductive system: (i) Testis (ii) Scrotum (iii) Vas-deferens (iv) Seminal vesicle,2023,1
34,(b),Biology,Section D,5,What is Placenta? State its function in a human female.,2023,1
35,(a),physics,Section D,5,"An electric iron consumes energy at a rate of 880 W when heating is at the maximum rate and 330 W when the heating is at the minimum. If the source voltage is 220 V, calculate the current and resistance in each case.",2023,1
35,(b),physics,Section D,5,What is heating effect of electric current?,2023,1
35,(c),Chemistry,Section D,5,Find an expression for the amount of heat produced when a current passes through a resistor for some time.,2023,1
36,(a),Chemistry,Section D,5,"A saturated organic compound 'A' belongs to the homologous series of alcohols. On heating 'A' with concentrated sulphuric acid at 443 K, it forms an unsaturated compound 'B' with molecular mass 28 u. The compound 'B' on addition of one mole of hydrogen in the presence of Nickel, changes to a saturated hydrocarbon 'C'. (i) Identify A, B and C. (ii) Write the chemical equations showing the conversion of A into B. (iii) What happens when compound C undergoes combustion? (iv) State one industrial application of hydrogenation reaction. (v) Name the products formed when compound A reacts with sodium.",2023,1
36,(b)(i),Biology,Section D,5,"OR: With the help of diagram, show the formation of micelles, when soap is applied on oily dirt.",2023,1
36,(b)(ii),Chemistry,Section D,5,"Take two test tubes X and Y with 10 mL of hard water in each. In test tube 'X', add few drops of soap solution and in test tube Y add a few drops of detergent solution. Shake both the test tubes for the same period. (1) In which test tube the formation of foam will be more ? Why? (2) In which test tube is a curdy solid formed? Why?",2023,1
37,(a),Biology,Section E,1,Write any two pairs of contrasting characteristics of pea plant used by Mendel other than those mentioned above.,2023,1
37,(b),Biology,Section E,1,Differentiate between dominant and recessive traits.,2023,1
37,(c),Biology,Section E,2,State the ratio of the combinations observed in the seeds of F2 generation (in the above case). What do you interpret from this result?,2023,1
37,(c)_OR,Biology,Section E,2,OR: Given below is a cross between a pure violet flowered pea plant (VV) and a pure white flowered pea plant (vv). Diagrammatically explain what type of progeny is obtained in F1 generation and F2 generation : Pure violet flowered plant (VV) x Pure white flowered plant (vv).,2023,1
38,(a),physics,Section E,1,List two applications of concave mirror.,2023,1
38,(b),physics,Section E,1,"If the distance between the mirror and the principal focus is 15 cm, find the radius of curvature of the mirror.",2023,1
38,(c),physics,Section E,2,Draw a ray diagram to show the type of image formed when an object is placed between pole and focus of a concave mirror.,2023,1
38,(c)_OR,physics,Section E,2,"OR: An object 10 cm in size is placed at 100 cm in front of a concave mirror. If its image is formed at the same point where the object is located, find: (i) focal length of the mirror, and (ii) magnification of the image formed with sign as per Cartesian sign convention.",2023,1
39,(a),Chemistry,Section E,1,What happens when copper is heated in air? (Give the equation of the reaction involved).,2023,1
39,(b),Chemistry,Section E,1,Why are some metal oxides categorized as amphoteric? Give one example.,2023,1
39,(c),Chemistry,Section E,2,Complete the following equations: (i) Na2O(s) + H2O(l) -> (ii) Al2O3 + 2 NaOH ->,2023,1
39,(c)_OR,Chemistry,Section E,2,OR: On burning Sulphur in oxygen a colourless gas is produced. (i) Write chemical equation for the reaction. (ii) Name the gas formed. (iii) State the nature of the gas. (iv) What will be the action of this on a dry litmus paper?,2023,1
1,a (i),Physics,A,1,An electric heater rated 1100 W operates at 220 V. Calculate (i) its resistance[cite: 11],2022,1
1,a (ii),Physics,A,1,An electric heater rated 1100 W operates at 220 V. Calculate (ii) the current drawn by it.[cite: 11],2022,1
1,OR (b),Physics,A,2,"Calculate the equivalent resistance of the following electric circuit : [Circuit diagram with 10 Ω, parallel combination of (20 Ω) and (10 Ω + 10 Ω), and 20 Ω in series][cite: 11]",2022,1
2,—,Chemistry,A,2,"In the modern periodic table, compare the tendency of the elements to lose electrons while moving (i) down a group, and (ii) from left to right in a period.[cite: 11]",2022,1
3,—,Chemistry,A,2,Draw two structural isomers of butane.[cite: 11],2022,1
4,a,Biology,A,2,Kulhads (disposable cups made of clay) and disposable paper cups both are used as an alternative for disposable plastic cups. Which one of these two can be considered as a better alternative to plastic cups and why?[cite: 11],2022,1
4,OR (b),Biology,A,2,Human beings are most adversely affected by the Biological Magnification. State the reason. Why can ordinary washing of the edibles (fruits and vegetables) not reduce the effect of biological magnification?[cite: 11],2022,1
5,a (i),Biology,A,0.5,"In the given diagram, name the parts where (i) pollen grains are produced[cite: 11]",2022,1
5,a (ii),Biology,A,0.5,"In the given diagram, name the parts where (ii) pollen grains are transferred.[cite: 11]",2022,1
5,b,Biology,A,1,What happens to ovule and ovary after fertilisation?[cite: 11],2022,1
6,—,Biology,A,2,Suggest any two contraceptive methods to control the size of human population and explain them.[cite: 11],2022,1
7,a,Biology,A,2,Mendel crossed two pea plants with visible contrasting characteristics and found that there were no half-way characteristics in the plants of F1 progeny. Explain the reason for this observation of Mendel.[cite: 11],2022,1
7,OR (b),Biology,A,2,"Justify the statement ""Sex of the children will be determined by what they inherit from their father"".[cite: 11]",2022,1
8,—,Chemistry,B,3,Identify the periodic law with which the given table is associated. List two important features and two anomalies of the above periodic law.[cite: 11],2022,1
9,—,Biology,B,3,How do Mendel's experiments show that the traits are inherited independently? Explain.[cite: 11],2022,1
10,a,Biology,B,2,What are decomposers? State the role of decomposers in the natural replenishment of the soil.[cite: 11],2022,1
10,b,Biology,B,1,Why are decomposers not helpful in decomposing the plastic waste?[cite: 11],2022,1
11,a (i),Chemistry,B,1,State the reason why (i) carbon compounds have low melting and boiling points.[cite: 11],2022,1
11,a (ii),Chemistry,B,1,State the reason why (ii) carbon compounds do not conduct electricity.[cite: 11],2022,1
11,a (iii),Chemistry,B,1,State the reason why (iii) carbon can form only covalent compounds.[cite: 11],2022,1
11,OR (b),Chemistry,B,3,What is a homologous series? Find the difference in molecular mass between the two consecutive members of a homologous series. State how in a homologous series of carbon compounds the following properties vary with increase in molecular mass: (i) Melting and boiling points (ii) Chemical properties[cite: 11],2022,1
12,a,Physics,B,2,Draw the pattern of magnetic field lines produced by a current carrying circular loop showing the direction of current in the loop and the direction of the magnetic field lines.[cite: 11],2022,1
12,b,Physics,B,1,State the rule which can be applied to know the direction of magnetic field lines in the above case.[cite: 11],2022,1
13,a (i),Physics,B,1,Why does the galvanometer show deflection only when the key (K) is plugged in and not when a steady current starts flowing in the circuit ?[cite: 11],2022,1
13,a (ii),Physics,B,1,"What is observed in the galvanometer, when the key is plugged out?[cite: 11]",2022,1
13,a (iii),Physics,B,1,State the conclusion based on the observation of this activity.[cite: 11],2022,1
13,OR (b) (i),Physics,B,0.75,State the directions in which the arms AB and CD will experience a force.[cite: 11],2022,1
13,OR (b) (ii),Physics,B,0.75,Identify the part of the electric motor that reverses the flow of current in the coil ABCD and write its name.[cite: 11],2022,1
13,OR (b) (iii),Physics,B,0.75,"After the reversal of flow of current in the coil ABCD, state the directions in which the arms AB and CD will experience a force.[cite: 11]",2022,1
13,OR (b) (iv),Physics,B,0.75,Name the rule which is applied to determine the direction of force on a current carrying conductor placed in a magnetic field.[cite: 11],2022,1
14,a,Physics,C,1,Find the equivalent resistance of arm C.[cite: 11],2022,1
14,b,Physics,C,1,Calculate the equivalent resistance of the parallel combination of the arms B and C.[cite: 11],2022,1
14,c (i),Physics,C,2,Determine the current that flows through the ammeter.[cite: 11],2022,1
14,OR (c) (ii),Physics,C,2,Determine the current that flows in the ammeter when the arm B is withdrawn from the circuit.[cite: 11],2022,1
15,a,Biology,C,1,State the name of the organism in which binary fission takes place in a definite orientation. Also name the disease caused by this organism.[cite: 11],2022,1
15,b,Biology,C,1,Leaves of 'Bryophyllum' when they fall on the soil develop into new plants whereas a banana leaf will not be able to do so. Why?[cite: 11],2022,1
15,c (i),Biology,C,2,Explain the process of budding in Hydra.[cite: 11],2022,1
15,OR (c) (ii) (I),Biology,C,1,What happens when (I) a spirogyra filament matures and attains a considerable length[cite: 11],2022,1
15,OR (c) (ii) (II),Biology,C,1,What happens when (II) a sporangia in Rhizopus bursts on maturation?[cite: 11],2022,1
1,i,Chemistry,A,0.5,"Write the electronic configuration of element X, given by its symbol as under: 40 20 X.[cite: 12]",2022,2
1,ii,Chemistry,A,0.5,Determine its position in the modern periodic table.[cite: 12],2022,2
1,iii,Chemistry,A,0.5,What is the nature of its oxide ?[cite: 12],2022,2
1,iv,Chemistry,A,0.5,Name one other element of its group.[cite: 12],2022,2
2,i,Chemistry,A,1,Write the name and draw the structure of a saturated hydrocarbon with four carbon atoms.[cite: 12],2022,2
2,ii,Chemistry,A,1,Write the number of single covalent bonds present in this compound.[cite: 12],2022,2
3,a,Biology,A,1,Name the reproductive and non-reproductive parts of bread mould (Rhizopus).[cite: 12],2022,2
3,b,Biology,A,1,List any two advantages of vegetative propagation.[cite: 12],2022,2
4,a (i),Biology,A,0.5,State one drawback of each of the following: (i) Oral contraceptive pills[cite: 12],2022,2
4,a (ii),Biology,A,0.5,State one drawback of each of the following: (ii) Copper-T[cite: 12],2022,2
4,b,Biology,A,1,"Under which category of contraceptive methods, is the use of condom kept? In what way, its use is better as compared to other methods of contraception?[cite: 12]",2022,2
5,a,Physics,A,1,"Name the poles P, Q, R and S of the magnets in the following figures 'a' and 'b': Figure 'a' [P and Q], Figure 'b' [R and S][cite: 12]",2022,2
5,b,Physics,A,1,State the inference drawn about the direction of the magnetic field lines on the basis of these diagrams.[cite: 12],2022,2
5,OR (i),Physics,A,1,When is the force experienced by a current carrying straight conductor placed in a uniform magnetic field: (i) Maximum;[cite: 12],2022,2
5,OR (ii),Physics,A,1,When is the force experienced by a current carrying straight conductor placed in a uniform magnetic field: (ii) Minimum ?[cite: 12],2022,2
6,—,Biology,A,2,"In the following food chain, only 2J of energy was available to the peacocks. How much energy would have been present in Grass? Justify your answer. GRASS -> GRASS HOPPER -> FROG -> SNAKE -> PEACOCK[cite: 12]",2022,2
6,OR (a),Biology,A,1,What is meant by garbage? List two classes into which garbage is classified.[cite: 12],2022,2
6,OR (b),Biology,A,1,"What do we actually mean when we say that the ""enzymes are specific in their action""?[cite: 12]",2022,2
7,—,Biology,A,2,Name the reproductive parts of an angiosperm. Where are these parts located? Explain the structure of its male reproductive part.[cite: 12],2022,2
7,OR,Biology,A,2,What is puberty? Mention any two changes that are common to both boys and girls in early teenage years.[cite: 12],2022,2
8,a,Chemistry,B,1,Consider the following organic compounds : (i) H3C-CH2-CHO (ii) H3C-CHO (a) Name the functional group present in their compounds.[cite: 12],2022,2
8,b,Chemistry,B,1,Consider the following organic compounds : (i) H3C-CH2-CHO (ii) H3C-CHO (b) Write the general formula for the compounds of this functional group.[cite: 12],2022,2
8,c,Chemistry,B,1,Consider the following organic compounds : (i) H3C-CH2-CHO (ii) H3C-CHO (c) State the relationship between these compounds and draw the structure of any other compound having similar functional group.[cite: 12],2022,2
8,OR (a),Chemistry,B,1,Draw the electron dot structure for ethyne.[cite: 12],2022,2
8,OR (b),Chemistry,B,2,List two differences between the properties exhibited by covalent compounds and ionic compounds.[cite: 12],2022,2
9,a,Chemistry,B,1,State Newland Law of Octaves.[cite: 12],2022,2
9,b,Chemistry,B,1,"With an example, explain Dobereiner's Triads.[cite: 12]",2022,2
9,c,Chemistry,B,1,List one limitation each of both the attempts mentioned in 'a' & 'b'.[cite: 12],2022,2
10,a,Physics,B,1,What is the heating effect of electric current ?[cite: 12],2022,2
10,b,Physics,B,1,Write an expression for the amount of heat produced in a resistor when an electric current is passed through it stating the meanings of the symbols used.[cite: 12],2022,2
10,c,Physics,B,1,Name two appliances based on heating effect of electric current.[cite: 12],2022,2
11,—,Biology,B,3,What are Chromosomes? Explain how stability of the DNA of the species is ensured in sexually reproducing organisms.[cite: 12],2022,2
12,a,Biology,B,1,Why is ozone layer getting depleted at the higher levels of the atmosphere? Mention one harmful effect caused by its depletion.[cite: 12],2022,2
12,b,Biology,B,2,"We do not clean ponds or lakes, but an aquarium needs to be cleaned regularly. Why?[cite: 12]",2022,2
13,a,Physics,B,2,"The resistance of a wire of 0.01 cm radius is 10 Ω. If the resistivity of the wire is 50x10^-8 Ω m, find the length of this wire.[cite: 12]",2022,2
13,b,Physics,B,1,List the factors on which the resistance of a uniform cylindrical conductor of a given material depends.[cite: 12],2022,2
13,OR (a),Physics,B,1.5,What is the meaning of electric power of an electrical device ? Write its SI unit.[cite: 12],2022,2
13,OR (b),Physics,B,1.5,An electric kettle of 2kW is used for 2h. Calculate the energy consumed in (i) kilowatt hour and (ii) joules.[cite: 12],2022,2
14,a,Physics,C,1,"A student was asked to perform an experiment to study the force on a current carrying conductor in a magnetic field. He took a small aluminum rod AB, a strong horse shoe magnet, some connecting wires, a battery and a switch and connected them as shown. On the basis of your understanding of this phenomenon, answer the following questions: (a) State the condition under which the displacement of the rod is largest for the same magnitude of current flowing through it.[cite: 12]",2022,2
14,b,Physics,C,1,"A student was asked to perform an experiment to study the force on a current carrying conductor in a magnetic field. He took a small aluminum rod AB, a strong horse shoe magnet, some connecting wires, a battery and a switch and connected them as shown. On the basis of your understanding of this phenomenon, answer the following questions: (b) State the rule that determines the direction of the force on the conductor AB.[cite: 12]",2022,2
14,c (i),Physics,C,1,"If the U shaped magnet is held vertically and the aluminum rod is suspended horizontally with its end B towards due north, then on passing current through the rod from B to A as shown, in which direction will the rod be displaced?[cite: 12]",2022,2
14,c (ii),Physics,C,1,Name any two devices that use current carrying conductors and magnetic field.[cite: 12],2022,2
14,OR (c),Physics,C,2,Draw the pattern of magnetic field lines produced around a current carrying straight conductor held vertically on a horizontal cardboard. Indicate the direction of the field lines as well as the direction of current flowing through the conductor.[cite: 12],2022,2
15,a,Biology,C,1,Mendel blended his knowledge of Science and mathematics to keep the count of the individuals exhibiting a particular trait in each generation. He observed a number of contrasting visible characters controlled in pea plants in a field. He conducted many experiments to arrive at the laws of inheritance. (a) What do the F1 progeny of tall plants with round seeds and short plants with wrinkled seeds look like?[cite: 12],2022,2
15,b,Biology,C,1,Mendel blended his knowledge of Science and mathematics to keep the count of the individuals exhibiting a particular trait in each generation. He observed a number of contrasting visible characters controlled in pea plants in a field. He conducted many experiments to arrive at the laws of inheritance. (b) What are recessive traits?[cite: 12],2022,2
15,c,Biology,C,2,"Mendel blended his knowledge of Science and mathematics to keep the count of the individuals exhibiting a particular trait in each generation. He observed a number of contrasting visible characters controlled in pea plants in a field. He conducted many experiments to arrive at the laws of inheritance. (c) Mention the type of the new combinations of plants obtained in F2 progeny along with their ratio, if F1 progeny was allowed to self pollinate.[cite: 12]",2022,2
15,OR (c) (i),Biology,C,1,"If 1600 plants were obtained in F2 progeny, write the number of plants having traits: (i) Tall with round seeds[cite: 12]",2022,2
15,OR (c) (ii),Biology,C,1,"If 1600 plants were obtained in F2 progeny, write the number of plants having traits: (ii) Short with wrinkled seeds. Write the conclusion of the above experiment.[cite: 12]",2022,2
1,a,Chemistry,A,1,"Two elements, A and B belong to the 3rd period of Modern Periodic Table. Element A belongs to Group 1 whereas Element B belongs to Group 16. Compare the following characteristics of A and B, giving justification for each: (a) Atomic size",2022,3
1,b,Chemistry,A,1,"Two elements, A and B belong to the 3rd period of Modern Periodic Table. Element A belongs to Group 1 whereas Element B belongs to Group 16. Compare the following characteristics of A and B, giving justification for each: (b) Metallic character",2022,3
2,a,Chemistry,A,1,The atomic number of a non-metal 'X' is 8. (a) Write the period number and the group number of 'X'.,2022,3
2,b,Chemistry,A,1,The atomic number of a non-metal 'X' is 8. (b) Draw the electron dot structure of its molecule.,2022,3
3,—,Biology,A,2,Which one of the two multicellular organisms - Spirogyra and Planaria reproduces by regeneration and why? Give an example of any other organism which can also reproduce by the same process.,2022,3
4,a,Biology,A,1,(a) What happens when in a human female the egg released by the ovary is not fertilised ?,2022,3
4,b,Biology,A,1,(b) Name one bacterial and one viral infection caused due to unsafe sex.,2022,3
5,a (i),Physics,A,1,(a) (i) Name and state the rule to determine the direction of force experienced by a current carrying straight conductor placed in a uniform magnetic field which is perpendicular to it.,2022,3
5,a (ii),Physics,A,1,(a) (ii) An alpha particle while passing through a magnetic field gets projected towards north. In which direction will an electron project when it passes through the same magnetic field?,2022,3
5,OR (b) (i),Physics,A,1,(b) (i) What is a solenoid ?,2022,3
5,OR (b) (ii),Physics,A,1,(b) (ii) Draw the pattern of magnetic field lines of the magnetic field produced by a solenoid through which a steady current flows.,2022,3
6,a,Biology,A,2,(a) What is ozone? How is it formed in the upper layers of the Earth's atmosphere? How does ozone affect our ecosystem?,2022,3
6,OR (b) (i),Biology,A,1,(b) (i) List two human-made ecosystems.,2022,3
6,OR (b) (ii),Biology,A,1,"(b) (ii) ""We do not clean a pond in the same manner as we do in an aquarium."" Give reason to justify this statement.",2022,3
7,a,Biology,A,2,(a) What is variation? List two main reasons that may lead to variation in a population.,2022,3
7,OR (b) (i),Biology,A,0.67,"(b) (i) In a cross between violet flowered plants and white flowered plants, state the characteristics of the plants obtained in the F1 progeny.",2022,3
7,OR (b) (ii),Biology,A,0.67,"(b) (ii) If the plants of F1 progeny are self-pollinated, then what would be observed in the plants of F2 progeny?",2022,3
7,OR (b) (iii),Biology,A,0.66,"(b) (iii) If 100 plants are produced in F2 progeny, then how many plants will show the recessive trait ?",2022,3
8,a,Chemistry,B,3,(a) Draw two different possible structures of a saturated hydrocarbon having four carbon atoms in its molecule. What are these two structures of the hydrocarbon having same molecular formula called? Write the molecular formula and the common name of this compound. Also write the molecular formula of its alkyne.,2022,3
8,OR (b) (i),Chemistry,B,1,(b) (i) Write the molecular formula of benzene and draw its structure.,2022,3
8,OR (b) (ii),Chemistry,B,1,(b) (ii) Write the number of single and double covalent bonds present in a molecule of benzene.,2022,3
8,OR (b) (iii),Chemistry,B,1,(b) (iii) Which compounds are called alkynes?,2022,3
9,a,Chemistry,B,1.5,(a) List two advantages of adopting the atomic number of an element as the basis of classification of elements in the Modern Periodic Table.,2022,3
9,b,Chemistry,B,1.5,(b) Write the electronic configurations of the elements X (atomic number 13) and Y (atomic number 20).,2022,3
10,a,Physics,B,1,"For a heater, rated 4 kW and 220 V, calculate the following: (a) The current",2022,3
10,b,Physics,B,1,"For a heater, rated 4 kW and 220 V, calculate the following: (b) Energy consumed in 2 hours",2022,3
10,c,Physics,B,1,"For a heater, rated 4 kW and 220 V, calculate the following: (c) If 1 kWh is priced at ₹ 4.50, then the cost of energy consumed",2022,3
11,a,Biology,B,1,"A red-eyed individual is crossed with a white-eyed individual to produce F1 progeny with red eyes. When F1 individuals are intercrossed, F2 progeny is formed with both red as well as white-eyed individuals. (a) How is the dominant trait identified?",2022,3
11,b,Biology,B,0.5,"A red-eyed individual is crossed with a white-eyed individual to produce F1 progeny with red eyes. When F1 individuals are intercrossed, F2 progeny is formed with both red as well as white-eyed individuals. (b) What are recessive traits?",2022,3
11,c,Biology,B,1.5,"A red-eyed individual is crossed with a white-eyed individual to produce F1 progeny with red eyes. When F1 individuals are intercrossed, F2 progeny is formed with both red as well as white-eyed individuals. (c) If 12 individuals are produced in F2 generation, then how many white-eyed individuals would be obtained? Calculate the ratio of red-eyed individuals to white-eyed individuals.",2022,3
12,a,Biology,B,1,(a) Name the group of organisms which form in the first trophic level of all food chains. Why are they called so?,2022,3
12,b,Biology,B,1,(b) Why are the human beings most adversely affected by bio-magnification?,2022,3
12,c,Biology,B,1,(c) State one ill-effect of the absence of decomposers from a natural ecosystem.,2022,3
13,a (i),Physics,B,1,(a) (i) Define Electric Power and write its SI unit.,2022,3
13,a (ii),Physics,B,2,(a) (ii) Two bulbs rated 100 W; 220 V and 60 W; 220 V are connected in parallel to an electric mains of 220 V. Find the current drawn by the bulbs from the mains.,2022,3
13,OR (b) (i),Physics,B,1.5,(b) (i) State Joule's law of heating. Express it mathematically when an appliance of resistance R is connected to a source of voltage V and the current I flows through the appliance for a time t.,2022,3
13,OR (b) (ii),Physics,B,1.5,(b) (ii) A 5 Ω resistor is connected across a battery of 6 volts. Calculate the energy that dissipates as heat in 10 s.,2022,3
14,a,Physics,C,1,"A student fixes a sheet of white paper on a drawing board using some adhesive materials. She places a bar magnet in the centre of it and sprinkles some iron filings uniformly around the bar magnet using a salt-sprinkler. On tapping the board gently, she observes that the iron filings have arranged themselves in a particular pattern. (a) Draw a diagram to show this pattern of iron filings.",2022,3
14,b,Physics,C,1,"A student fixes a sheet of white paper on a drawing board using some adhesive materials. She places a bar magnet in the centre of it and sprinkles some iron filings uniformly around the bar magnet using a salt-sprinkler. On tapping the board gently, she observes that the iron filings have arranged themselves in a particular pattern. (b) What makes iron filings arrange in a definite pattern?",2022,3
14,c (i),Physics,C,2,"A student fixes a sheet of white paper on a drawing board using some adhesive materials. She places a bar magnet in the centre of it and sprinkles some iron filings uniformly around the bar magnet using a salt-sprinkler. On tapping the board gently, she observes that the iron filings have arranged themselves in a particular pattern. (c) (i) How is the direction of magnetic field at a point determined using the field lines? Why do two magnetic field lines not cross each other?",2022,3
14,OR (c) (ii),Physics,C,2,"A student fixes a sheet of white paper on a drawing board using some adhesive materials. She places a bar magnet in the centre of it and sprinkles some iron filings uniformly around the bar magnet using a salt-sprinkler. On tapping the board gently, she observes that the iron filings have arranged themselves in a particular pattern. (c) (ii) How are the magnetic field lines of a bar magnet drawn using a small compass needle ? Draw one magnetic field line each on both sides of the magnet.",2022,3
15,a,Biology,C,1,"The mechanism by which the sex of an individual is determined is called sex-determination. In human beings, sex of a newborn is genetically determined, whereas in some others it is not. There are 46 (23 pairs) chromosomes in human beings. Out of these, 44 (22 pairs) control the body characters and 2 (one pair) are known as sex chromosomes. The sex chromosomes are of two types - X chromosome and Y chromosome. At the time of fertilisation, depending upon which type of male gamete fuses with the female gamete, the sex of the newborn child is decided. (a) What is the statistical probability of getting either a male or female child ? Justify your answer.",2022,3
15,b,Biology,C,1,"The mechanism by which the sex of an individual is determined is called sex-determination. In human beings, sex of a newborn is genetically determined, whereas in some others it is not. There are 46 (23 pairs) chromosomes in human beings. Out of these, 44 (22 pairs) control the body characters and 2 (one pair) are known as sex chromosomes. The sex chromosomes are of two types - X chromosome and Y chromosome. At the time of fertilisation, depending upon which type of male gamete fuses with the female gamete, the sex of the newborn child is decided. (b) Out of male or female, which of them has a perfect pair of sex chromosomes? In case of a perfect pair, will the gametes produced be of the same kind or of a different kind?",2022,3
15,c (i),Biology,C,2,"The mechanism by which the sex of an individual is determined is called sex-determination. In human beings, sex of a newborn is genetically determined, whereas in some others it is not. There are 46 (23 pairs) chromosomes in human beings. Out of these, 44 (22 pairs) control the body characters and 2 (one pair) are known as sex chromosomes. The sex chromosomes are of two types - X chromosome and Y chromosome. At the time of fertilisation, depending upon which type of male gamete fuses with the female gamete, the sex of the newborn child is decided. (c) (i) Name two animals whose sex is not genetically determined. Explain the process of their sex determination.",2022,3
15,OR (c) (ii),Biology,C,2,"The mechanism by which the sex of an individual is determined is called sex-determination. In human beings, sex of a newborn is genetically determined, whereas in some others it is not. There are 46 (23 pairs) chromosomes in human beings. Out of these, 44 (22 pairs) control the body characters and 2 (one pair) are known as sex chromosomes. The sex chromosomes are of two types - X chromosome and Y chromosome. At the time of fertilisation, depending upon which type of male gamete fuses with the female gamete, the sex of the newborn child is decided. (c) (ii) With the help of a flowchart only, show how sex is genetically determined in human beings.",2022,3
1,—,Chemistry,A,1,Covalent compounds have low melting and boiling point. Why?,2020,1
2,—,Chemistry,A,1,How many metals are present in second period of periodic table?,2020,1
3,a,Physics,A,1,"Geothermal energy is the energy produced by the heat of molten rocks formed in the deeper hot regions of the earth's crust. This energy is harnessed to generate electricity. When water is made to flow deep underground in the rocks it returns as steam (or hot water, which is later converted to steam) to drive a turbine on an electric power generator. In India, exploration and study of geothermal fields started in 1970. The Geological Survey in India has identified 350 geothermal energy locations in the country. The most promising of these is in Puga valley of Ladakh. The estimated potential for geothermal energy in India is about 10000 MW. There are seven geothermal provinces in India namely the Himalayas, Sohna, West coast, Cambay, Son-Narmada-Tapi; Godavari and Mahanadi. Most power stations in India produce Alternating Current (A.C). (a) What are geothermal energy hot-spots ?",2020,1
3,b,Physics,A,1,"Geothermal energy is the energy produced by the heat of molten rocks formed in the deeper hot regions of the earth's crust. This energy is harnessed to generate electricity. When water is made to flow deep underground in the rocks it returns as steam (or hot water, which is later converted to steam) to drive a turbine on an electric power generator. In India, exploration and study of geothermal fields started in 1970. The Geological Survey in India has identified 350 geothermal energy locations in the country. The most promising of these is in Puga valley of Ladakh. The estimated potential for geothermal energy in India is about 10000 MW. There are seven geothermal provinces in India namely the Himalayas, Sohna, West coast, Cambay, Son-Narmada-Tapi; Godavari and Mahanadi. Most power stations in India produce Alternating Current (A.C). (b) Name two countries, other than India, where power plants based on geothermal energy are operational.",2020,1
3,c,Physics,A,1,"Geothermal energy is the energy produced by the heat of molten rocks formed in the deeper hot regions of the earth's crust. This energy is harnessed to generate electricity. When water is made to flow deep underground in the rocks it returns as steam (or hot water, which is later converted to steam) to drive a turbine on an electric power generator. In India, exploration and study of geothermal fields started in 1970. The Geological Survey in India has identified 350 geothermal energy locations in the country. The most promising of these is in Puga valley of Ladakh. The estimated potential for geothermal energy in India is about 10000 MW. There are seven geothermal provinces in India namely the Himalayas, Sohna, West coast, Cambay, Son-Narmada-Tapi; Godavari and Mahanadi. Most power stations in India produce Alternating Current (A.C). (c) Name the phenomenon that explains the working of an electric generator.",2020,1
3,d,Physics,A,1,"Geothermal energy is the energy produced by the heat of molten rocks formed in the deeper hot regions of the earth's crust. This energy is harnessed to generate electricity. When water is made to flow deep underground in the rocks it returns as steam (or hot water, which is later converted to steam) to drive a turbine on an electric power generator. In India, exploration and study of geothermal fields started in 1970. The Geological Survey in India has identified 350 geothermal energy locations in the country. The most promising of these is in Puga valley of Ladakh. The estimated potential for geothermal energy in India is about 10000 MW. There are seven geothermal provinces in India namely the Himalayas, Sohna, West coast, Cambay, Son-Narmada-Tapi; Godavari and Mahanadi. Most power stations in India produce Alternating Current (A.C). (d) State an important advantage of using AC over DC.",2020,1
4,a,Biology,A,1,"Thyroid gland is a bilobed structure situated in our neck region. It secretes a hormone called thyroxine. Iodine is necessary for the thyroid gland to make thyroxine. Thyroxine regulates carbohydrate, protein and fat metabolism in the body. It promotes growth of body tissues also. When there is an excess of thyroxine in the body, a person suffers from hyperthyroidism and if this gland is underactive it results in hypothyroidism. Hyperthyroidism is diagnosed by blood tests that measure the levels of thyroxine and Thyroid Stimulating Hormone (TSH). Hypothyroidism is caused due to the deficiency of iodine in our diet resulting in a disease called goitre. Iodised salt can be included in our diet to control it. (a) Where is thyroid gland situated in our body?",2020,1
4,b,Biology,A,1,"Thyroid gland is a bilobed structure situated in our neck region. It secretes a hormone called thyroxine. Iodine is necessary for the thyroid gland to make thyroxine. Thyroxine regulates carbohydrate, protein and fat metabolism in the body. It promotes growth of body tissues also. When there is an excess of thyroxine in the body, a person suffers from hyperthyroidism and if this gland is underactive it results in hypothyroidism. Hyperthyroidism is diagnosed by blood tests that measure the levels of thyroxine and Thyroid Stimulating Hormone (TSH). Hypothyroidism is caused due to the deficiency of iodine in our diet resulting in a disease called goitre. Iodised salt can be included in our diet to control it. (b) State the function of thyroxine in human body.",2020,1
4,c,Biology,A,1,"Thyroid gland is a bilobed structure situated in our neck region. It secretes a hormone called thyroxine. Iodine is necessary for the thyroid gland to make thyroxine. Thyroxine regulates carbohydrate, protein and fat metabolism in the body. It promotes growth of body tissues also. When there is an excess of thyroxine in the body, a person suffers from hyperthyroidism and if this gland is underactive it results in hypothyroidism. Hyperthyroidism is diagnosed by blood tests that measure the levels of thyroxine and Thyroid Stimulating Hormone (TSH). Hypothyroidism is caused due to the deficiency of iodine in our diet resulting in a disease called goitre. Iodised salt can be included in our diet to control it. (c) What is hyperthyroidism?",2020,1
4,d,Biology,A,1,"Thyroid gland is a bilobed structure situated in our neck region. It secretes a hormone called thyroxine. Iodine is necessary for the thyroid gland to make thyroxine. Thyroxine regulates carbohydrate, protein and fat metabolism in the body. It promotes growth of body tissues also. When there is an excess of thyroxine in the body, a person suffers from hyperthyroidism and if this gland is underactive it results in hypothyroidism. Hyperthyroidism is diagnosed by blood tests that measure the levels of thyroxine and Thyroid Stimulating Hormone (TSH). Hypothyroidism is caused due to the deficiency of iodine in our diet resulting in a disease called goitre. Iodised salt can be included in our diet to control it. (d) How can we control hypothyroidism?",2020,1
5,—,Physics,A,1,"Consider the following reasons for the reddish appearance of the sun at the sunrise or the sunset: A. Light from the sun near the horizon passes through thinner layers of air. B. Light from the sun covers larger distance of the earth's atmosphere before reaching our eyes. C. Near the horizon, most of the blue light and shorter wavelengths are scattered away by the particles. D. Light from the sun near the horizon passes through thicker layers of air. The correct reasons are (a) A and C only (b) B, C and D (c) A and B only (d) C and D only",2020,1
5,OR,Physics,A,1,Person suffering from cataract has (a) elongated eyeball (b) excessive curvature of eye lens (c) weakened ciliary muscles (d) opaque eye lens,2020,1
6,—,Physics,A,1,The maximum resistance which can be made using four resistors each of 2 Ω is (a) 2 Ω (b) 4 Ω (c) 8 Ω (d) 16 Ω,2020,1
7,—,Physics,A,1,"A student plots V-I graphs for three samples of nichrome wire with resistances R1, R2 and R3. Choose from the following the statement that holds true for this graph. [Graph showing I on vertical axis vs V on horizontal axis with slopes R3 > R1 > R2] (a) R1 = R2 = R3 (b) R1 > R2 > R3 (c) R3 > R2 > R1 (d) R2 > R1 > R3",2020,1
8,—,Biology,A,1,Which of the following are water intensive crops? (a) Wheat and rice (b) Wheat and sugarcane (c) Sugarcane and rice (d) Wheat and gram,2020,1
8,OR,Chemistry,A,1,The most poisonous product formed by incomplete combustion of fossil fuels is (a) Carbon dioxide (b) Nitrogen dioxide (c) Carbon monoxide (d) Sulphur dioxide,2020,1
9,—,Biology,A,1,Bandharas and Tals are age old water harvesting concepts / structures found in (a) Bihar (b) Maharashtra (c) Tamil Nadu (d) Rajasthan,2020,1
10,—,Chemistry,A,1,"Identify 'x', 'y' and 'z' in the following reaction: 2 KClO3(x) --(y)--> 2 KCl(x) + O2(z) (a) x = gas; y = reaction condition; z = gas (b) x = solid; y = liquid; z = gas (c) x = number of moles of KClO3; y = reaction condition; z = no. of molecules of oxygen. (d) x = physical state of KClO3 and KCl; y = reaction condition; z = physical state of O2.",2020,1
11,—,Chemistry,A,1,"A visually challenged student, has to perform a lab test to detect the presence of acid in a given solution. The acid-base indicator preferred by him will be : (a) Blue litmus (b) Clove oil (c) Red cabbage extract (d) Hibiscus extract",2020,1
12,—,Chemistry,A,1,"On the basis of electronic configuration of the element 9 5 X, the group number and period of the element 'X' is: (a) Group 15 period 2 (b) Group 13 period 2 (c) Group 9 period 5 (d) Group 13 period 5",2020,1
12,OR,Chemistry,A,1,An element 'X' with atomic number 11 forms a compound with element 'Y' with atomic number 8. The formula of the compound formed is (a) XY (b) X2Y (c) XY2 (d) X2Y3,2020,1
13,—,Chemistry,A,1,Assertion (A): Ethanoic acid is also known as glacial acetic acid. Reason (R): The melting point of pure ethanoic acid is 290 K and hence it often freezes during winters in cold climates. (a) Both (A) and (R) are true and (R) is correct explanation of the assertion. (b) Both (A) and (R) are true but (R) is not the correct explanation of the assertion. (c) (A) is true but (R) is false. (d) (A) is false but (R) is true.,2020,1
14,—,Physics,A,1,Assertion (A): The metals and alloys are good conductors of electricity. Reason (R): Bronze is an alloy of copper and tin and it is not a good conductor of electricity. (a) Both (A) and (R) are true and (R) is correct explanation of the assertion. (b) Both (A) and (R) are true but (R) is not the correct explanation of the assertion. (c) (A) is true but (R) is false. (d) (A) is false but (R) is true.,2020,1
15,i,Chemistry,B,1,"A compound 'A' is used in the manufacture of cement. When dissolved in water, it evolves a large amount of heat and forms compound 'B'. (i) Identify A and B.",2020,1
15,ii,Chemistry,B,1,"A compound 'A' is used in the manufacture of cement. When dissolved in water, it evolves a large amount of heat and forms compound 'B'. (ii) Write chemical equation for the reaction of A with water.",2020,1
15,iii,Chemistry,B,1,"A compound 'A' is used in the manufacture of cement. When dissolved in water, it evolves a large amount of heat and forms compound 'B'. (iii) List two types of reaction in which this reaction may be classified.",2020,1
16,i,Chemistry,B,1,Give reasons for the following: (i) Only one half of water molecule is shown in the formula of Plaster of Paris.,2020,1
16,ii,Chemistry,B,1,Give reasons for the following: (ii) Sodium hydrogen carbonate is used as an antacid.,2020,1
16,iii,Chemistry,B,1,"Give reasons for the following: (iii) On strong heating, blue coloured copper sulphate crystals turn white.",2020,1
16,OR (i),Chemistry,B,1,(i) Draw a labelled diagram to show the preparation of hydrogen chloride gas in laboratory.,2020,1
16,OR (ii),Chemistry,B,1,"(ii) Test the gas evolved first with dry and then with wet litmus paper. In which of the two cases, does the litmus paper show change in colour?",2020,1
16,OR (iii),Chemistry,B,1,(iii) State the reason of exhibiting acidic character by dry HCl gas / HCl solution.,2020,1
17,a,Chemistry,B,0.5,"From the elements 39 19 A, 28 14 B, 16 8 C and 40 18 D identify : (a) the most electro positive element.",2020,1
17,b,Chemistry,B,0.5,"From the elements 39 19 A, 28 14 B, 16 8 C and 40 18 D identify : (b) a noble gas.",2020,1
17,c,Chemistry,B,0.5,"From the elements 39 19 A, 28 14 B, 16 8 C and 40 18 D identify : (c) a metalloid.",2020,1
17,d,Chemistry,B,0.5,"From the elements 39 19 A, 28 14 B, 16 8 C and 40 18 D identify : (d) an element which will gain 2 electrons to attain nearest noble gas configuration.",2020,1
17,e,Chemistry,B,0.5,"From the elements 39 19 A, 28 14 B, 16 8 C and 40 18 D identify : (e) formula of compound formed between A and C.",2020,1
17,f,Chemistry,B,0.5,"From the elements 39 19 A, 28 14 B, 16 8 C and 40 18 D identify : (f) elements belonging to same period.",2020,1
18,a,Biology,B,1,(a) Construct a terrestrial food chain comprising four trophic levels.,2020,1
18,b,Biology,B,1,(b) What will happen if we kill all the organisms in one trophic level?,2020,1
18,c,Biology,B,1,(c) Calculate the amount of energy available to the organisms at the fourth trophic level if the energy available to the organisms at the second trophic level is 2000 J.,2020,1
18,OR (a),Biology,B,1.5,"(a) Complete the following table: [Oxygen: Formula (i), Benefits to biotic component (iii); Ozone: Formula (ii), Benefits to biotic component (iv)]",2020,1
18,OR (b),Biology,B,1.5,(b) How is ozone formed at the higher levels of atmosphere?,2020,1
19,—,Biology,B,3,"Complete the following flow chart as per the given instructions: Gastric Glands Present in the wall of Stomach -> Secretions -> a, b, c -> Function -> d, e, f",2020,1
20,i,Biology,B,1.5,Explain giving an example how the following provide evidences in favour of evolution in organisms. (i) Homologous organs,2020,1
20,ii,Biology,B,1.5,Explain giving an example how the following provide evidences in favour of evolution in organisms. (ii) Fossils,2020,1
21,—,Biology,B,3,What are chromosomes? Explain how in sexually reproducing organisms the number of chromosomes in the progeny is maintained.,2020,1
22,i,Physics,B,1,"What happens after refraction, when (i) a ray of light parallel to the principal axis passes through a concave lens?",2020,1
22,ii,Physics,B,1,"What happens after refraction, when (ii) a ray of light falls on a convex lens while passing through its principal focus ?",2020,1
22,iii,Physics,B,1,"What happens after refraction, when (iii) a ray of light passes through the optical centre of a convex lens ?",2020,1
23,i,Physics,B,1.5,"Two coils of insulated copper wire are wound over a non-conducting cylinder as shown. Coil 1 has comparative large number of turns. State your observations, when (i) Key K is closed. Give reason for your observation.",2020,1
23,ii,Physics,B,1.5,"Two coils of insulated copper wire are wound over a non-conducting cylinder as shown. Coil 1 has comparative large number of turns. State your observations, when (ii) Key K is opened. Give reason for your observation.",2020,1
24,a,Physics,B,1,(a) List two causes of hypermetropia.,2020,1
24,b,Physics,B,2,(b) Draw ray diagrams showing (i) a hypermetropic eye and (ii) its correction using suitable optical device.,2020,1
24,OR (a),Physics,B,1,(a) State the relation between colour of scattered light and size of the scattering particle.,2020,1
24,OR (b),Physics,B,1,"(b) The apparent position of an object, when seen through the hot air, fluctuates or wavers. State the basic cause of this observation.",2020,1
24,OR (c),Physics,B,1,(c) Complete the path of white light when it passes through two identical prisms placed as shown: [Prism 1 inverted relative to Prism 2],2020,1
25,a,Chemistry,C,3,(a) How is the method of extraction of metals high up in the reactivity series different from that for metals in the middle ? Why cannot the same process be applied for them? Name and explain the process of extraction of sodium.,2020,1
25,b,Chemistry,C,2,(b) Draw a labelled diagram of electrolytic refining of copper.,2020,1
25,OR (i),Chemistry,C,1,What happens when (Write the balanced equation involved) (i) Copper is heated in air?,2020,1
25,OR (ii),Chemistry,C,1,What happens when (Write the balanced equation involved) (ii) Aluminium oxide is reacted with hydrochloric acid ?,2020,1
25,OR (iii),Chemistry,C,1,What happens when (Write the balanced equation involved) (iii) Potassium reacts with water?,2020,1
25,OR (iv),Chemistry,C,1,What happens when (Write the balanced equation involved) (iv) Cinnabar is heated in air?,2020,1
25,OR (v),Chemistry,C,1,What happens when (Write the balanced equation involved) (v) Aluminium oxide reacts with sodium hydroxide ?,2020,1
26,a,Chemistry,C,2,(a) What is a homologous series? Explain with an example.,2020,1
26,b (i),Chemistry,C,1.5,(b) Define the following terms giving one example of each. (i) Esterification,2020,1
26,b (ii),Chemistry,C,1.5,(b) Define the following terms giving one example of each. (ii) Addition reaction,2020,1
27,a,Biology,C,3.5,(a) Describe the structure and function of the basic filtering unit of kidney.,2020,1
27,b,Biology,C,1.5,(b) List two factors on which reabsorption of water from urine depends?,2020,1
28,a,Biology,C,1.5,(a) List three different categories of contraception methods.,2020,1
28,b,Biology,C,1.5,(b) Why has Government of India prohibited prenatal sex determination by law? State its benefits in the long run.,2020,1
28,c,Biology,C,2,(c) Unsafe sexual act can lead to various infections. Name two bacterial and two viral infections caused due to unsafe sex.,2020,1
28,OR (a),Biology,C,1.5,"(a) In the female reproductive system of human beings, state the functions of (i) ovary (ii) oviduct",2020,1
28,OR (b),Biology,C,2,"(b) Mention the changes which the uterus undergoes, when (i) it has to receive a zygote. (ii) no fertilization takes place.",2020,1
28,OR (c),Biology,C,1.5,(c) State the function of placenta.,2020,1
29,a,Physics,C,2.5,(a) Find the ratio of resistances of two copper rods X and Y of lengths 30 cm and 10 cm respectively and having radii 2 cm and 1 cm respectively.,2020,1
29,b,Physics,C,2.5,(b) A current of 500 mA flows in a series circuit containing an electric lamp and a conductor of 10 Ω when connected to 6 V battery. Find the resistance of the electric lamp.,2020,1
30,a,Physics,C,2.5,(a) A concave mirror of focal length 10 cm can produce a magnified real as well as virtual image of an object placed in front of it. Draw ray diagrams to justify this statement.,2020,1
30,b,Physics,C,2.5,(b) An object is placed perpendicular to the principal axis of a convex mirror of focal length 10 cm. The distance of the object from the pole of the mirror is 10 cm. Find the position of the image formed.,2020,1
30,OR (a),Physics,C,1.5,(a) Define the following terms: (i) Power of a lens (ii) Principal focus of a concave mirror,2020,1
30,OR (b),Physics,C,1.5,"(b) Write the relationship among the object distance (u), image distance (v) and the focal length (f) of a (i) Spherical lens (ii) Spherical mirror",2020,1
30,OR (c),Physics,C,2,(c) An object is placed at a distance of 10 cm from optical centre of a convex lens of focal length 15 cm. Draw a labelled ray diagram to show the formation of image in this case.,2020,1
1,—,Chemistry,A,1,How are covalent bonds formed?,2020,2
2,—,Chemistry,A,1,Define electropositivity.,2020,2
2,OR,Chemistry,A,1,"The atomic radii of first group elements are given below: Na (86 pm), K (231 pm), Rb (244 pm), Cs (282 pm). State the reason behind the observed trend in the above elements.",2020,2
3,a,Physics,A,1,"The Tehri dam is the highest dam in India and one of the highest in the World. The Tehri dam withholds a reservoir of capacity 4.0 km^3 and surface area 52 km^2. It is used for irrigation, municipal water supply and the generation of 1000 MW of hydro electricity. The Tehri Dam has been the object of protests. Environment activist Shri Sunder Lal Bahuguna led the ""Anti Tehri Dam Movement"" from 1980s to 2014. The protest was against the displacement of town inhabitants and environmental consequences of the weak ecosystem. The relocation of more than 1,00,000 people from the area has led to protracted legal battles over resettlement rights and ultimately resulted in the delayed completion of the project. (a) How is hydropower harnessed?",2020,2
3,b,Physics,A,1,"The Tehri dam is the highest dam in India and one of the highest in the World. The Tehri dam withholds a reservoir of capacity 4.0 km^3 and surface area 52 km^2. It is used for irrigation, municipal water supply and the generation of 1000 MW of hydro electricity. The Tehri Dam has been the object of protests. Environment activist Shri Sunder Lal Bahuguna led the ""Anti Tehri Dam Movement"" from 1980s to 2014. The protest was against the displacement of town inhabitants and environmental consequences of the weak ecosystem. The relocation of more than 1,00,000 people from the area has led to protracted legal battles over resettlement rights and ultimately resulted in the delayed completion of the project. (b) Define 1 MW.",2020,2
3,c,Physics,A,1,"The Tehri dam is the highest dam in India and one of the highest in the World. The Tehri dam withholds a reservoir of capacity 4.0 km^3 and surface area 52 km^2. It is used for irrigation, municipal water supply and the generation of 1000 MW of hydro electricity. The Tehri Dam has been the object of protests. Environment activist Shri Sunder Lal Bahuguna led the ""Anti Tehri Dam Movement"" from 1980s to 2014. The protest was against the displacement of town inhabitants and environmental consequences of the weak ecosystem. The relocation of more than 1,00,000 people from the area has led to protracted legal battles over resettlement rights and ultimately resulted in the delayed completion of the project. (c) Mention two disadvantages of constructing Tehri Dam.",2020,2
3,d,Physics,A,1,"The Tehri dam is the highest dam in India and one of the highest in the World. The Tehri dam withholds a reservoir of capacity 4.0 km^3 and surface area 52 km^2. It is used for irrigation, municipal water supply and the generation of 1000 MW of hydro electricity. The Tehri Dam has been the object of protests. Environment activist Shri Sunder Lal Bahuguna led the ""Anti Tehri Dam Movement"" from 1980s to 2014. The protest was against the displacement of town inhabitants and environmental consequences of the weak ecosystem. The relocation of more than 1,00,000 people from the area has led to protracted legal battles over resettlement rights and ultimately resulted in the delayed completion of the project. (d) What happens when water from great heights is made to fall on blades of turbine?",2020,2
4,a,Biology,A,1,"Questions numbers 4(a) to 4(d) are based on table given below. Study the table in which the levels of Thyroid Stimulating Hormone (TSH) in women are given and answer the questions that follow on the basis of understanding of the following paragraph and the related studied concepts. [Table: 18-29 years: Normal 0.4-2.34 mU/L, Low <0.4 mU/L; 30-49 years: Normal 0.4-4.0 mU/L, Low <0.4 mU/L; 50-79 years: Normal 0.46-4.68 mU/L, Low <0.46 mU/L] Women are at greater risk for developing abnormal TSH levels during menstruation, while giving birth and after going through menopause. Around 5% of women in the United States have some kind of thyroid problem compared to 3% of men. Despite claims that high TSH increases your risk for heart disease, a 2013 study found no link between high TSH and heart diseases. But a 2017 study showed that older women are especially at risk for developing thyroid cancer if they have high TSH levels along with thyroid nodules. (a) A 35 year old woman has TSH level 6.03 mU/L. What change should she bring in her diet to control this level?",2020,2
4,b,Biology,A,1,"Questions numbers 4(a) to 4(d) are based on table given below. Study the table in which the levels of Thyroid Stimulating Hormone (TSH) in women are given and answer the questions that follow on the basis of understanding of the following paragraph and the related studied concepts. [Table: 18-29 years: Normal 0.4-2.34 mU/L, Low <0.4 mU/L; 30-49 years: Normal 0.4-4.0 mU/L, Low <0.4 mU/L; 50-79 years: Normal 0.46-4.68 mU/L, Low <0.46 mU/L] Women are at greater risk for developing abnormal TSH levels during menstruation, while giving birth and after going through menopause. Around 5% of women in the United States have some kind of thyroid problem compared to 3% of men. Despite claims that high TSH increases your risk for heart disease, a 2013 study found no link between high TSH and heart diseases. But a 2017 study showed that older women are especially at risk for developing thyroid cancer if they have high TSH levels along with thyroid nodules. (b) When do women face a greater risk of abnormal TSH level?",2020,2
4,c,Biology,A,1,"Questions numbers 4(a) to 4(d) are based on table given below. Study the table in which the levels of Thyroid Stimulating Hormone (TSH) in women are given and answer the questions that follow on the basis of understanding of the following paragraph and the related studied concepts. [Table: 18-29 years: Normal 0.4-2.34 mU/L, Low <0.4 mU/L; 30-49 years: Normal 0.4-4.0 mU/L, Low <0.4 mU/L; 50-79 years: Normal 0.46-4.68 mU/L, Low <0.46 mU/L] Women are at greater risk for developing abnormal TSH levels during menstruation, while giving birth and after going through menopause. Around 5% of women in the United States have some kind of thyroid problem compared to 3% of men. Despite claims that high TSH increases your risk for heart disease, a 2013 study found no link between high TSH and heart diseases. But a 2017 study showed that older women are especially at risk for developing thyroid cancer if they have high TSH levels along with thyroid nodules. (c) State the consequence of low TSH level.",2020,2
4,d,Biology,A,1,"Questions numbers 4(a) to 4(d) are based on table given below. Study the table in which the levels of Thyroid Stimulating Hormone (TSH) in women are given and answer the questions that follow on the basis of understanding of the following paragraph and the related studied concepts. [Table: 18-29 years: Normal 0.4-2.34 mU/L, Low <0.4 mU/L; 30-49 years: Normal 0.4-4.0 mU/L, Low <0.4 mU/L; 50-79 years: Normal 0.46-4.68 mU/L, Low <0.46 mU/L] Women are at greater risk for developing abnormal TSH levels during menstruation, while giving birth and after going through menopause. Around 5% of women in the United States have some kind of thyroid problem compared to 3% of men. Despite claims that high TSH increases your risk for heart disease, a 2013 study found no link between high TSH and heart diseases. But a 2017 study showed that older women are especially at risk for developing thyroid cancer if they have high TSH levels along with thyroid nodules. (d) Name the mineral that is responsible for synthesis of hormone secreted by thyroid gland.",2020,2
5,—,Physics,A,1,The sky appears dark to passengers flying at very high altitudes mainly because: (a) Scattering of light is not enough at such heights. (b) There is no atmosphere at great heights. (c) The size of molecules is smaller than the wavelength of visible light. (d) The light gets scattered towards the earth.,2020,2
6,—,Physics,A,1,A cylindrical conductor of length 'l' and uniform area of cross section 'A' has resistance 'R'. The area of cross section of another conductor of same material and same resistance but of length '2l' is (a) A/2 (b) 3A/2 (c) 2A (d) 3A,2020,2
7,—,Physics,A,1,The maximum resistance which can be made using four resistors each of resistance 1/2 Ω is (a) 2 Ω (b) 1 Ω (c) 2.5 Ω (d) 8 Ω,2020,2
8,—,Biology,A,1,"A diagram of traditional water harvesting system is given below. The statement which defines the system and its parts is (a) This is an ideal setting of the Khadin system and A = Catchment area; B = Saline area & C = Shallow dugwell (b) This is an ideal setting of the Shallow dugwell system and A = Catchment area; B = Saline area and C = Khadin (c) This is an ideal setting of Catchement area and A = Khadin, B = Saline area and C = Shallow dugwell (d) This is showing Saline area and A = Catchment area; B = Khadin and C = Shallow dugwell",2020,2
8,OR,Biology,A,1,The major ill effect of mono culture practice in forests is on the (a) biodiversity which faces large destruction (b) local people whose basic needs can no longer be met from such forests (c) industries (d) forest department,2020,2
9,—,Chemistry,A,1,Several factories were pouring their wastes in rivers A and B. Water samples were collected from these two rivers. It was observed that sample collected from river A was acidic while that of river B was basic. The factories located near A and B are (a) Soaps and detergents factories near A and alcohol distillery near B. (b) Soaps and detergents factories near B and alcohol distillery near A. (c) Lead storage battery manufacturing factories near A and soaps and detergents factories near B. (d) Lead storage battery manufacturing factories near B and soaps and detergents factories near A.,2020,2
10,—,Chemistry,A,1,"In which of the following, the identity of initial substance remains unchanged? (a) Curdling of milk (b) Formation of crystals by process of crystallisation (c) Fermentation of grapes (d) Digestion of food",2020,2
11,—,Chemistry,A,1,"An aqueous solution 'A' turns phenolphthalein solution pink. On addition of an aqueous solution 'B' to 'A', the pink colour disappears. The following statement is true for solution 'A' and 'B'. (a) A is strongly basic and B is a weak base. (b) A is strongly acidic and B is a weak acid. (c) A has pH less than 7 and B has pH greater than 7. (d) A has pH greater than 7 and B has pH less than 7.",2020,2
12,—,Chemistry,A,1,An element 'X' is forming an acidic oxide. Its position in modern periodic table will be (a) Group 1 and Period 3 (b) Group 2 and Period 3 (c) Group 13 and Period 3 (d) Group 16 and Period 3,2020,2
12,OR,Chemistry,A,1,"Consider the following statements about an element 'X' with number of protons 13. (A) It forms amphoteric oxide (B) Its valency is three (C) The formula of its chloride is XCl3. The correct statement(s) is/are (a) only (A) (b) only (B) (c) (A) and (C) (d) (A), (B) and (C)",2020,2
13,—,Chemistry,A,1,"Assertion (A): Following are the members of a homologous series : CH3OH, CH3CH2OH, CH3CH2CH2OH. Reason (R): A series of compounds with same functional group but differing by -CH2- unit is called a homologous series.",2020,2
14,—,Physics,A,1,Assertion (A): Alloys are commonly used in electrical heating devices like electric iron and heater. Reason (R): Resistivity of an alloy is generally higher than that of its constituent metals but the alloys have low melting points then their constituent metals.,2020,2
15,i,Chemistry,B,1,Mention with reason the colour changes observed when : (i) silver chloride is exposed to sunlight.,2020,2
15,ii,Chemistry,B,1,Mention with reason the colour changes observed when : (ii) copper powder is strongly heated in the presence of oxygen.,2020,2
15,iii,Chemistry,B,1,Mention with reason the colour changes observed when : (iii) a piece of zinc is dropped in copper sulphate solution.,2020,2
16,i,Chemistry,B,1,Complete and balance the following chemical equations: (i) NaOH(aq) + Zn(s) ->,2020,2
16,ii,Chemistry,B,1,Complete and balance the following chemical equations: (ii) CaCO3(s) + H2O(l) + CO2(g) ->,2020,2
16,iii,Chemistry,B,1,Complete and balance the following chemical equations: (iii) HCl(aq) + H2O(l) ->,2020,2
16,OR (i),Chemistry,B,1,"During electrolysis of brine, a gas 'G' is liberated at anode. When this gas 'G' is passed through slaked lime, a compound 'C' is formed, which is used for disinfecting drinking water. (i) Write formula of 'G' and 'C'.",2020,2
16,OR (ii),Chemistry,B,1,"During electrolysis of brine, a gas 'G' is liberated at anode. When this gas 'G' is passed through slaked lime, a compound 'C' is formed, which is used for disinfecting drinking water. (ii) State the chemical equation involved.",2020,2
16,OR (iii),Chemistry,B,1,"During electrolysis of brine, a gas 'G' is liberated at anode. When this gas 'G' is passed through slaked lime, a compound 'C' is formed, which is used for disinfecting drinking water. (iii) What is common name of compound 'C'? Give its chemical name.",2020,2
17,i,Chemistry,B,1,"Study the data of the following three categories A, B and C. [Category A: Li (7), Na (23), K (39); Category B: N (14), P (31), As (74); Category C: B (10.8), Al (27), Ga (69.7)] (i) From the given three categories A, B and C, pick the one which forms Dobereiner's Triads.",2020,2
17,ii,Chemistry,B,1,"Study the data of the following three categories A, B and C. [Category A: Li (7), Na (23), K (39); Category B: N (14), P (31), As (74); Category C: B (10.8), Al (27), Ga (69.7)] (ii) Why did Mendeleev placed elements of category A, B and C in three different groups?",2020,2
17,iii,Chemistry,B,1,"Study the data of the following three categories A, B and C. [Category A: Li (7), Na (23), K (39); Category B: N (14), P (31), As (74); Category C: B (10.8), Al (27), Ga (69.7)] (iii) Is Newland law of octaves applicable to all the three categories ? Give reason to justify your answer.",2020,2
18,a,Biology,B,1,"From the following group of organisms (Hawk, Rat, Cereal plant, Goat, Snake, Human Being): (a) create a food chain which is the most advantageous for Human beings in terms of energy.",2020,2
18,b,Biology,B,1,"From the following group of organisms (Hawk, Rat, Cereal plant, Goat, Snake, Human Being): (b) State the possible disadvantage if the cereal plant is growing in soil rich in pesticides.",2020,2
18,c,Biology,B,1,"From the following group of organisms (Hawk, Rat, Cereal plant, Goat, Snake, Human Being): (c) Construct a food web using the organisms mentioned above.",2020,2
18,OR (a),Biology,B,1.5,(a) Write two harmful effects of using plastic bags on the environment. Suggest alternatives to the usage of plastic bags.,2020,2
18,OR (b),Biology,B,1.5,(b) List any two practices that can be followed to dispose off the waste produced in our homes.,2020,2
19,a (i),Biology,B,1,State the role played by the following in the process of digestion: (i) Enzyme trypsin,2020,2
19,a (ii),Biology,B,1,State the role played by the following in the process of digestion: (ii) Enzyme lipase,2020,2
19,b,Biology,B,1,(b) List two functions of finger like projections present in the small intestine.,2020,2
20,a,Biology,B,2,(a) Classify the following as homologous or analogous pairs: (i) Broccoli and Cabbage (ii) Ginger and Raddish (iii) Fore limbs of birds and lizard (iv) Wings of a bat and Wings of a bird,2020,2
20,b,Biology,B,1,(b) State the main feature that categorises a given pair of organs as homologous or analogous.,2020,2
21,a (i),Biology,B,1,A green stemmed rose plant denoted by GG and a brown stemmed rose plant denoted by gg are allowed to undergo a cross with each other. (a) List your observations regarding (i) Colour of stem in their F1 progeny,2020,2
21,a (ii),Biology,B,1,A green stemmed rose plant denoted by GG and a brown stemmed rose plant denoted by gg are allowed to undergo a cross with each other. (a) List your observations regarding (ii) Percentage of brown stemmed plants in F2 progeny if F1 plants are self pollinated.,2020,2
21,a (iii),Biology,B,0.5,A green stemmed rose plant denoted by GG and a brown stemmed rose plant denoted by gg are allowed to undergo a cross with each other. (a) List your observations regarding (iii) Ratio of GG and Gg in the F2 progeny.,2020,2
21,b,Biology,B,0.5,"A green stemmed rose plant denoted by GG and a brown stemmed rose plant denoted by gg are allowed to undergo a cross with each other. (b) Based on the findings of this cross, what conclusion can be drawn?",2020,2
22,i,Physics,B,1,"The diagram shows an object O and its image I formed by a lens. Without actually drawing the ray diagram, state the following: (i) Type of lens (Converging / Diverging)",2020,2
22,ii,Physics,B,1,"The diagram shows an object O and its image I formed by a lens. Without actually drawing the ray diagram, state the following: (ii) Name two optical instruments where such an image is obtained.",2020,2
22,iii,Physics,B,1,"The diagram shows an object O and its image I formed by a lens. Without actually drawing the ray diagram, state the following: (iii) List three characteristics of the image formed if this lens is replaced by a concave mirror of focal length 'f' and an object is placed at a distance 'f/2' in front of the mirror.",2020,2
23,i,Physics,B,1,Give reasons for the following: (i) There is either a convergence or a divergence of magnetic field lines near the ends of a current carrying straight solenoid.,2020,2
23,ii,Physics,B,1,Give reasons for the following: (ii) The current carrying solenoid when suspended freely rests along a particular direction.,2020,2
23,iii,Physics,B,1,Give reasons for the following: (iii) The burnt out fuse should be replaced by another fuse of identical rating.,2020,2
24,a,Physics,B,1.5,(a) With the help of labelled ray diagram show the path followed by a narrow beam of monochromatic light when it passes through a glass prism.,2020,2
24,b,Physics,B,1.5,(b) What would happen if this beam is replaced by a narrow beam of white light?,2020,2
24,OR (a) (i),Physics,B,1,A person is suffering from both myopia and hypermetropia. (i) What kind of lenses can correct this defect?,2020,2
24,OR (a) (ii),Physics,B,1,A person is suffering from both myopia and hypermetropia. (ii) How are these lenses prepared?,2020,2
24,OR (b),Physics,B,1,(b) A person needs a lens of power +3D for correcting his near vision and -3D for correcting his distant vision. Calculate the focal lengths of the lenses required to correct these defects.,2020,2
25,i,Chemistry,C,1,Write balanced chemical equation to explain what happens when : (i) Mercuric oxide is heated.,2020,2
25,ii,Chemistry,C,1,Write balanced chemical equation to explain what happens when : (ii) mixture of cuprous oxide and cuprous sulphide is heated.,2020,2
25,iii,Chemistry,C,1,Write balanced chemical equation to explain what happens when : (iii) Aluminium is reacted with manganese dioxide.,2020,2
25,iv,Chemistry,C,1,Write balanced chemical equation to explain what happens when : (iv) Ferric oxide is reduced with aluminium.,2020,2
25,v,Chemistry,C,1,Write balanced chemical equation to explain what happens when : (v) Zinc carbonate undergoes calcination.,2020,2
25,OR (i),Chemistry,C,2,"(i) By the transfer of electrons, illustrate the formation of bond in magnesium chloride and identify the ions present in this compound.",2020,2
25,OR (ii),Chemistry,C,1.5,(ii) Ionic compounds are solids. Give reasons.,2020,2
25,OR (iii),Chemistry,C,1.5,(iii) With the help of a labelled diagram show the experimental set up of action of steam on a metal.,2020,2
26,a,Chemistry,C,2,(a) Compare soaps and detergents on the basis of their composition and cleansing action in hard water.,2020,2
26,b,Chemistry,C,1.5,(b) What happens when ethanol is treated with sodium metal? State the behaviour of ethanol in this reaction.,2020,2
26,c,Chemistry,C,1,(c) Draw the structure of cyclohexane.,2020,2
26,d,Chemistry,C,0.5,(d) Name the compound: CH3-CH2-OH.,2020,2
27,a,Biology,C,3,(a) Write the correct sequence of steps followed during journey of oxygen rich blood from lungs to various organs of human body.,2020,2
27,b,Biology,C,2,(b) What happens when the system of blood vessels develop a leak?,2020,2
28,a,Biology,C,2.5,(a) Draw a diagram showing germination of pollen on stigma of a flower and mark on it: (i) Pollen Grain (ii) Pollen tube (iii) Stigma (iv) Female germ cell.,2020,2
28,b,Biology,C,1,(b) State the significance of pollen tube.,2020,2
28,c,Biology,C,1.5,(c) Name the parts of flower that develop after fertilization into (i) Seed (ii) Fruit.,2020,2
28,OR (a),Biology,C,1.5,(a) How do oral contraceptives help in avoiding pregnancies?,2020,2
28,OR (b),Biology,C,1.5,"(b) ""Use of a condom is beneficial for both the sexes involved in a sexual act."" Justify this statement giving two reasons.",2020,2
28,OR (c),Biology,C,2,(c) What is sex selective abortion? How does it affect a healthy society? (State any one consequence),2020,2
29,a,Physics,C,1.5,"(a) For the combination of resistors shown in the figure, find the equivalent resistance between M & N.",2020,2
29,b,Physics,C,1.5,(b) Why is it impracticable to connect an electric bulb and an electric heater in series?,2020,2
29,c,Physics,C,1,(c) State Joule's law of heating.,2020,2
29,d,Physics,C,1,(d) Why do we need a 5 A fuse for an electric iron which consumes 1 kW power at 220 V?,2020,2
30,a,Physics,C,3.5,"(a) A security mirror used in a big showroom has radius of curvature 5 m. If a customer is standing at a distance of 20 m from the cash counter, find the position, nature and size of the image formed in the security mirror.",2020,2
30,b,Physics,C,1.5,(b) Neha visited a dentist in his clinic. She observed that the dentist was holding an instrument fitted with a mirror. State the nature of this mirror and reason for its use in the instrument used by dentist.,2020,2
30,OR (i),Physics,C,1,Rishi went to a palmist to show his palm. The palmist used a special lens for this purpose. (i) State the nature of the lens and reason for its use.,2020,2
30,OR (ii),Physics,C,1.5,Rishi went to a palmist to show his palm. The palmist used a special lens for this purpose. (ii) Where should the palmist place/hold the lens so as to have a real and magnified image of an object?,2020,2
30,OR (iii),Physics,C,2.5,"Rishi went to a palmist to show his palm. The palmist used a special lens for this purpose. (iii) If the focal length of this lens is 10 cm and the lens is held at a distance of 5 cm from the palm, use lens formula to find the position and size of the image.",2020,2
1,—,Chemistry,A,1,Write the number of valence electrons present in a nitrogen atom 14 7 N.,2020,3
2,—,Physics,A,1,Define the term induced electric current.,2020,3
3,a,Chemistry,A,1,"Around the year 1800, only 30 elements were known. Dobereiner in 1817 and Newlands in 1866 tried to arrange the then known elements and framed laws which were rejected by the scientists. Even after the rejection of the proposed laws, many scientists continued to search for a pattern that correlated the properties of elements with their atomic masses. The main credit for classifying elements goes to Mendeleev for his most important contribution to the early development of a Periodic table of elements wherein he arranged the elements on the basis of their fundamental property, the atomic mass and also on the similarity of chemical properties. The formulae of their hydrides and oxides were treated as basic criteria for the classification of the elements. However, Mendeleev's classification also had some limitations as it could not assign the position to isotopes. He also left some gaps in the periodic table. (a) State Mendeleev's Periodic Law.",2020,3
3,b,Chemistry,A,1,"Around the year 1800, only 30 elements were known. Dobereiner in 1817 and Newlands in 1866 tried to arrange the then known elements and framed laws which were rejected by the scientists. Even after the rejection of the proposed laws, many scientists continued to search for a pattern that correlated the properties of elements with their atomic masses. The main credit for classifying elements goes to Mendeleev for his most important contribution to the early development of a Periodic table of elements wherein he arranged the elements on the basis of their fundamental property, the atomic mass and also on the similarity of chemical properties. The formulae of their hydrides and oxides were treated as basic criteria for the classification of the elements. However, Mendeleev's classification also had some limitations as it could not assign the position to isotopes. He also left some gaps in the periodic table. (b) Why did Mendeleev leave some gaps in the Periodic table?",2020,3
3,c,Chemistry,A,1,"Around the year 1800, only 30 elements were known. Dobereiner in 1817 and Newlands in 1866 tried to arrange the then known elements and framed laws which were rejected by the scientists. Even after the rejection of the proposed laws, many scientists continued to search for a pattern that correlated the properties of elements with their atomic masses. The main credit for classifying elements goes to Mendeleev for his most important contribution to the early development of a Periodic table of elements wherein he arranged the elements on the basis of their fundamental property, the atomic mass and also on the similarity of chemical properties. The formulae of their hydrides and oxides were treated as basic criteria for the classification of the elements. However, Mendeleev's classification also had some limitations as it could not assign the position to isotopes. He also left some gaps in the periodic table. (c) If the letter 'R' was used to represent any of the elements in the group, then the hydride and oxide of carbon would respectively be represented as (i) RH4, RO (ii) RH4, RO2 (iii) RH2, RO2 (iv) RH2, RO",2020,3
3,d,Chemistry,A,1,"Around the year 1800, only 30 elements were known. Dobereiner in 1817 and Newlands in 1866 tried to arrange the then known elements and framed laws which were rejected by the scientists. Even after the rejection of the proposed laws, many scientists continued to search for a pattern that correlated the properties of elements with their atomic masses. The main credit for classifying elements goes to Mendeleev for his most important contribution to the early development of a Periodic table of elements wherein he arranged the elements on the basis of their fundamental property, the atomic mass and also on the similarity of chemical properties. The formulae of their hydrides and oxides were treated as basic criteria for the classification of the elements. However, Mendeleev's classification also had some limitations as it could not assign the position to isotopes. He also left some gaps in the periodic table. (d) Isotopes are (i) Atoms of an element with similar chemical properties but different atomic masses. (ii) Atoms of different elements with similar chemical properties but different atomic masses. (iii) Atoms of an element with different chemical properties but same atomic masses. (iv) Atoms of different elements with different chemical properties but same atomic masses.",2020,3
4,a,Biology,A,1,"India today is facing the problem of overuse of resources, contamination of water and soil and lack of methods of processing the waste. The time has come for the world to say goodbye to ""single-use plastics"". Steps must be undertaken to develop environment-friendly substitutes, effective plastic waste collection and methods of its disposal. Indore treated 15 lakh metric tonnes of waste in just 3 years, through biomining and bioremediation techniques. Bioremediation involves introducing microbes into a landfill to naturally 'break' it down and biomining involves using trommel machines to sift through the waste to separate the 'soil' and the waste component. The city managed to chip away 15 lakh metric tonnes of waste at a cost of around 10 crore. A similar experiment was successfully carried out in Ahmedabad also. (a) State two methods of effective plastic waste collection in your school.",2020,3
4,b,Biology,A,1,"India today is facing the problem of overuse of resources, contamination of water and soil and lack of methods of processing the waste. The time has come for the world to say goodbye to ""single-use plastics"". Steps must be undertaken to develop environment-friendly substitutes, effective plastic waste collection and methods of its disposal. Indore treated 15 lakh metric tonnes of waste in just 3 years, through biomining and bioremediation techniques. Bioremediation involves introducing microbes into a landfill to naturally 'break' it down and biomining involves using trommel machines to sift through the waste to separate the 'soil' and the waste component. The city managed to chip away 15 lakh metric tonnes of waste at a cost of around 10 crore. A similar experiment was successfully carried out in Ahmedabad also. (b) Name any two uses of ""single-use plastic"" in daily life.",2020,3
4,c,Biology,A,1,"India today is facing the problem of overuse of resources, contamination of water and soil and lack of methods of processing the waste. The time has come for the world to say goodbye to ""single-use plastics"". Steps must be undertaken to develop environment-friendly substitutes, effective plastic waste collection and methods of its disposal. Indore treated 15 lakh metric tonnes of waste in just 3 years, through biomining and bioremediation techniques. Bioremediation involves introducing microbes into a landfill to naturally 'break' it down and biomining involves using trommel machines to sift through the waste to separate the 'soil' and the waste component. The city managed to chip away 15 lakh metric tonnes of waste at a cost of around 10 crore. A similar experiment was successfully carried out in Ahmedabad also. (c) If we discontinue the use of plastic, how can an environment-friendly substitute be provided?",2020,3
4,d,Biology,A,1,"India today is facing the problem of overuse of resources, contamination of water and soil and lack of methods of processing the waste. The time has come for the world to say goodbye to ""single-use plastics"". Steps must be undertaken to develop environment-friendly substitutes, effective plastic waste collection and methods of its disposal. Indore treated 15 lakh metric tonnes of waste in just 3 years, through biomining and bioremediation techniques. Bioremediation involves introducing microbes into a landfill to naturally 'break' it down and biomining involves using trommel machines to sift through the waste to separate the 'soil' and the waste component. The city managed to chip away 15 lakh metric tonnes of waste at a cost of around 10 crore. A similar experiment was successfully carried out in Ahmedabad also. (d) Do you think microbes will work similarly in landfill sites as they work in the laboratory? Justify your answer.",2020,3
5,—,Biology,A,1,Which one of the following statements is correct about the human circulatory system? (A) Blood transports only oxygen and not carbon dioxide. (B) Human heart has five chambers. (C) Valves ensure that the blood does not flow backwards. (D) Both oxygen-rich and oxygen-deficient blood gets mixed in the heart.,2020,3
6,—,Biology,A,1,"Anaerobic process (A) takes place in yeast during fermentation. (B) takes place in the presence of oxygen. (C) produces ethanol, oxygen and energy. (D) produces only energy in the muscles of human beings.",2020,3
6,OR,Biology,A,1,Most of the digestion and absorption of the food takes place in the (A) small intestine. (B) liver. (C) stomach. (D) large intestine.,2020,3
7,—,Biology,A,1,Fertilisation is the process of (A) transfer of male gamete to female gamete. (B) fusion of nuclei of male and female gamete. (C) adhesion of male and female reproductive organs. (D) the formation of gametes by a reproductive organ.,2020,3
8,—,Physics,A,1,"If a person has five resistors each of value 1/5 Ω, then the maximum resistance he can obtain by connecting them is (A) 1 Ω (B) 5 Ω (C) 10 Ω (D) 25 Ω",2020,3
8,OR,Physics,A,1,"The resistance of a resistor is reduced to half of its initial value. In doing so, if other parameters of the circuit remain unchanged, the heating effects in the resistor will become (A) two times. (B) half. (C) one-fourth. (D) four times.",2020,3
9,—,Physics,A,1,"Fleming's Right-hand rule gives (A) magnitude of the induced current. (B) magnitude of the magnetic field. (C) direction of the induced current. (D) both, direction and magnitude of the induced current.",2020,3
10,—,Physics,A,1,Which one of the following statements is not true about nuclear energy generation in a nuclear reactor? (A) Energy is obtained by a process called nuclear fission. (B) The nucleus of Uranium is bombarded with high energy neutrons. (C) A chain reaction is set in the process. (D) In this process a tremendous amount of energy is released at a controlled rate.,2020,3
10,OR,Physics,A,1,The biggest source of energy on Earth's surface is (A) Biomass (B) Solar radiations (C) Tides (D) Winds,2020,3
11,—,Biology,A,1,Food web is constituted by (A) relationship between the organisms and the environment. (B) relationship between plants and animals. (C) various interlinked food chains in an ecosystem. (D) relationship between animals and environment.,2020,3
12,—,Biology,A,1,Choose the incorrect statement from the following : (A) Ozone is a molecule formed by three atoms of oxygen. (B) Ozone shields the surface of the Earth from ultraviolet radiations. (C) Ozone is deadly poisonous. (D) Ozone gets decomposed by UV radiations.,2020,3
13,—,Chemistry,A,1,Assertion (A): Following is a balanced chemical equation for the action of steam on iron : 3Fe + 4H2O -> Fe3O4 + 4H2. Reason (R): The law of conservation of mass holds good for a chemical equation.,2020,3
14,—,Biology,A,1,"Assertion (A): The sex of a child in human beings will be determined by the type of chromosome he/she inherits from the father. Reason (R): A child who inherits 'X' chromosome from his father would be a girl (XX), while a child who inherits a 'Y' chromosome from the father would be a boy (XY).",2020,3
15,a,Chemistry,B,1,Lead nitrate solution is added to a test tube containing potassium iodide solution. (a) Write the name and colour of the compound precipitated.,2020,3
15,b,Chemistry,B,1,Lead nitrate solution is added to a test tube containing potassium iodide solution. (b) Write the balanced chemical equation for the reaction involved.,2020,3
15,c,Chemistry,B,1,Lead nitrate solution is added to a test tube containing potassium iodide solution. (c) Name the type of this reaction justifying your answer.,2020,3
15,OR,Chemistry,B,3,What happens when food materials containing fats and oils are left for a long time? List two observable changes and suggest three ways by which this phenomenon can be prevented.,2020,3
16,—,Chemistry,B,3,List three differentiating features between the processes of galvanisation and alloying.,2020,3
16,OR,Chemistry,B,3,Compare in tabular form the reactivities of the following metals with cold and hot water: (a) Sodium (b) Calcium (c) Magnesium,2020,3
17,—,Chemistry,B,3,"Carbon, a member of group 14, forms a large number of carbon compounds estimated to be about three million. Why is this property not exhibited by other elements of this group? Explain.",2020,3
18,—,Biology,B,3,"A cheetah, on seeing a prey, moves towards him at a very high speed. What causes the movement of his muscles? How does the chemistry of cellular components of muscles change during this event?",2020,3
19,—,Biology,B,3,Define geotropism. Draw a labelled diagram of a plant showing geotropic movements of its parts.,2020,3
20,—,Biology,B,3,"Define the term evolution. ""Evolution cannot be equated with progress."" Justify this statement.",2020,3
20,OR,Biology,B,3,"During the course of evolution, organs or features may be adapted for new functions. Explain this fact by choosing an appropriate example.",2020,3
21,a,Physics,B,1,A concave mirror is used for image formation for different positions of an object. What inferences can be drawn about the following when an object is placed at a distance of 10 cm from the pole of a concave mirror of focal length 15 cm? (a) Position of the image (Draw a labelled ray diagram to justify your inferences.),2020,3
21,b,Physics,B,1,A concave mirror is used for image formation for different positions of an object. What inferences can be drawn about the following when an object is placed at a distance of 10 cm from the pole of a concave mirror of focal length 15 cm? (b) Size of the image (Draw a labelled ray diagram to justify your inferences.),2020,3
21,c,Physics,B,1,A concave mirror is used for image formation for different positions of an object. What inferences can be drawn about the following when an object is placed at a distance of 10 cm from the pole of a concave mirror of focal length 15 cm? (c) Nature of the image (Draw a labelled ray diagram to justify your inferences.),2020,3
22,—,Physics,B,3,"The refractive index of a medium 'x' with respect to a medium 'y' is 2/3 and the refractive index of medium 'y' with respect to medium 'z' is 4/3. Find the refractive index of medium 'z' with respect to medium 'x'. If the speed of light in medium 'x' is 3x10^8 ms^-1, calculate the speed of light in medium 'y'.",2020,3
23,a,Physics,B,1,A person may suffer from both myopia and hypermetropia defects. (a) What is this condition called?,2020,3
23,b,Physics,B,1,A person may suffer from both myopia and hypermetropia defects. (b) When does it happen?,2020,3
23,c,Physics,B,1,A person may suffer from both myopia and hypermetropia defects. (c) Name the type of lens often required by the persons suffering from this defect. Draw labelled diagram of such lenses.,2020,3
24,—,Physics,B,3,How will you use two identical glass prisms so that a narrow beam of white light incident on one prism emerges out of the second prism as white light? Draw and label the ray diagram.,2020,3
25,a,Chemistry,C,2.5,A cloth strip dipped in onion juice is used for testing a liquid 'X'. The liquid 'X' changes its odour. Which type of an indicator is onion juice ? The liquid 'X' turns blue litmus red. List the observations the liquid 'X' will show on reacting with the following: (a) Zinc granules (Write the chemical equations for the reactions involved.),2020,3
25,b,Chemistry,C,2.5,A cloth strip dipped in onion juice is used for testing a liquid 'X'. The liquid 'X' changes its odour. Which type of an indicator is onion juice ? The liquid 'X' turns blue litmus red. List the observations the liquid 'X' will show on reacting with the following: (b) Solid sodium carbonate (Write the chemical equations for the reactions involved.),2020,3
25,OR,Chemistry,C,5,Define water of crystallisation. Give the chemical formula for two compounds as examples. How can it be proved that the water of crystallisation makes a difference in the state and colour of the compounds?,2020,3
26,a (i),Chemistry,C,1,(a) (i) Write two properties of gold which make it the most suitable metal for ornaments.,2020,3
26,a (ii),Chemistry,C,1,(a) (ii) Name two metals which are the best conductors of heat.,2020,3
26,a (iii),Chemistry,C,1,(a) (iii) Name two metals which melt when you keep them on your palm.,2020,3
26,b,Chemistry,C,2,(b) Explain the formation of ionic compound CaO with electron-dot structure. Atomic numbers of calcium and oxygen are 20 and 8 respectively.,2020,3
27,a,Biology,C,1.25,(a) Why is nutrition necessary for the human body?,2020,3
27,b,Biology,C,1.25,(b) What causes movement of food inside the alimentary canal?,2020,3
27,c,Biology,C,1.25,(c) Why is small intestine in herbivores longer than in carnivores ?,2020,3
27,d,Biology,C,1.25,(d) What will happen if mucus is not secreted by the gastric glands?,2020,3
28,—,Biology,C,5,"Draw a neat diagram showing fertilisation in a flower and label (a) Pollen tube, (b) Male germ cell and (c) Female germ cell, on it. Explain the process of fertilisation in a flower. What happens to the (i) ovary and (ii) ovule after fertilisation?",2020,3
28,OR (a),Biology,C,1,(a) What is puberty?,2020,3
28,OR (b),Biology,C,2,(b) Describe in brief the functions of the following parts in the human male reproductive system : (i) Testes (ii) Seminal vesicle (iii) Vas deferens (iv) Urethra,2020,3
28,OR (c),Biology,C,1,(c) Why are testes located outside the abdominal cavity?,2020,3
28,OR (d),Biology,C,1,(d) State how sperms move towards the female germ cell.,2020,3
29,a,Physics,C,2,"Draw a schematic diagram of a circuit consisting of a battery of 3 cells of 2 V each, a combination of three resistors of 10 Ω, 20 Ω and 30 Ω connected in parallel, a plug key and an ammeter, all connected in series. Use this circuit to find the value of the following: (a) Current through each resistor",2020,3
29,b,Physics,C,1.5,"Draw a schematic diagram of a circuit consisting of a battery of 3 cells of 2 V each, a combination of three resistors of 10 Ω, 20 Ω and 30 Ω connected in parallel, a plug key and an ammeter, all connected in series. Use this circuit to find the value of the following: (b) Total current in the circuit",2020,3
29,c,Physics,C,1.5,"Draw a schematic diagram of a circuit consisting of a battery of 3 cells of 2 V each, a combination of three resistors of 10 Ω, 20 Ω and 30 Ω connected in parallel, a plug key and an ammeter, all connected in series. Use this circuit to find the value of the following: (c) Total effective resistance of the circuit",2020,3
29,OR,Physics,C,5,"Two identical resistors, each of resistance 15 Ω, are connected in (i) series, and (ii) parallel, in turn to a battery of 6 V. Calculate the ratio of the power consumed in the combination of resistors in each case.",2020,3
30,a,Physics,C,1.25,(a) State Fleming's Left-hand rule.,2020,3
30,b,Physics,C,1.25,(b) List three characteristic features of the electric current used in our homes.,2020,3
30,c,Physics,C,1.25,(c) What is a fuse? Why is it called a safety device ?,2020,3
30,d,Physics,C,1.25,(d) Why is it necessary to earth metallic electric appliances ?,2020,3
1,N/A,Physics,A,1,Define 1 kilowatt hour.,2019,3
2,N/A,Biology,A,1,"Generally, we do not clean natural ponds or lakes but an aquarium needs periodic cleaning. Why?",2019,3
3,N/A,Physics,B,2,List two causes of presbyopia. Draw labelled diagram of a lens used for the correction of this defect of vision.,2019,3
4,N/A,Chemistry,B,2,Show the formation of Na2O by the transfer of electrons.,2019,3
5,N/A,Biology,B,2,List in tabular form two differences between reflex action and walking. OR List in tabular form two differences between pepsin and trypsin.,2019,3
6,N/A,Physics,C,3,Name the process used to harness nuclear energy these days. Explain it briefly. List two advantages of using nuclear energy in place of fossil fuels.,2019,3
7,N/A,Biology,C,3,"Why are forests considered ""biodiversity hot spots""? Suggest four approaches towards the conservation of forests.",2019,3
8,N/A,Physics,C,3,What is atmospheric refraction? Explain with the help of a labelled diagram that the position of a star as seen by us is not its true position. OR When do we consider a student sitting in the class to be myopic? List two causes of this defect. Explain using a ray diagram how this defect of eye can be corrected.,2019,3
9,N/A,Chemistry,C,3,Write the chemical formula of washing soda. How can it be obtained from baking soda ? List two industries in which washing soda is used for other purposes than washing clothes.,2019,3
10,N/A,Chemistry,C,3,"Out of three metals P, Q and R, P is less reactive than Q and R is more reactive than P and Q both. Suggest an activity to arrange P, Q and R in order of their decreasing reactivity. OR Name the ore of mercury. With the help of balanced chemical equations, explain the process of extraction of mercury from its ore.",2019,3
11,a,Chemistry,C,1.5,(a) How is possible valency of an element determined from the electronic configuration of its atom?,2019,3
11,b,Chemistry,C,1.5,(b) Determine the valency of an element X whose atomic number is 15.,2019,3
12,N/A,Biology,C,3,What is haemoglobin ? State the consequences of deficiency of haemoglobin in our bodies.,2019,3
13,a,Biology,C,1.5,(a) Speciation,2019,3
13,b,Biology,C,1.5,(b) Natural Selection,2019,3
13,OR,Biology,C,3,"OR Mendel, in one of his experiments with pea plants, crossed a variety of pea plant having round seeds with one having wrinkled seeds. State Mendel's observations giving reasons of F1 and F2 progeny of this cross. Also, list any two contrasting characters, other than round seeds of pea plants that Mendel used in his experiments.",2019,3
14,N/A,Biology,C,3,Explain the ways in which glucose is broken down in absence or shortage of oxygen.,2019,3
15,N/A,Biology,C,3,List in tabular form three distinguishing features between cerebrum and cerebellum.,2019,3
16,a,Chemistry,D,1,(a) What is a hydrocarbon? Give its one example.,2019,3
16,b,Chemistry,D,2,(b) Give the structural difference between saturated and unsaturated hydrocarbons with two examples each.,2019,3
16,c,Chemistry,D,2,(c) Name the following compounds : (i) CH3-OH (ii) CH3-C=O H (iii) CH3-C=O CH3 (iv) CH3-C=O OH,2019,3
17,a,Chemistry,D,2,(a) What is a double displacement reaction? Explain with an example.,2019,3
17,b,Chemistry,D,3,(b) A small amount of quick lime is added to water in a beaker. (i) Name and define the type of reaction that has taken place. (ii) Write balanced chemical equation for the above reaction and the chemical name of the product formed. (iii) List two main observations of this reaction.,2019,3
17,OR,Chemistry,D,5,OR (a) Design an activity to demonstrate the decomposition reaction of lead nitrate. (b) Draw labelled diagram of the experimental set-up. List two main observations. (c) Write balanced chemical equation for the reaction stating the physical state of the reactant and the products.,2019,3
18,a,Physics,D,2,(a) List four characteristics of the image formed by a concave lens of focal length 20 cm when the object is placed at a distance of 40 cm from its optical centre.,2019,3
18,b,Physics,D,3,(b) The size of image of an object by a convex lens of focal length 20 cm is observed to be reduced to 1/3rd of its size. Find the distance of the object from the optical centre of the lens.,2019,3
19,a,Physics,D,2,"(a) Three resistors of resistances R1, R2 and R3 are connected (i) in series, and (ii) in parallel. Write expressions for the equivalent resistance of the combination in each case.",2019,3
19,b,Physics,D,3,(b) Two identical resistors of 12 Ω each are connected to a battery of 3 V. Calculate the ratio of the power consumed by the resulting combinations with minimum resistance and maximum resistance.,2019,3
19,OR-a,Physics,D,2,OR (a) Write the relation between resistance and electrical resistivity of the material of a conductor in the shape of a cylinder of length 'l' and area of cross-section 'A'. Hence derive the S.I. unit of electrical resistivity.,2019,3
19,OR-b,Physics,D,3,"(b) Resistance of a metal wire of length 5 m is 100 Ω. If the area of cross-section of the wire is 3x10^-7 m^2, calculate the resistivity of the metal.",2019,3
20,a,Physics,D,2.5,(a) Name and state the rule to determine the direction of force experienced by a current carrying straight conductor placed in a uniform magnetic field which is perpendicular to it.,2019,3
20,b,Physics,D,2.5,(b) Draw a labelled diagram of an electric motor.,2019,3
21,a,Biology,D,2.5,(a) What is reproduction? List its two types.,2019,3
21,b,Biology,D,2.5,(b) How are the modes of reproduction different in unicellular and multicellular organisms?,2019,3
21,OR-a,Biology,D,2.5,OR (a) What are Sexually Transmitted Diseases (STD)? List two viral and two bacterial STDs.,2019,3
21,OR-b,Biology,D,2.5,(b) What is contraception ? List three reasons for adopting contraceptive methods.,2019,3
22,N/A,Biology,E,2,"In the experiment of preparing a temporary mount of a leaf peel to observe stomata, we use two liquids other than water. Name these two liquids and state when and why these liquids are used. OR List four precautions in proper sequence which we observe while preparing a temporary mount of a leaf peel.",2019,3
23,N/A,Biology,E,2,"A student has set up an apparatus to show that ""CO2 is released during respiration"". After about 1 hour he observes no change in the water level in the delivery tube. Write two possible reasons for the failure of the experiment.",2019,3
24,a,Physics,E,0.66,(a) What is the least count of the voltmeter?,2019,3
24,b,Physics,E,0.66,(b) What is the reading shown by the voltmeter?,2019,3
24,c,Physics,E,0.68,"(c) If this voltmeter is connected across a resistor of 20 Ω, how much current is flowing through the resistor ?",2019,3
25,N/A,Physics,E,2,List in proper sequence the steps of the experiment for determining the approximate focal length of a given concave mirror by obtaining the image of a distant object. OR A student has to trace the path of a ray of light passing through a rectangular glass slab for four different values of angle of incidence. (a) Write two important precautions for this experiment. (b) List two conclusions the student will draw based on his experiment.,2019,3
26,a,Chemistry,E,0.5,(a) Odour,2019,3
26,b,Chemistry,E,0.5,(b) Solubility in water,2019,3
26,c,Chemistry,E,0.5,(c) Effect on litmus paper,2019,3
26,d,Chemistry,E,0.5,(d) Reaction with sodium hydrogen carbonate,2019,3
27,N/A,Chemistry,E,2,"What is observed after about 1 hour of adding the strips of copper and aluminium separately to ferrous sulphate solution filled in two beakers ? Name the reaction if any change in colour is noticed. Also, write chemical equation for the reaction. OR A student wants to study a decomposition reaction by taking ferrous sulphate crystals. Write two precautions he must observe while performing the experiment.",2019,3
1,N/A,Physics,A,1,Mention the condition under which a current can flow in a conductor.,2019,2
2,N/A,Physics,A,1,List two merits of solar cells.,2019,2
3,N/A,Physics,B,2,List four characteristics of the image formed by a convex lens of focal length 20 cm when the object is placed in front of it at a distance of 10 cm from its optical centre. OR Define refractive index of a transparent medium. The speed of light in a medium of absolute refractive index 1.5 is 2x10^8 ms^-1. What is the speed of light in vacuum ?,2019,2
4,N/A,Physics,B,2,"It is established that an electric current through a conductor produces a magnetic field around it. Is there a similar magnetic field produced around a thin beam of moving (i) alpha particles, (ii) neutrons ? Justify your answer in each case.",2019,2
5,N/A,Chemistry,B,2,Conversion of ethanol to ethanoic acid is an oxidation reaction. Justify this statement giving the relevant equation for the chemical reaction involved.,2019,2
6,N/A,Biology,C,3,List three roles of forests in conserving the environment. How do the forests get depleted? State two consequences of deforestation on the environment.,2019,2
7,a,Biology,C,1.5,(a) Natural water bodies are not regularly cleaned whereas an aquarium needs regular cleaning. Why?,2019,2
7,b,Biology,C,1.5,(b) What are decomposers? What will be the consequence if the decomposers are completely eradicated from an ecosystem ? Give justification in support of your answer.,2019,2
7,OR,Biology,C,3,OR How is ozone formed in the upper atmosphere? State its importance. What is responsible for its depletion? Write one harmful effect of ozone depletion.,2019,2
8,N/A,Physics,C,3,State right-hand thumb rule to determine the direction of magnetic field around a current carrying conductor. Apply this rule to find the direction of magnetic field inside and outside a circular loop of wire lying in the plane of a table and current is flowing through it clockwise.,2019,2
9,N/A,Physics,C,3,"What is the cause of dispersion of white light through a glass prism ? Draw a ray diagram to show the path of light when two identical glass prisms are arranged together in inverted position with respect to each other and a narrow beam of white light is allowed to fall obliquely on one of the faces of the prisms. OR What is scattering of light? Use this phenomenon to explain why (i) the Sun appears reddish at sun-rise, and (ii) the clear sky appears blue.",2019,2
10,N/A,Chemistry,C,3,"A metal X, which is used in thermit process, when heated with oxygen gives an oxide Y which is amphoteric in nature. Identify X and Y. Write balanced chemical equations of the reactions of oxide Y with hydrochloric acid and sodium hydroxide.",2019,2
11,a,Chemistry,C,0.75,(a) Write the name and chemical formula of the powder.,2019,2
11,b,Chemistry,C,0.75,(b) How is this powder prepared?,2019,2
11,c,Chemistry,C,0.75,"(c) When this white powder is mixed with water, a hard solid mass is obtained. Write a balanced chemical equation for the change.",2019,2
11,d,Chemistry,C,0.75,(d) Give one more use of this white powder.,2019,2
12,a,Chemistry,C,2,(a) Classify the following reactions into different types: (i) AgNO3(aq) + NaCl(aq) -> AgCl(s) + NaNO3(aq) (ii) CaO(s) + H2O(l) -> Ca(OH)2(aq) (iii) 2KClO3(s) -> 2KCl(aq) + 3O2(g) (iv) Zn + CuSO4 -> ZnSO4 + Cu,2019,2
12,b,Chemistry,C,1,"(b) Translate the following statement into a balanced chemical equation : ""Barium chloride reacts with aluminium sulphate to give aluminium chloride and barium sulphate.""",2019,2
12,OR-a,Chemistry,C,1,OR (a) What is the colour of this precipitate? Name the compound precipitated.,2019,2
12,OR-b,Chemistry,C,1,(b) Write the balanced chemical equation for this reaction.,2019,2
12,OR-c,Chemistry,C,1,(c) List two types of reactions in which this reaction can be placed.,2019,2
13,N/A,Biology,C,3,Draw a diagram of human excretory system and label the following: (i) Urinary bladder (ii) Left kidney (iii) Left ureter,2019,2
14,a,Biology,C,2,"(a) Plants do not have any nervous system but yet, if we touch a sensitive plant, some observable changes take place in its leaves. Explain how could this plant respond to the external stimuli and how it is communicated.",2019,2
14,b,Biology,C,1,(b) Name the hormone that needs to be administered to (i) increase the height of a dwarf plant. (ii) cause rapid cell division in fruits and seeds.,2019,2
15,N/A,Biology,C,3,What are fossils ? Describe briefly two methods of determining the age of fossils.,2019,2
16,a,Biology,D,1.5,(a) Define vegetative propagation. List its two methods.,2019,2
16,b,Biology,D,1.5,(b) Why is this mode practised for growing some types of plants ?,2019,2
16,c,Biology,D,2,(c) Explain the process of budding in Hydra with the help of labelled diagrams.,2019,2
16,OR,Biology,D,5,OR What is contraception? List its four different methods. State four reasons for adopting contraceptive methods.,2019,2
17,a,Biology,D,2.5,(a) List in tabular form two differences between acquired traits and inherited traits.,2019,2
17,b,Biology,D,2.5,(b) Give an example of body characteristics used to determine how close two species are in terms of evolution and explain it.,2019,2
18,a,Chemistry,D,2.5,(a) Distinguish between esterification and saponification reactions with the help of chemical equations for each.,2019,2
18,b,Chemistry,D,2.5,(b) With a labelled diagram describe in brief an activity to show the formation of an ester.,2019,2
18,OR,Chemistry,D,5,OR What is the difference between soaps and detergents? State in brief the cleansing action of soaps in removing an oily spot from a fabric. Why are soaps not very effective when a fabric is washed in hard water? How is this problem resolved ?,2019,2
19,a,Chemistry,D,2.5,(a) List two criteria Mendeleev used in his Periodic Table to classify the elements. State Mendeleev's Periodic Law and explain why no fixed position was assigned to hydrogen in Mendeleev's Periodic Table.,2019,2
19,b,Chemistry,D,2.5,"(b) How and why does the atomic size of elements vary as we move (i) from left to right in a period, and (ii) down a group in the Modern Periodic Table ?",2019,2
20,a,Physics,D,1.25,(a) Name the defect of vision the person is suffering from and list its two possible causes.,2019,2
20,b,Physics,D,1.25,(b) Draw a ray diagram to show the defect in the above case.,2019,2
20,c,Physics,D,1.25,(c) Mention the type of lens used by him for the correction of the defect and calculate its power. Assume that the near point for the normal eye is 25 cm.,2019,2
20,d,Physics,D,1.25,(d) Draw a labelled diagram for the correction of the defect in the above case.,2019,2
21,a,Physics,D,2.5,(a) Define electric power. An electrical device of resistance R is connected across a source of voltage V and draws a current I. Derive an expression for power in terms of current and resistance.,2019,2
21,b,Physics,D,2.5,(b) Two electric bulbs rated 100 W; 220 V and 60 W; 220 V are connected in parallel to an electric mains of 220 V. Find the current drawn by the bulbs from the mains.,2019,2
21,OR-a,Physics,D,2.5,"OR (a) How will you infer with the help of an experiment that the same current flows through every part of the circuit containing three resistors R1, R2 and R3 in series connected to a battery of V volts?",2019,2
21,OR-b,Physics,D,2.5,"(b) Study the following circuit and find out : (i) Current in 12 Ω resistor. (ii) Difference in the readings of A1 and A2, if any.",2019,2
22,N/A,Biology,E,2,"Write four sequential steps of the procedure of the experiment ""Preparing a temporary mount of a leaf peel to show stomata."" OR In the experimental set-up to show that ""the germinating seeds give out carbon dioxide"", answer the following questions : (i) Why do we keep the conical flask airtight? (ii) Name the substance kept in the small test tube inside the conical flask. Write its role. (iii) Why does water rise in the delivery tube ?",2019,2
23,N/A,Biology,E,2,List two observations on the basis of which it may be concluded that the given slide shows binary fission in Amoeba.,2019,2
24,N/A,Chemistry,E,2,"A student mixes sodium sulphate powder in barium chloride powder. What change would the student observe on mixing the two powders ? Justify your answer and explain how he can obtain the desired change. OR (a) Arrange the following metals in the increasing order of their reactivities : Copper, Zinc, Aluminium and Iron (b) List two observations you would record in your notebook 30 minutes after adding iron filings to copper sulphate solution.",2019,2
25,N/A,Chemistry,E,2,"A solution 'X' gives orange colour when a drop of it falls on pH paper, while another solution 'Y' gives bluish colour when a drop of it falls on pH paper. What is the nature of both the solutions? Determine the pH of solutions 'X' and 'Y'.",2019,2
26,N/A,Physics,E,2,Study the following ray diagram and list two mistakes committed by the student while tracing it. Rectify these mistakes by drawing the correct ray diagram to show the real position and size of the image corresponding to the position of the object AB. OR A student has to trace the path of a ray of light through a glass prism. List four precautions he should observe for better results.,2019,2
27,N/A,Physics,E,2,Which one of the following is the correct set-up for studying the dependence of the current on the potential difference across a resistor and why?,2019,2
1,N/A,Physics,A,1,"If the potential difference across the two ends of a conductor is 5 V and the current through it is 0.2 A, then what is the resistance of the conductor?",2019,1
2,N/A,Physics,A,1,Write the major hazard of nuclear power generation.,2019,1
3,N/A,Physics,B,2,"Draw a labelled ray diagram to show the path of the reflected ray corresponding to the ray which is incident obliquely to the principal axis, towards the pole of a convex mirror. Mark the angle of incidence and angle of reflection on it.",2019,1
4,N/A,Physics,B,2,What is the principle of an electric motor? State the rule which is applied to determine the direction of force experienced by a current carrying conductor when kept in a magnetic field.,2019,1
5,N/A,Chemistry,B,2,"Name the acid present in ant sting and give its chemical formula. Also give the common method to get relief from the discomfort caused by the ant sting. OR A student prepared solutions of (i) an acid and (ii) a base in two separate beakers but forgot to label the solutions and litmus paper is not available in the laboratory. Since both the solutions are colourless, how will he distinguish between the two using (a) phenolphthalein and (b) methyl orange ?",2019,1
6,N/A,Biology,C,3,What is a food chain? Why is the flow of energy in an ecosystem unidirectional? Explain briefly. OR (a) Why should National Parks be allowed to remain in their pristine form? (b) Why is reuse of materials better than recycling?,2019,1
7,N/A,Biology,C,3,What is a dam? List two main advantages and two ill effects of constructing a big dam.,2019,1
8,a,Biology,C,1.5,(a) Write two water conducting tissues present in plants. How does water enter continuously into the root xylem?,2019,1
8,b,Biology,C,1.5,(b) Explain why plants have low energy needs as compared to animals.,2019,1
9,N/A,Biology,C,3,Nervous and hormonal systems together perform the function of control and coordination in human beings. Justify the statement.,2019,1
10,N/A,Biology,C,3,Define genetics. Why is decrease in the number of surviving tigers a cause of concern from the point of view of genetics? Explain briefly.,2019,1
11,a,Chemistry,C,1,(a) List any two observations.,2019,1
11,b,Chemistry,C,1,(b) Name the type of chemical reaction taking place.,2019,1
11,c,Chemistry,C,1,(c) Write balanced chemical equation for the reaction and name the products formed.,2019,1
11,OR,Chemistry,C,3,"OR You might have noted that when copper powder is heated in a china dish, the reddish brown surface of copper powder becomes coated with a black substance. (a) Why has this black substance formed ? (b) What is this black substance? (c) Write the chemical equation of the reaction that takes place. (d) How can the black coating on the surface be turned reddish brown?",2019,1
12,N/A,Chemistry,C,3,"In an industrial process used for the manufacture of sodium hydroxide, a gas 'A' is formed as a by-product. The gas 'A' reacts with lime water to give a compound 'B' which is used as a bleaching agent in the chemical industry. Identify 'A' and 'B'. Also give the chemical equations of the reactions involved.",2019,1
13,N/A,Chemistry,C,3,An ore on treatment with dilute hydrochloric acid produces brisk effervescence. Name the type of ore with one example. What steps will be required to obtain metal from the enriched ore? Also write the chemical equations for the reactions involved in the process.,2019,1
14,N/A,Physics,C,3,A concave mirror has a focal length of 20 cm. At what distance from the mirror should a 4 cm tall object be placed so that it forms an image at a distance of 30 cm from the mirror? Also calculate the size of the image formed. OR A real image 2/3rd of the size of an object is formed by a convex lens when the object is at a distance of 12 cm from it. Find the focal length of the lens.,2019,1
15,N/A,Physics,C,3,Magnetic field lines are shown in the given diagram. A student makes a statement that the magnetic field at 'A' is stronger than at 'B'. Justify this statement. Also redraw the diagram and mark the direction of magnetic field lines.,2019,1
16,a,Biology,D,2.5,(a) Distinguish between cross-pollination and self-pollination. Mention the site and product of fertilization in a flower.,2019,1
16,b,Biology,D,2.5,"(b) Draw labelled diagram of a pistil showing the following parts : Stigma, Style, Ovary, Female germ cell",2019,1
16,OR-a,Biology,D,2,OR (a) Draw a diagram of human female reproductive system and label the parts: (i) which produce an egg. (ii) where fertilization takes place.,2019,1
16,OR-b,Biology,D,1.5,(b) List two bacterial diseases which are transmitted sexually.,2019,1
16,OR-c,Biology,D,1.5,(c) What are contraceptive devices ? Give two reasons for adopting contraceptive devices in humans.,2019,1
17,a,Biology,D,2.5,(a) How is equal genetic contribution of male and female parents ensured in the progeny? Explain.,2019,1
17,b,Biology,D,2.5,(b) Does the occurrence of diversity of animals on Earth suggest their diverse ancestry also? Discuss this point in the light of evolution.,2019,1
18,a,Physics,D,3,"(a) A 5 cm tall object is placed perpendicular to the principal axis of a convex lens of focal length 20 cm. The distance of the object from the lens is 30 cm. Find the position, nature and size of the image formed.",2019,1
18,b,Physics,D,2,"(b) Draw a labelled ray diagram showing object distance, image distance and focal length in the above case.",2019,1
19,N/A,Physics,D,5,"Compare the power used in 2 Ω resistor in each of the following circuits: (A) 6V battery in series with 1Ω and 2Ω resistors (B) 4V battery in parallel with 1Ω and 2Ω resistors. OR A bulb is rated 40 W; 220 V. Find the current drawn by it, when it is connected to a 220 V supply. Also find its resistance. If the given bulb is replaced by a bulb of rating 25 W; 220 V, will there be any change in the value of current and resistance? Justify your answer and determine the change.",2019,1
20,a,Chemistry,D,1,(a) Name the element with smallest atomic radius.,2019,1
20,b,Chemistry,D,1,(b) Name the element which shows maximum valency.,2019,1
20,c,Chemistry,D,1,(c) Name the element which is a metalloid.,2019,1
20,d,Chemistry,D,1,(d) Name the element which is most electropositive.,2019,1
20,e,Chemistry,D,1,(e) Write the chemical formula of the compound formed when the elements of atomic number 6 and 8 react together.,2019,1
21,a,Chemistry,D,4,"(a) State the reason why carbon can neither form C4+ cations nor C4- anions, but forms covalent bonds. Also state reasons to explain why covalent compounds (i) are bad conductors of electricity. (ii) have low melting and boiling points.",2019,1
21,b,Chemistry,D,1,"(b) Write the structural formula of benzene, C6H6.",2019,1
21,OR-a,Chemistry,D,1,OR (a) Define the term 'isomer'.,2019,1
21,OR-b,Chemistry,D,2,(b) Two compounds have same molecular formula C3H6O. Write the name of these compounds and their structural formula.,2019,1
21,OR-c,Chemistry,D,2,(c) How would you bring the following conversions : (i) Ethanol to ethene (ii) Propanol to propanoic acid,2019,1
22,N/A,Physics,E,2,"A teacher gives a convex lens and a concave mirror of focal length of 20 cm each to his student and asks him to find their focal lengths by obtaining the image of a distant object. The student uses a distant tree as the object and obtains its sharp image, one by one, on a screen. The distances d1 and d2 between the lens/mirror and the screen in the two cases and the nature of their respective sharp images are likely to be (a) (20 cm, 40 cm) and (erect and erect) (b) (20 cm, 40 cm) and (inverted and inverted) (c) (20 cm, 20 cm) and (inverted and inverted) (d) (20 cm, 40 cm) and (erect and inverted) Give reason for your answer.",2019,1
23,N/A,Physics,E,2,"The rest position of the needles in a milliammeter and voltmeter, not in use, are as shown in Figure A. When a student uses these instruments in his experiment, the readings of the needles are in the positions shown in Figure B. Determine the correct values of current and voltage the student should use in his calculations. OR In the experiment to study the dependence of current (I) on the potential difference (V) across a resistor, a student obtained a graph as shown. (i) What does the graph depict about the dependence of current on the potential difference? (ii) Find the current that flows through the resistor when the potential difference across it is 2.5 V.",2019,1
24,N/A,Biology,E,2,"Draw labelled diagram to show the following parts in an embryo of a pea seed: Cotyledon, Plumule, Radical OR A student observed a permanent slide showing asexual reproduction in Hydra. Draw labelled diagram in proper sequence of the observations that must have been made by the student. Name the process of reproduction also.",2019,1
25,N/A,Biology,E,2,"In the experiment ""To prepare a temporary mount of a leaf peel to show stomata"", glycerine and safranin are used. When and why are these two liquids used? Explain.",2019,1
26,N/A,Chemistry,E,2,What would you observe on adding zinc granules to freshly prepared ferrous sulphate solution? Give reason for your answer.,2019,1
27,N/A,Chemistry,E,2,How is the presence of an acid tested with a strip of red litmus paper? OR A student is performing an experiment to study the properties of acetic acid. Answer the following questions: (i) Name the substance he must add to acetic acid to produce carbon dioxide. (ii) Give the relevant chemical equation for the reaction. (iii) How would he test CO2 gas in the laboratory?,2019,1
1,NA,biology,A,1,A Mendelian experiment consisted of breeding pea plants bearing violet flowers with pea plants bearing white flowers. What will be the result in F1 progeny?,2018,1
2,NA,physics,A,1,Write the energy conversion that takes place in a hydropower plant.,2018,1
3,NA,chemistry,A,2,"A compound 'X' on heating with excess conc. sulphuric acid at 443 K gives an unsaturated compound 'Y'. 'X' also reacts with sodium metal to evolve a colourless gas 'Z'. Identify 'X', 'Y' and 'Z'. Write the equation of the chemical reaction of formation of 'Y' and also write the role of sulphuric acid in the reaction.",2018,1
4,a,biology,A,1,Name one gustatory receptor and one olfactory receptor present in human beings.,2018,1
4,b,biology,A,1,Write a and b in the given flow chart of neuron through which information travels as an electrical impulse. Dendrite -> a -> b -> End point of Neuron,2018,1
5,NA,physics,A,2,"If the image formed by a spherical mirror for all positions of the object placed in front of it is always erect and diminished, what type of mirror is it? Draw a labelled ray diagram to support your answer.",2018,1
6,NA,chemistry,A,3,"Decomposition reactions require energy either in the form of heat or light or electricity for breaking down the reactants. Write one equation each for decomposition reactions where energy is supplied in the form of heat, light and electricity.",2018,1
7,NA,chemistry,A,3,"2 mL of sodium hydroxide solution is added to a few pieces of granulated zinc metal taken in a test tube. When the contents are warmed, a gas evolves which is bubbled through a soap solution before testing. Write the equation of the chemical reaction involved and the test to detect the gas. Name the gas which will be evolved when the same metal reacts with dilute solution of a strong acid. OR The pH of a salt used to make tasty and crispy pakoras is 14. Identify the salt and write a chemical equation for its formation. List its two uses.",2018,1
8,a,chemistry,A,1.5,Why are most carbon compounds poor conductors of electricity?,2018,1
8,b,chemistry,A,1.5,Write the name and structure of a saturated compound in which the carbon atoms are arranged in a ring. Give the number of single bonds present in this compound.,2018,1
9,a,biology,A,1,Name the hormones secreted by Thyroid endocrine gland and specify one function of it.,2018,1
9,b,biology,A,1,Name the hormones secreted by Pituitary endocrine gland and specify one function of it.,2018,1
9,c,biology,A,1,Name the hormones secreted by Pancreas endocrine gland and specify one function of it.,2018,1
10,NA,biology,A,3,Write one main difference between asexual and sexual mode of reproduction. Which species is likely to have comparatively better chances of survival - the one reproducing asexually or the one reproducing sexually? Give reason to justify your answer.,2018,1
11,NA,physics,A,3,State the laws of refraction of light. Explain the term 'absolute refractive index of a medium' and write an expression to relate it with the speed of light in vacuum. OR What is meant by power of a lens? Write its SI unit. A student uses a lens of focal length 40 cm and another of -20 cm. Write the nature and power of each lens.,2018,1
12,NA,physics,A,3,"Show how would you join three resistors, each of resistance 9 Ω so that the equivalent resistance of the combination is (i) 13.5 Ω, (ii) 6 Ω? OR (a) Write Joule's law of heating. (b) Two lamps, one rated 100 W; 220 V, and the other 60 W; 220 V, are connected in parallel to electric mains supply. Find the current drawn by two bulbs from the line, if the supply voltage is 220 V.",2018,1
13,a,physics,A,1,List the factors on which the resistance of a conductor in the shape of a wire depends.,2018,1
13,b,physics,A,1,Why are metals good conductors of electricity whereas glass is a bad conductor of electricity? Give reason.,2018,1
13,c,physics,A,1,Why are alloys commonly used in electrical heating devices? Give reason.,2018,1
14,a,biology,A,1,Suggest two measures to manage the garbage we produce.,2018,1
14,b,biology,A,1,"As an individual, what can we do to generate the least garbage? Give two points.",2018,1
14,c,biology,A,1,List two values the teacher instilled in his students in this episode.,2018,1
15,NA,physics,A,3,"What is a dam? Why do we seek to build large dams? While building large dams, which three main problems should particularly be addressed to maintain peace among local people? Mention them.",2018,1
16,a,chemistry,A,2.5,Write the steps involved in the extraction of pure metals in the middle of the activity series from their carbonate ores.,2018,1
16,b,chemistry,A,2.5,How is copper extracted from its sulphide ore? Explain the various steps supported by chemical equations. Draw labelled diagram for the electrolytic refining of copper.,2018,1
17,a,chemistry,A,2,"The modern periodic table has been evolved through the early attempts of Dobereiner, Newland and Mendeleev. List one advantage and one limitation of all the three attempts.",2018,1
17,b,chemistry,A,1.5,Name the scientist who first of all showed that atomic number of an element is a more fundamental property than its atomic mass.,2018,1
17,c,chemistry,A,1.5,State Modern periodic law.,2018,1
18,a,biology,A,1.25,Mention any two components of blood.,2018,1
18,b,biology,A,1.25,Trace the movement of oxygenated blood in the body.,2018,1
18,c,biology,A,1.25,Write the function of valves present in between atria and ventricles.,2018,1
18,d,biology,A,1.25,Write one structural difference between the composition of artery and veins. OR (a) Define excretion. (b) Name the basic filtration unit present in the kidney. (c) Draw excretory system in human beings and label the following organs of excretory system which perform following functions: (i) form urine. (ii) is a long tube which collects urine from kidney. (iii) store urine until it is passed out.,2018,1
19,a,biology,A,2.5,Write the function of following parts in human female reproductive system: (i) Ovary (ii) Oviduct (iii) Uterus,2018,1
19,b,biology,A,2.5,Describe in brief the structure and function of placenta.,2018,1
20,a,physics,A,2.5,A student is unable to see clearly the words written on the black board placed at a distance of approximately 3 m from him. Name the defect of vision the boy is suffering from. State the possible causes of this defect and explain the method of correcting it.,2018,1
20,b,physics,A,2.5,Why do stars twinkle? Explain. OR (a) Write the function of each of the following parts of human eye : (i) Cornea (ii) Iris (iii) Crystalline lens (iv) Ciliary muscles (b) Why does the sun appear reddish early in the morning? Will this phenomenon be observed by an astronaut on the Moon? Give reason to justify your answer.,2018,1
21,a,physics,A,1.5,State Fleming's left hand rule.,2018,1
21,b,physics,A,1.5,Write the principle of working of an electric motor.,2018,1
21,c,physics,A,2,Explain the function of the following parts of an electric motor. (i) Armature (ii) Brushes (iii) Split ring,2018,1
22,NA,chemistry,B,2,"A student added few pieces of aluminium metal to two test tubes A and B containing aqueous solutions of iron sulphate and copper sulphate. In the second part of her experiment, she added iron metal to another test tubes C and D containing aqueous solutions of aluminium sulphate and copper sulphate. In which test tube or test tubes will she observe colour change? On the basis of this experiment, state which one is the most reactive metal and why.",2018,1
23,NA,chemistry,B,2,What is observed when a solution of sodium sulphate is added to a solution of barium chloride taken in a test tube? Write equation for the chemical reaction involved and name the type of reaction in this case.,2018,1
24,NA,biology,B,2,List the steps of preparation of temporary mount of a leaf peel to observe stomata.,2018,1
25,NA,biology,B,2,Name the process by which an amoeba reproduces. Draw the various stages of its reproduction in a proper sequence. OR A student is viewing under a microscope a permanent slide showing various stages of asexual reproduction by budding in yeast. Draw diagrams of what he observes. (in proper sequence),2018,1
26,NA,physics,B,2,An object of height 4.0 cm is placed at a distance of 30 cm from the optical centre 'O' of a convex lens of focal length 20 cm. Draw a ray diagram to find the position and size of the image formed. Mark optical centre 'O' and principal focus 'F' on the diagram. Also find the approximate ratio of size of the image to the size of the object.,2018,1
27,NA,physics,B,2,"The values of current (I) flowing through a given resistor of resistance (R), for the corresponding values of potential difference (V) across the resistor are as given below: V (volts): 0.5, 1.0, 1.5, 2.0, 2.5, 3.0, 4.0, 5.0. I (amperes): 0.1, 0.2, 0.3, 0.4, 0.5, 0.6, 0.8, 1.0. Plot a graph between current (I) and potential difference (V) and determine the resistance (R) of the resistor.",2018,1
1,NA,physics,A,1,Write the energy conversion that takes place in a hydropower plant.,2018,2
2,NA,biology,A,1,A Mendelian experiment consisted of breeding pea plants bearing violet flowers with pea plants bearing white flowers. What will be the result in F1 progeny?,2018,2
3,a,biology,A,1,Name one gustatory receptor and one olfactory receptor present in human beings.,2018,2
3,b,biology,A,1,Write a and b in the given flow chart of neuron through which information travels as an electrical impulse. Dendrite -> a -> b -> End point of Neuron,2018,2
4,NA,physics,A,2,"If the image formed by a spherical mirror for all positions of the object placed in front of it is always erect and diminished, what type of mirror is it? Draw a labelled ray diagram to support your answer.",2018,2
5,NA,chemistry,A,2,"A compound 'X' on heating with excess conc. sulphuric acid at 443 K gives an unsaturated compound 'Y'. 'X' also reacts with sodium metal to evolve a colourless gas 'Z'. Identify 'X', 'Y' and 'Z'. Write the equation of the chemical reaction of formation of 'Y' and also write the role of sulphuric acid in the reaction.",2018,2
6,NA,physics,A,3,State the laws of refraction of light. Explain the term 'absolute refractive index of a medium' and write an expression to relate it with the speed of light in vacuum. OR What is meant by power of a lens? Write its SI unit. A student uses a lens of focal length 40 cm and another of -20 cm. Write the nature and power of each lens.,2018,2
7,NA,biology,A,3,Write one main difference between asexual and sexual mode of reproduction. Which species is likely to have comparatively better chances of survival - the one reproducing asexually or the one reproducing sexually? Give reason to justify your answer.,2018,2
8,NA,physics,A,3,"Show how would you join three resistors, each of resistance 9 Ω so that the equivalent resistance of the combination is (i) 13.5 Ω, (ii) 6 Ω? OR (a) Write Joule's law of heating. (b) Two lamps, one rated 100 W; 220 V, and the other 60 W; 220 V, are connected in parallel to electric mains supply. Find the current drawn by two bulbs from the line, if the supply voltage is 220 V.",2018,2
9,a,biology,A,1,Name the hormones secreted by Thyroid endocrine gland and specify one function of it.,2018,2
9,b,biology,A,1,Name the hormones secreted by Pituitary endocrine gland and specify one function of it.,2018,2
9,c,biology,A,1,Name the hormones secreted by Pancreas endocrine gland and specify one function of it.,2018,2
10,NA,chemistry,A,3,"2 mL of sodium hydroxide solution is added to a few pieces of granulated zinc metal taken in a test tube. When the contents are warmed, a gas evolves which is bubbled through a soap solution before testing. Write the equation of the chemical reaction involved and the test to detect the gas. Name the gas which will be evolved when the same metal reacts with dilute solution of a strong acid. OR The pH of a salt used to make tasty and crispy pakoras is 14. Identify the salt and write a chemical equation for its formation. List its two uses.",2018,2
11,a,chemistry,A,1.5,Why are most carbon compounds poor conductors of electricity?,2018,2
11,b,chemistry,A,1.5,Write the name and structure of a saturated compound in which the carbon atoms are arranged in a ring. Give the number of single bonds present in this compound.,2018,2
12,NA,chemistry,A,3,"Decomposition reactions require energy either in the form of heat or light or electricity for breaking down the reactants. Write one equation each for decomposition reactions where energy is supplied in the form of heat, light and electricity.",2018,2
13,NA,physics,A,3,"What is a dam? Why do we seek to build large dams? While building large dams, which three main problems should particularly be addressed to maintain peace among local people? Mention them.",2018,2
14,a,biology,A,1,Suggest two measures to manage the garbage we produce.,2018,2
14,b,biology,A,1,"As an individual, what can we do to generate the least garbage? Give two points.",2018,2
14,c,biology,A,1,List two values the teacher instilled in his students in this episode.,2018,2
15,a,physics,A,1,List the factors on which the resistance of a conductor in the shape of a wire depends.,2018,2
15,b,physics,A,1,Why are metals good conductors of electricity whereas glass is a bad conductor of electricity? Give reason.,2018,2
15,c,physics,A,1,Why are alloys commonly used in electrical heating devices? Give reason.,2018,2
16,a,physics,A,1.5,State Fleming's left hand rule.,2018,2
16,b,physics,A,1.5,Write the principle of working of an electric motor.,2018,2
16,c,physics,A,2,Explain the function of the following parts of an electric motor. (i) Armature (ii) Brushes (iii) Split ring,2018,2
17,a,biology,A,2.5,Write the function of following parts in human female reproductive system: (i) Ovary (ii) Oviduct (iii) Uterus,2018,2
17,b,biology,A,2.5,Describe in brief the structure and function of placenta.,2018,2
18,a,chemistry,A,2.5,Write the steps involved in the extraction of pure metals in the middle of the activity series from their carbonate ores.,2018,2
18,b,chemistry,A,2.5,How is copper extracted from its sulphide ore? Explain the various steps supported by chemical equations. Draw labelled diagram for the electrolytic refining of copper.,2018,2
19,a,biology,A,1.25,Mention any two components of blood.,2018,2
19,b,biology,A,1.25,Trace the movement of oxygenated blood in the body.,2018,2
19,c,biology,A,1.25,Write the function of valves present in between atria and ventricles.,2018,2
19,d,biology,A,1.25,Write one structural difference between the composition of artery and veins. OR (a) Define excretion. (b) Name the basic filtration unit present in the kidney. (c) Draw excretory system in human beings and label the following organs of excretory system which perform following functions: (i) form urine. (ii) is a long tube which collects urine from kidney. (iii) store urine until it is passed out.,2018,2
20,a,chemistry,A,2,"The modern periodic table has been evolved through the early attempts of Dobereiner, Newland and Mendeleev. List one advantage and one limitation of all the three attempts.",2018,2
20,b,chemistry,A,1.5,Name the scientist who first of all showed that atomic number of an element is a more fundamental property than its atomic mass.,2018,2
20,c,chemistry,A,1.5,State Modern periodic law.,2018,2
21,a,physics,A,2.5,A student is unable to see clearly the words written on the black board placed at a distance of approximately 3 m from him. Name the defect of vision the boy is suffering from. State the possible causes of this defect and explain the method of correcting it.,2018,2
21,b,physics,A,2.5,Why do stars twinkle? Explain. OR (a) Write the function of each of the following parts of human eye : (i) Cornea (ii) Iris (iii) Crystalline lens (iv) Ciliary muscles (b) Why does the sun appear reddish early in the morning? Will this phenomenon be observed by an astronaut on the Moon? Give reason to justify your answer.,2018,2
22,NA,biology,B,2,Name the process by which an amoeba reproduces. Draw the various stages of its reproduction in a proper sequence. OR A student is viewing under a microscope a permanent slide showing various stages of asexual reproduction by budding in yeast. Draw diagrams of what he observes. (in proper sequence),2018,2
23,NA,physics,B,2,An object of height 4.0 cm is placed at a distance of 30 cm from the optical centre 'O' of a convex lens of focal length 20 cm. Draw a ray diagram to find the position and size of the image formed. Mark optical centre 'O' and principal focus 'F' on the diagram. Also find the approximate ratio of size of the image to the size of the object.,2018,2
24,NA,chemistry,B,2,"A student added few pieces of aluminium metal to two test tubes A and B containing aqueous solutions of iron sulphate and copper sulphate. In the second part of her experiment, she added iron metal to another test tubes C and D containing aqueous solutions of aluminium sulphate and copper sulphate. In which test tube or test tubes will she observe colour change? On the basis of this experiment, state which one is the most reactive metal and why.",2018,2
25,NA,chemistry,B,2,What is observed when a solution of sodium sulphate is added to a solution of barium chloride taken in a test tube? Write equation for the chemical reaction involved and name the type of reaction in this case.,2018,2
26,NA,physics,B,2,"The values of current (I) flowing through a given resistor of resistance (R), for the corresponding values of potential difference (V) across the resistor are as given below: V (volts): 0.5, 1.0, 1.5, 2.0, 2.5, 3.0, 4.0, 5.0. I (amperes): 0.1, 0.2, 0.3, 0.4, 0.5, 0.6, 0.8, 1.0. Plot a graph between current (I) and potential difference (V) and determine the resistance (R) of the resistor.",2018,2
27,NA,biology,B,2,List the steps of preparation of temporary mount of a leaf peel to observe stomata.,2018,2
1,NA,biology,A,1,A Mendelian experiment consisted of breeding pea plants bearing violet flowers with pea plants bearing white flowers. What will be the result in F1 progeny?,2018,3
2,NA,physics,A,1,Write the energy conversion that takes place in a hydropower plant.,2018,3
3,NA,physics,A,2,"If the image formed by a spherical mirror for all positions of the object placed in front of it is always erect and diminished, what type of mirror is it? Draw a labelled ray diagram to support your answer.",2018,3
4,NA,chemistry,A,2,"A compound 'X' on heating with excess conc. sulphuric acid at 443 K gives an unsaturated compound 'Y'. 'X' also reacts with sodium metal to evolve a colourless gas 'Z'. Identify 'X', 'Y' and 'Z'. Write the equation of the chemical reaction of formation of 'Y' and also write the role of sulphuric acid in the reaction.",2018,3
5,a,biology,A,1,Name one gustatory receptor and one olfactory receptor present in human beings.,2018,3
5,b,biology,A,1,Write a and b in the given flow chart of neuron through which information travels as an electrical impulse. Dendrite -> a -> b -> End point of Neuron,2018,3
6,NA,physics,A,3,"Show how would you join three resistors, each of resistance 9 Ω so that the equivalent resistance of the combination is (i) 13.5 Ω, (ii) 6 Ω? OR (a) Write Joule's law of heating. (b) Two lamps, one rated 100 W; 220 V, and the other 60 W; 220 V, are connected in parallel to electric mains supply. Find the current drawn by two bulbs from the line, if the supply voltage is 220 V.",2018,3
7,NA,physics,A,3,State the laws of refraction of light. Explain the term 'absolute refractive index of a medium' and write an expression to relate it with the speed of light in vacuum. OR What is meant by power of a lens? Write its SI unit. A student uses a lens of focal length 40 cm and another of -20 cm. Write the nature and power of each lens.,2018,3
8,a,biology,A,1,Name the hormones secreted by Thyroid endocrine gland and specify one function of it.,2018,3
8,b,biology,A,1,Name the hormones secreted by Pituitary endocrine gland and specify one function of it.,2018,3
8,c,biology,A,1,Name the hormones secreted by Pancreas endocrine gland and specify one function of it.,2018,3
9,NA,biology,A,3,Write one main difference between asexual and sexual mode of reproduction. Which species is likely to have comparatively better chances of survival - the one reproducing asexually or the one reproducing sexually? Give reason to justify your answer.,2018,3
10,a,physics,A,1,List the factors on which the resistance of a conductor in the shape of a wire depends.,2018,3
10,b,physics,A,1,Why are metals good conductors of electricity whereas glass is a bad conductor of electricity? Give reason.,2018,3
10,c,physics,A,1,Why are alloys commonly used in electrical heating devices? Give reason.,2018,3
11,NA,physics,A,3,"What is a dam? Why do we seek to build large dams? While building large dams, which three main problems should particularly be addressed to maintain peace among local people? Mention them.",2018,3
12,a,biology,A,1,Suggest two measures to manage the garbage we produce.,2018,3
12,b,biology,A,1,"As an individual, what can we do to generate the least garbage? Give two points.",2018,3
12,c,biology,A,1,List two values the teacher instilled in his students in this episode.,2018,3
13,a,chemistry,A,1.5,Why are most carbon compounds poor conductors of electricity?,2018,3
13,b,chemistry,A,1.5,Write the name and structure of a saturated compound in which the carbon atoms are arranged in a ring. Give the number of single bonds present in this compound.,2018,3
14,NA,chemistry,A,3,"2 mL of sodium hydroxide solution is added to a few pieces of granulated zinc metal taken in a test tube. When the contents are warmed, a gas evolves which is bubbled through a soap solution before testing. Write the equation of the chemical reaction involved and the test to detect the gas. Name the gas which will be evolved when the same metal reacts with dilute solution of a strong acid. OR The pH of a salt used to make tasty and crispy pakoras is 14. Identify the salt and write a chemical equation for its formation. List its two uses.",2018,3
15,NA,chemistry,A,3,"Decomposition reactions require energy either in the form of heat or light or electricity for breaking down the reactants. Write one equation each for decomposition reactions where energy is supplied in the form of heat, light and electricity.",2018,3
16,a,physics,A,2.5,A student is unable to see clearly the words written on the black board placed at a distance of approximately 3 m from him. Name the defect of vision the boy is suffering from. State the possible causes of this defect and explain the method of correcting it.,2018,3
16,b,physics,A,2.5,Why do stars twinkle? Explain. OR (a) Write the function of each of the following parts of human eye : (i) Cornea (ii) Iris (iii) Crystalline lens (iv) Ciliary muscles (b) Why does the sun appear reddish early in the morning? Will this phenomenon be observed by an astronaut on the Moon? Give reason to justify your answer.,2018,3
17,a,biology,A,1.25,Mention any two components of blood.,2018,3
17,b,biology,A,1.25,Trace the movement of oxygenated blood in the body.,2018,3
17,c,biology,A,1.25,Write the function of valves present in between atria and ventricles.,2018,3
17,d,biology,A,1.25,Write one structural difference between the composition of artery and veins. OR (a) Define excretion. (b) Name the basic filtration unit present in the kidney. (c) Draw excretory system in human beings and label the following organs of excretory system which perform following functions: (i) form urine. (ii) is a long tube which collects urine from kidney. (iii) store urine until it is passed out.,2018,3
18,a,biology,A,2.5,Write the function of following parts in human female reproductive system: (i) Ovary (ii) Oviduct (iii) Uterus,2018,3
18,b,biology,A,2.5,Describe in brief the structure and function of placenta.,2018,3
19,a,physics,A,1.5,State Fleming's left hand rule.,2018,3
19,b,physics,A,1.5,Write the principle of working of an electric motor.,2018,3
19,c,physics,A,2,Explain the function of the following parts of an electric motor. (i) Armature (ii) Brushes (iii) Split ring,2018,3
20,a,chemistry,A,2.5,Write the steps involved in the extraction of pure metals in the middle of the activity series from their carbonate ores.,2018,3
20,b,chemistry,A,2.5,How is copper extracted from its sulphide ore? Explain the various steps supported by chemical equations. Draw labelled diagram for the electrolytic refining of copper.,2018,3
21,a,chemistry,A,2,"The modern periodic table has been evolved through the early attempts of Dobereiner, Newland and Mendeleev. List one advantage and one limitation of all the three attempts.",2018,3
21,b,chemistry,A,1.5,Name the scientist who first of all showed that atomic number of an element is a more fundamental property than its atomic mass.,2018,3
21,c,chemistry,A,1.5,State Modern periodic law.,2018,3
22,NA,biology,B,2,List the steps of preparation of temporary mount of a leaf peel to observe stomata.,2018,3
23,NA,physics,B,2,An object of height 4.0 cm is placed at a distance of 30 cm from the optical centre 'O' of a convex lens of focal length 20 cm. Draw a ray diagram to find the position and size of the image formed. Mark optical centre 'O' and principal focus 'F' on the diagram. Also find the approximate ratio of size of the image to the size of the object.,2018,3
24,NA,physics,B,2,"The values of current (I) flowing through a given resistor of resistance (R), for the corresponding values of potential difference (V) across the resistor are as given below: V (volts): 0.5, 1.0, 1.5, 2.0, 2.5, 3.0, 4.0, 5.0. I (amperes): 0.1, 0.2, 0.3, 0.4, 0.5, 0.6, 0.8, 1.0. Plot a graph between current (I) and potential difference (V) and determine the resistance (R) of the resistor.",2018,3
25,NA,chemistry,B,2,What is observed when a solution of sodium sulphate is added to a solution of barium chloride taken in a test tube? Write equation for the chemical reaction involved and name the type of reaction in this case.,2018,3
26,NA,biology,B,2,Name the process by which an amoeba reproduces. Draw the various stages of its reproduction in a proper sequence. OR A student is viewing under a microscope a permanent slide showing various stages of asexual reproduction by budding in yeast. Draw diagrams of what he observes. (in proper sequence),2018,3
27,NA,chemistry,B,2,"A student added few pieces of aluminium metal to two test tubes A and B containing aqueous solutions of iron sulphate and copper sulphate. In the second part of her experiment, she added iron metal to another test tubes C and D containing aqueous solutions of aluminium sulphate and copper sulphate. In which test tube or test tubes will she observe colour change? On the basis of this experiment, state which one is the most reactive metal and why.",2018,3
1,-,Chemistry,A,1,Write the molecular formula of the 2nd and the 3rd member of the homologous series whose first member is methane.,2017,1
2,-,Biology,A,1,"When a cell reproduces, what happens to its DNA?",2017,1
3,-,Biology,A,1,"In the following food chain, 100 J of energy is available to the lion. How much energy was available to the producer? Plants -> Deer -> Lion",2017,1
4,-,Physics,A,2,"An object is placed at a distance of 30 cm from a concave lens of focal length 15 cm. List four characteristics (nature, position, etc.) of the image formed by the lens.",2017,1
5,a,Biology,A,1,State two advantages of conserving forests.,2017,1
5,b,Biology,A,1,State two advantages of conserving wild-life.,2017,1
6,-,Biology,A,2,Explain two main advantages associated with water harvesting at the community level.,2017,1
7,-,Chemistry,A,3,Write the structural formula of ethanol. What happens when it is heated with excess of conc. H2SO4 at 443 K? Write the chemical equation for the reaction stating the role of conc. H2SO4 in this reaction.,2017,1
8,-,Chemistry,A,3,"Distinguish between esterification and saponification reactions with the help of the chemical equations for each. State one use of each (i) esters, and (ii) saponification process.",2017,1
9,a,Chemistry,A,1.5,Write the number of periods and groups in the Modern Periodic Table. How does the metallic character of elements vary on moving from left to right in a period? Give reason to justify your answer.,2017,1
9,b,Chemistry,A,1.5,Write the number of periods and groups in the Modern Periodic Table. How does the metallic character of elements vary on moving down a group? Give reason to justify your answer.,2017,1
10,a,Chemistry,A,1,"Na, Mg and Al are the elements of the 3rd period of the Modern Periodic Table having group number 1, 2 and 13 respectively. Which one of these elements has the highest valency? Justify your answer stating the reason.",2017,1
10,b,Chemistry,A,1,"Na, Mg and Al are the elements of the 3rd period of the Modern Periodic Table having group number 1, 2 and 13 respectively. Which one of these elements has the largest atomic radius? Justify your answer stating the reason.",2017,1
10,c,Chemistry,A,1,"Na, Mg and Al are the elements of the 3rd period of the Modern Periodic Table having group number 1, 2 and 13 respectively. Which one of these elements has the maximum chemical reactivity? Justify your answer stating the reason.",2017,1
11,-,Biology,A,3,Reproduction is one of the most important characteristics of living beings. Give three reasons in support of the statement.,2017,1
12,-,Biology,A,3,What is vegetative propagation? State two advantages and two disadvantages of this method.,2017,1
13,-,Biology,A,3,List three techniques that have been developed to prevent pregnancy. Which one of these techniques is not meant for males? How does the use of these techniques have a direct impact on the health and prosperity of a family?,2017,1
14,-,Biology,A,3,How did Mendel explain that it is possible that a trait is inherited but not expressed in an organism?,2017,1
15,-,Biology,A,3,Evolution and classification of organisms are interlinked. Give reasons to justify this statement.,2017,1
16,-,Physics,A,3,"If the image formed by a lens for all positions of an object placed in front of it is always erect and diminished, what is the nature of this lens? Draw a ray diagram to justify your answer. If the numerical value of the power of this lens is 10 D, what is its focal length in the Cartesian system?",2017,1
17,-,Physics,A,3,"State the cause of dispersion of white light by a glass prism. How did Newton, using two identical glass prisms, show that white light is made of seven colours? Draw a ray diagram to show the path of a narrow beam of white light, through a combination of two identical prisms arranged together in inverted position with respect to each other, when it is allowed to fall obliquely on one of the faces of the first prism of the combination.",2017,1
18,a,Biology,A,1.5,"Water is an elixir of life, a very important natural resource. Your Science teacher wants you to prepare a plan for a formative assessment activity, How to save water, the vital natural resource. Write any two ways that you will suggest to bring awareness in your neighbourhood, on how to save water.",2017,1
18,b,Biology,A,1.5,Name and explain any one way by which the underground water table does not go down further.,2017,1
19,-,Chemistry,A,5,"Why are certain compounds called hydrocarbons? Write the general formula for homologous series of alkanes, alkenes and alkynes and also draw the structure of the first member of each series. Write the name of the reaction that converts alkenes into alkanes and also write a chemical equation to show the necessary conditions for the reaction to occur.",2017,1
20,a (i),Biology,A,1,Write the functions of the ovary in a human female reproductive system.,2017,1
20,a (ii),Biology,A,1,Write the functions of the uterus in a human female reproductive system.,2017,1
20,a (iii),Biology,A,1,Write the functions of the fallopian tube in a human female reproductive system.,2017,1
20,b,Biology,A,2,Write the structure and functions of placenta in a human female.,2017,1
21,-,Biology,A,5,"With the help of one example for each, distinguish between the acquired traits and the inherited traits. Why are the traits/experiences acquired during the entire lifetime of an individual not inherited in the next generation? Explain the reason of this fact with an example.",2017,1
22,a,Physics,A,2,Analyse the observation table showing variation of image-distance with object-distance in case of a convex lens. What is the focal length of the convex lens? Give reason to justify your answer.,2017,1
22,b,Physics,A,1.5,Write the serial number of the observation which is not correct in the table. On what basis have you arrived at this conclusion?,2017,1
22,c,Physics,A,1.5,Select an appropriate scale and draw a ray diagram for the observation at S.No.2. Also find the approximate value of magnification.,2017,1
23,a,Physics,A,3,"If the image formed by a mirror for all positions of the object placed in front of it is always diminished, erect and virtual, state the type of the mirror and also draw a ray diagram to justify your answer. Write one use such mirrors are put to and why.",2017,1
23,b,Physics,A,2,Define the radius of curvature of spherical mirrors. Find the nature and focal length of a spherical mirror whose radius of curvature is + 24 cm.,2017,1
24,a,Physics,A,3,"A student suffering from myopia is not able to see distinctly the objects placed beyond 5 m. List two possible reasons due to which this defect of vision may have arisen. With the help of ray diagrams, explain why the student is unable to see distinctly the objects placed beyond 5 m from his eyes, and the type of corrective lens used and how this defect is corrected.",2017,1
24,b,Physics,A,2,"If, in this case, the numerical value of the focal length of the corrective lens is 5 m, find the power of the lens as per the new Cartesian sign convention.",2017,1
25,-,Chemistry,B,1,"When you add a few drops of acetic acid to a test-tube containing sodium bicarbonate powder, which one of the following is your observation?",2017,1
26,-,Chemistry,B,1,"While studying the saponification reaction, what do you observe when you mix an equal amount of colourless vegetable oil and 20% aqueous solution of NaOH in a beaker?",2017,1
27,-,Chemistry,B,1,"A student requires hard water for an experiment in his laboratory which is not available in the neighbouring area. Select from the following groups of salts, a group, each salt of which when dissolved in distilled water will make it hard.",2017,1
28,-,Biology,B,1,"To perform an experiment to identify the different parts of an embryo of a dicot seed, first of all you require a dicot seed. Select dicot seeds from the following group: Wheat, Gram, Maize, Pea, Barley, Ground-nut.",2017,1
29,-,Biology,B,1,"The following vegetables are kept in a basket: Potato, Tomato, Radish, Brinjal, Carrot, Bottle-gourd. Which two of these vegetables correctly represent the homologous structures?",2017,1
30,-,Physics,B,1,Study the given ray diagrams and select the correct statement from the following regarding device X and device Y.,2017,1
31,-,Physics,B,1,A student obtains a blurred image of a distant object on a screen using a convex lens. To obtain a distinct image on the screen he should move the lens...,2017,1
32,-,Physics,B,1,"A student very cautiously traces the path of a ray through a glass slab for different values of the angle of incidence. On analysing these measurements of angles, his conclusion would be...",2017,1
33,-,Physics,B,1,"Study the following ray diagram. In this diagram, the angle of incidence, the angle of emergence and the angle of deviation respectively have been represented by...",2017,1
34,-,Chemistry,B,2,Mention the essential material (chemicals) to prepare soap in the laboratory. Describe in brief the test of determining the nature (acidic/alkaline) of the reaction mixture of saponification reaction.,2017,1
35,-,Biology,B,2,"Draw in sequence (showing the four stages), the process of binary fission in Amoeba.",2017,1
36,-,Physics,B,2,"A student focuses the image of a candle flame, placed at about 2 m from a convex lens of focal length 10 cm, on a screen. After that he moves gradually the flame towards the lens and each time focuses its image on the screen.",2017,1
1,-,Chemistry,A,1,Write the molecular formula of the 2nd and 3rd member of the homologous series where the first member is ethyne.,2017,3
2,-,Biology,A,1,Why is variation important for a species?,2017,3
3,-,Biology,A,1,"In the following food chain, 20,000 J of energy was available to the plants: Plants -> Sheep -> Man. How much energy will be available to man in this chain?",2017,3
4,-,Physics,A,2,"An object is placed at a distance of 15 cm from a concave lens of focal length 30 cm. List four characteristics (nature, position, etc.) of the image formed by the lens.",2017,3
5,-,Biology,A,2,You being an environmentalist are interested in contributing towards the conservation of natural resources. List four activities that you can do on your own.,2017,3
6,-,Biology,A,2,Why are coal and petroleum categorised as natural resources? Give a reason as to why they should be used judiciously.,2017,3
7,-,Chemistry,A,3,"Distinguish between esterification and saponification reactions with the help of the chemical equations for each. State one use of each (i) esters, and (ii) saponification process.",2017,3
8,-,Chemistry,A,3,Write the structural formula of ethanol. What happens when it is heated with excess of conc. H2SO4 at 443 K? Write the chemical equation for the reaction stating the role of conc. H2SO4 in this reaction.,2017,3
9,-,Chemistry,A,3,What is periodicity in properties of elements with reference to the Modern Periodic Table? Why do all the elements of the same group have similar properties? How does the tendency of elements to gain electrons change as we move from left to right in a period? State the reason of this change.,2017,3
10,-,Chemistry,A,3,Write the electronic configuration of two elements X and Y whose atomic numbers are 20 and 17 respectively. Write the molecular formula of the compound formed when element X reacts with element Y. Draw electron-dot structure of the product and also state the nature of the bond formed between both the elements.,2017,3
11,-,Biology,A,3,How did Mendel explain that it is possible that a trait is inherited but not expressed in an organism?,2017,3
12,-,Biology,A,3,What is an organic evolution? It cannot be equated with progress. Explain with the help of a suitable example.,2017,3
13,-,Biology,A,3,List the two types of reproduction. Which one of the two is responsible for bringing in more variations in its progeny and how?,2017,3
14,-,Biology,A,3,What is vegetative propagation ? State two advantages and two disadvantages of this method.,2017,3
15,-,Biology,A,3,List three techniques that have been developed to prevent pregnancy. Which one of these techniques is not meant for males? How does the use of these techniques have a direct impact on the health and prosperity of a family?,2017,3
16,-,Physics,A,3,"A lens can form a magnified erect image as well as magnified inverted image of an object placed in front of it. State the nature of this lens and draw ray diagrams to justify the above statement. Mark the positions of O, F and 2F in the diagram.",2017,3
17,-,Physics,A,3,"What is ""dispersion of white light""? Draw a labelled diagram to illustrate the recombination of the spectrum of white light. Why is it essential that the two prisms used for the purpose should be identical and placed in an inverted position with respect to each other?",2017,3
18,a,Biology,A,1.5,"(a) Water is an elixir of life, a very important natural resource. Your Science teacher wants you to prepare a plan for a formative assessment activity, ""How to save water, the vital natural resource"". Write any two ways that you will suggest to bring awareness in your neighbourhood, on 'how to save water'.",2017,3
18,b,Biology,A,1.5,(b) Name and explain any one way by which the underground water table does not go down further.,2017,3
19,-,Biology,A,5,"With the help of one example for each, distinguish between the acquired traits and the inherited traits. Why are the traits/experiences acquired during the entire lifetime of an individual not inherited in the next generation? Explain the reason of this fact with an example.",2017,3
20,a,Biology,A,2.5,(a) Write the functions of each of the following parts in a human female reproductive system : (i) Ovary (ii) Uterus (iii) Fallopian tube,2017,3
20,b,Biology,A,2.5,(b) Write the structure and functions of placenta in a human female.,2017,3
21,-,Chemistry,A,5,"Why are certain compounds called hydrocarbons? Write the general formula for homologous series of alkanes, alkenes and alkynes and also draw the structure of the first member of each series. Write the name of the reaction that converts alkenes into alkanes and also write a chemical equation to show the necessary conditions for the reaction to occur.",2017,3
22,a,Physics,A,3.5,"(a) A student suffering from myopia is not able to see distinctly the objects placed beyond 5 m. List two possible reasons due to which this defect of vision may have arisen. With the help of ray diagrams, explain (i) why the student is unable to see distinctly the objects placed beyond 5 m from his eyes. (ii) the type of the corrective lens used to restore proper vision and how this defect is corrected by the use of this lens.",2017,3
22,b,Physics,A,1.5,"(b) If, in this case, the numerical value of the focal length of the corrective lens is 5 m, find the power of the lens as per the new Cartesian sign convention.",2017,3
23,a,Physics,A,2,(a) What is the focal length of the convex lens? Give reason to justify your answer.,2017,3
23,b,Physics,A,1.5,(b) Write the serial number of the observation which is not correct. On what basis have you arrived at this conclusion ?,2017,3
23,c,Physics,A,1.5,(c) Select an appropriate scale and draw a ray diagram for the observation at S.No.2. Also find the approximate value of magnification.,2017,3
24,a,Physics,A,3,"(a) If the image formed by a mirror for all positions of the object placed in front of it is always diminished, erect and virtual, state the type of the mirror and also draw a ray diagram to justify your answer. Write one use such mirrors are put to and why.",2017,3
24,b,Physics,A,2,(b) Define the radius of curvature of spherical mirrors. Find the nature and focal length of a spherical mirror whose radius of curvature is + 24 cm.,2017,3
25,-,Physics,B,1,"Study the following ray diagram: In this diagram, the angle of incidence, the angle of emergence and the angle of deviation respectively have been represented by...",2017,3
26,-,Physics,B,1,"A student very cautiously traces the path of a ray through a glass slab for different values of the angle of incidence. On analysing these measurements of angles, his conclusion would be...",2017,3
27,-,Physics,B,1,Study the given ray diagrams and select the correct statement from the following regarding device X and device Y...,2017,3
28,-,Physics,B,1,A student obtains a blurred image of a distant object on a screen using a convex lens. To obtain a distinct image on the screen he should move the lens...,2017,3
29,-,Chemistry,B,1,"While studying the saponification reaction, what do you observe when you mix an equal amount of colourless vegetable oil and 20% solution of NaOH in a beaker?",2017,3
30,-,Chemistry,B,1,"When you add a few drops of acetic acid to a test-tube containing sodium bicarbonate powder, which one of the following is your observation ?",2017,3
31,-,Chemistry,B,1,"A student requires hard water for an experiment in his laboratory which is not available in the neighbouring area. Select from the following groups of salts, a group, each salt of which when dissolved in distilled water will make it hard.",2017,3
32,-,Biology,B,1,"To perform an experiment to identify the different parts of an embryo of a dicot seed, first of all you require a dicot seed. Select dicot seeds from the following group: Wheat, Gram, Maize, Pea, Barley, Ground-nut",2017,3
33,-,Biology,B,1,"The following vegetables are kept in a basket: Potato, Tomato, Radish, Brinjal, Carrot, Bottle-gourd. Which two of these vegetables correctly represent the homologous structures?",2017,3
34,-,Biology,B,2,"Draw in sequence (showing the four stages), the process of binary fission in Amoeba.",2017,3
35,a,Physics,B,0.5,(A) In which direction does he move the lens to focus the flame on the screen?,2017,3
35,b,Physics,B,0.5,(B) What happens to the size of the image of the flame formed on the screen?,2017,3
35,c,Physics,B,0.5,(C) What difference is seen in the intensity (brightness) of the image of the flame on the screen?,2017,3
35,d,Physics,B,0.5,(D) What is seen on the screen when the flame is very close (at about 5 cm) to the lens ?,2017,3
36,-,Chemistry,B,2,Mention the essential material (chemicals) to prepare soap in the laboratory. Describe in brief the test of determining the nature (acidic/alkaline) of the reaction mixture of saponification reaction.,2017,3
1,-,Chemistry,A,1,Write the molecular formula of the 2nd and 3rd member of the homologous series whose first member is ethene.,2017,2
2,-,Biology,A,1,Newly formed DNA copies may not be identical at times. Give one reason.,2017,2
3,-,Biology,A,1,"In the following food chain, plants provide 500 J of energy to rats. How much energy will be available to hawks from snakes ? Plants -> Rats -> Snakes -> Hawks",2017,2
4,-,Physics,A,2,"An object is placed at a distance of 15 cm from a convex lens of focal length 20 cm. List four characteristics (nature, position, etc.) of the image formed by the lens.",2017,2
5,-,Biology,A,2,Why is an equitable distribution of resources essential in a society? List two forces which are against such distribution.,2017,2
6,-,Biology,A,2,Why must we conserve our forests? List two factors responsible for causing deforestation.,2017,2
7,-,Chemistry,A,3,"Write the number of periods and groups in the Modern Periodic Table. How does the metallic character of elements vary on moving (i) from left to right in a period, and (ii) down a group? Give reason to justify your answer.",2017,2
8,-,Chemistry,A,3,"Na, Mg and Al are the elements of the 3rd period of the Modern Periodic Table having group number 1, 2 and 13 respectively. Which one of these elements has the (a) highest valency, (b) largest atomic radius, and (c) maximum chemical reactivity ? Justify your answer stating the reason for each.",2017,2
9,a,Chemistry,A,1,What happens when (write chemical equation in each case) (a) ethanol is burnt in air?,2017,2
9,b,Chemistry,A,1,What happens when (write chemical equation in each case) (b) ethanol is heated with excess conc. H2SO4 at 443 K?,2017,2
9,c,Chemistry,A,1,What happens when (write chemical equation in each case) (c) a piece of sodium is dropped into ethanol ?,2017,2
10,-,Chemistry,A,3,Explain esterification reaction with the help of a chemical equation. Describe an activity to show esterification.,2017,2
11,-,Biology,A,3,"With the help of two suitable examples, explain why certain experiences and traits earned by people during their lifetime are not passed on to their next generations. When can such traits be passed on?",2017,2
12,-,Biology,A,3,Evolution and classification of organisms are interlinked. Give reasons to justify this statement.,2017,2
13,-,Biology,A,3,Reproduction is one of the most important characteristics of living beings. Give three reasons in support of the statement.,2017,2
14,-,Biology,A,3,Describe reproduction by spores in Rhizopus.,2017,2
15,-,Biology,A,3,List three techniques that have been developed to prevent pregnancy. Which one of these techniques is not meant for males? How does the use of these techniques have a direct impact on the health and prosperity of a family?,2017,2
16,-,Physics,A,3,"Draw ray diagrams to show the formation of three times magnified (a) real, and (b) virtual image of an object by a converging lens. Mark the positions of O, F and 2F in each diagram.",2017,2
17,-,Physics,A,3,What is 'dispersion of white light'? State its cause. Draw a ray diagram to show the dispersion of white light by a glass prism.,2017,2
18,a,Biology,A,1.5,"(a) Water is an elixir of life, a very important natural resource. Your Science teacher wants you to prepare a plan for a formative assessment activity, ""How to save water, the vital natural resource"". Write any two ways that you will suggest to bring awareness in your neighbourhood, on 'how to save water'.",2017,2
18,b,Biology,A,1.5,(b) Name and explain any one way by which the underground water table does not go down further.,2017,2
19,a,Physics,A,3.5,"(a) A student suffering from myopia is not able to see distinctly the objects placed beyond 5 m. List two possible reasons due to which this defect of vision may have arisen. With the help of ray diagrams, explain (i) why the student is unable to see distinctly the objects placed beyond 5 m from his eyes. (ii) the type of the corrective lens used to restore proper vision and how this defect is corrected by the use of this lens.",2017,2
19,b,Physics,A,1.5,"(b) If, in this case, the numerical value of the focal length of the corrective lens is 5 m, find the power of the lens as per the new Cartesian sign convention.",2017,2
20,a,Physics,A,2,(a) What is the focal length of the convex lens ? Give reason to justify your answer.,2017,2
20,b,Physics,A,1.5,(b) Write the serial number of the observation which is not correct. On what basis have you arrived at this conclusion ?,2017,2
20,c,Physics,A,1.5,(c) Select an appropriate scale and draw a ray diagram for the observation at S.No.2. Also find the approximate value of magnification.,2017,2
21,a,Physics,A,3,"(a) If the image formed by a mirror for all positions of the object placed in front of it is always diminished, erect and virtual, state the type of the mirror and also draw a ray diagram to justify your answer. Write one use such mirrors are put to and why.",2017,2
21,b,Physics,A,2,(b) Define the radius of curvature of spherical mirrors. Find the nature and focal length of a spherical mirror whose radius of curvature is + 24 cm.,2017,2
22,-,Biology,A,5,"With the help of one example for each, distinguish between the acquired traits and the inherited traits. Why are the traits/experiences acquired during the entire lifetime of an individual not inherited in the next generation? Explain the reason of this fact with an example.",2017,2
23,a,Biology,A,2.5,(a) Write the functions of each of the following parts in a human female reproductive system : (i) Ovary (ii) Uterus (iii) Fallopian tube,2017,2
23,b,Biology,A,2.5,(b) Write the structure and functions of placenta in a human female.,2017,2
24,-,Chemistry,A,5,"Why are certain compounds called hydrocarbons? Write the general formula for homologous series of alkanes, alkenes and alkynes and also draw the structure of the first member of each series. Write the name of the reaction that converts alkenes into alkanes and also write a chemical equation to show the necessary conditions for the reaction to occur.",2017,2
25,-,Chemistry,B,1,"A student requires hard water for an experiment in his laboratory which is not available in the neighbouring area. In the laboratory there are some salts, which when dissolved in distilled water can convert it into hard water. Select from the following groups of salts, a group, each salt of which when dissolved in distilled water will make it hard. (A) Sodium chloride, Potassium chloride (B) Sodium sulphate, Potassium sulphate (C) Sodium sulphate, Calcium sulphate (D) Calcium sulphate, Calcium chloride",2017,2
26,-,Chemistry,B,1,"While studying the saponification reaction, what do you observe when you mix an equal amount of colourless vegetable oil and 20% aqueous solution of NaOH in a beaker? (A) The colour of the mixture has become dark brown (B) A brisk effervescence is taking place in the beaker (C) The outer surface of the beaker has become hot (D) The outer surface of the beaker has become cold",2017,2
27,-,Chemistry,B,1,"When you add a few drops of acetic acid to a test-tube containing sodium bicarbonate powder, which one of the following is your observation ? (A) No reaction takes place (B) A colourless gas with pungent smell is released with brisk effervescence (C) A brown coloured gas is released with brisk effervescence (D) Formation of bubbles of a colourless and odourless gas",2017,2
28,-,Physics,B,1,"Study the following ray diagram: In this diagram, the angle of incidence, the angle of emergence and the angle of deviation respectively have been represented by (A) y, p, z (B) x, q, z (C) p, y, z (D) p, z, y",2017,2
29,-,Physics,B,1,"A student very cautiously traces the path of a ray through a glass slab for different values of the angle of incidence. He then measures the corresponding values of the angle of refraction and the angle of emergence for every value of the angle of incidence. On analysing these measurements of angles, his conclusion would be (A) i > r > e (B) i = e > r (C) i < r < e (D) i = e << r",2017,2
30,-,Physics,B,1,"Study the given ray diagrams and select the correct statement from the following: (A) Device X is a concave mirror and device Y is a convex lens, whose focal lengths are 20 cm and 25 cm respectively. (B) Device X is a convex lens and device Y is a concave mirror, whose focal lengths are 10 cm and 25 cm respectively. (C) Device X is a concave lens and device Y is a convex mirror, whose focal lengths are 20 cm and 25 cm respectively. (D) Device X is a convex lens and device Y is a concave mirror, whose focal lengths are 20 cm and 25 cm respectively.",2017,2
31,-,Physics,B,1,A student obtains a blurred image of a distant object on a screen using a convex lens. To obtain a distinct image on the screen he should move the lens (A) away from the screen (B) towards the screen (C) to a position very far away from the screen (D) either towards or away from the screen depending upon the position of the object,2017,2
32,-,Biology,B,1,"To perform an experiment to identify the different parts of an embryo of a dicot seed, first of all you require a dicot seed. Select dicot seeds from the following group : Wheat, Gram, Maize, Pea, Barley, Ground-nut (A) Wheat, Gram and Pea (B) Gram, Pea and Ground-nut (C) Maize, Pea and Barley (D) Gram, Maize and Ground-nut",2017,2
33,-,Biology,B,1,"The following vegetables are kept in a basket : Potato, Tomato, Radish, Brinjal, Carrot, Bottle-gourd. Which two of these vegetables correctly represent the homologous structures? (A) Carrot and Tomato (B) Potato and Brinjal (C) Radish and Carrot (D) Radish and Bottle-gourd",2017,2
34,a,Physics,B,0.5,(A) In which direction does he move the lens to focus the flame on the screen?,2017,2
34,b,Physics,B,0.5,(B) What happens to the size of the image of the flame formed on the screen?,2017,2
34,c,Physics,B,0.5,(C) What difference is seen in the intensity (brightness) of the image of the flame on the screen?,2017,2
34,d,Physics,B,0.5,(D) What is seen on the screen when the flame is very close (at about 5 cm) to the lens ?,2017,2
35,-,Chemistry,B,2,Mention the essential material (chemicals) to prepare soap in the laboratory. Describe in brief the test of determining the nature (acidic/alkaline) of the reaction mixture of saponification reaction.,2017,2
36,-,Biology,B,2,"Draw in sequence (showing the four stages), the process of binary fission in Amoeba.",2017,2
1,-,Chemistry,A,1,Write the name and structure of an alcohol with three carbon atoms in its molecule.,2016,1
2,-,Biology,A,1,What happens when a mature spirogyra filament attains considerable length ?,2016,1
3,-,Biology,A,1,The depletion of ozone layer is a cause of concern. Why?,2016,1
4,-,Physics,A,2,Name the type of mirrors used in the design of solar furnaces. Explain how high temperature is achieved by this device.,2016,1
5,-,Biology,A,2,What was Chipko Andolan? How did this Andolan ultimately benefit the local people and the environment?,2016,1
6,-,Chemistry,A,2,Burning of fossil fuels results in global warming. Give reasons to justify this statement.,2016,1
7,a,Chemistry,A,1,Write chemical equation of the reaction of ethanoic acid with sodium. Write the name of one main product.,2016,1
7,b,Chemistry,A,1,Write chemical equation of the reaction of ethanoic acid with sodium hydroxide. Write the name of one main product.,2016,1
7,c,Chemistry,A,1,Write chemical equation of the reaction of ethanoic acid with ethanol. Write the name of one main product.,2016,1
8,-,Chemistry,A,3,"An aldehyde as well as a ketone can be represented by the same molecular formula, say C3H6O. Write their structures and name them. State the relation between the two in the language of science.",2016,1
9,a,Chemistry,A,1,An element 'X' belongs to 3rd period and group 16 of the Modern Periodic Table: Determine the number of valence electrons and the valency of 'X'.,2016,1
9,b,Chemistry,A,1,An element 'X' belongs to 3rd period and group 16 of the Modern Periodic Table: Molecular formula of the compound when 'X' reacts with hydrogen and write its electron dot structure.,2016,1
9,c,Chemistry,A,1,An element 'X' belongs to 3rd period and group 16 of the Modern Periodic Table: Name the element 'X' and state whether it is metallic or non-metallic.,2016,1
10,-,Chemistry,A,3,"An element 'X' has mass number 35 and number of neutrons 18. Write atomic number and electronic configuration of 'X'. Also write group number, period number and valency of 'X'.",2016,1
11,-,Biology,A,3,Define reproduction. How does it help in providing stability to the population of species?,2016,1
12,-,Biology,A,3,"Explain the term ""Regeneration"" as used in relation to reproduction of organisms. Describe briefly how regeneration is carried out in multicellular organisms like Hydra.",2016,1
13,a,Biology,A,1.5,List two reasons for the appearance of variations among the progeny formed by sexual reproduction.,2016,1
13,b_i,Biology,A,0.5,Name the part marked 'A' in the given flower diagram.,2016,1
13,b_ii,Biology,A,0.5,How does part 'A' reach part 'B' in the given flower diagram?,2016,1
13,b_iii,Biology,A,0.5,State the importance of the part 'C' in the given flower diagram.,2016,1
13,b_iv,Biology,A,0.5,What happens to the part marked 'D' after fertilisation is over?,2016,1
14,-,Biology,A,3,How do Mendel's experiments show that traits are inherited independently?,2016,1
15,-,Biology,A,3,Two areas of study namely 'evolution' and 'classification' are interlinked. Justify this statement.,2016,1
16,-,Physics,A,3,"The image of an object formed by a mirror is real, inverted and is of magnification 1. If the image is at a distance of 40 cm from the mirror, where is the object placed? Where would the image be if the object is moved 20 cm towards the mirror? State reason and also draw ray diagram for the new position of the object to justify your answer.",2016,1
17,-,Physics,A,3,Describe an activity to show that the colours of white light splitted by a glass prism can be recombined to get white light by another identical glass prism. Also draw ray diagram to show the recombination of the spectrum of white light.,2016,1
18,a,Biology,A,1,Why is it necessary to conserve our environment?,2016,1
18,b,Biology,A,1,State the importance of green and blue dust-bins in the safe disposal of the household waste.,2016,1
18,c,Biology,A,1,List two values exhibited by your classmate who is an active member of Eco-club of your school.,2016,1
19,-,Chemistry,A,5,"A carbon compound 'P' on heating with excess conc. H2SO4 forms another carbon compound 'Q' which on addition of hydrogen in the presence of nickel catalyst forms a saturated carbon compound 'R'. One molecule of 'R' on combustion forms two molecules of carbon dioxide and three molecules of water. Identify P, Q and R and write chemical equations for the reactions involved.",2016,1
20,-,Biology,A,5,What is placenta? Describe its structure. State its functions in case of a pregnant human female.,2016,1
21,-,Biology,A,5,Define evolution. How does it occur? Describe how fossils provide us evidences in support of evolution.,2016,1
22,i,Physics,A,1,"It is desired to obtain an erect image of an object, using concave mirror of focal length of 12 cm: What should be the range of distance of an object placed in front of the mirror?",2016,1
22,ii,Physics,A,2,"It is desired to obtain an erect image of an object, using concave mirror of focal length of 12 cm: Will the image be smaller or larger than the object? Draw ray diagram to show the formation of image in this case.",2016,1
22,iii,Physics,A,2,"It is desired to obtain an erect image of an object, using concave mirror of focal length of 12 cm: Where will the image of this object be, if it is placed 24 cm in front of the mirror? Draw ray diagram for this situation also to justify your answer. Show the positions of pole, principal focus and the centre of curvature.",2016,1
23,a,Physics,A,1,Define optical centre of a spherical lens.,2016,1
23,b,Physics,A,3,A divergent lens has a focal length of 20 cm. At what distance should an object of height 4 cm from the optical centre of the lens be placed so that its image is formed 10 cm away from the lens. Find the size of the image also.,2016,1
23,c,Physics,A,1,Draw a ray diagram to show the formation of image in above situation.,2016,1
24,a,Physics,A,2.5,What is atmospheric refraction? Use this phenomenon to explain the twinkling of stars. Draw diagrams to illustrate your answers.,2016,1
24,b,Physics,A,2.5,What is atmospheric refraction? Use this phenomenon to explain advanced sun-rise and delayed sun-set. Draw diagrams to illustrate your answers.,2016,1
25,-,Chemistry,B,1,A student puts a drop of reaction mixture of a saponification reaction first on a blue litmus paper and then on a red litmus paper. He may observe that: (Choose the correct option),2016,1
26,-,Chemistry,B,1,For preparing soap in the laboratory we require an oil and a base. Which of the following combinations of an oil and a base would be best suited for the preparation of soap?,2016,1
27,-,Chemistry,B,1,"In the neighbourhood of your school, hard water required for an experiment is not available. Select from the following groups of salts available in your school, a group each member of which, if dissolved in distilled water, will make it hard:",2016,1
28,-,Biology,B,1,"A student while observing an embryo of a pea seed in the laboratory listed various parts of the embryo. Select three correct parts from the list: Testa, Tegmen, Radicle, Plumule, Micropyle, Cotyledon.",2016,1
29,-,Biology,B,1,"If you are asked to select a group of two vegetables, out of the following, having homologous structures which one would you select?",2016,1
30,-,Physics,B,1,"To determine the approximate value of the focal length of a given concave mirror, you focus the image of a distant object formed by the mirror on a screen. The image obtained on the screen, as compared to the object is always:",2016,1
31,-,Physics,B,1,"Suppose you have focused on a screen the image of candle flame placed at the farthest end of the laboratory table using a convex lens. If your teacher suggests you to focus the parallel rays of the sun on the same screen, what you are expected to do is to move the...",2016,1
32,-,Physics,B,1,In your laboratory you trace the path of light rays through a glass slab for different values of angle of incidence (i) and in each case measure the values of the corresponding angle of refraction (r) and angle of emergence (e). On the basis of your observations your correct conclusion is...,2016,1
33,-,Physics,B,1,"In the following ray diagram of a glass prism, the correctly marked angles are:",2016,1
34,-,Chemistry,B,2,"A student adds a spoon full of powdered sodium hydrogen carbonate to a flask containing ethanoic acid. List two main observations, he must note in his note book, about the reaction that takes place. Also write chemical equation for the reaction.",2016,1
35,-,Biology,B,2,"A student is observing a permanent slide showing sequentially the different stages of asexual reproduction taking place in yeast. Name this process and draw diagrams, of what he observes, in a proper sequence.",2016,1
36,-,Physics,B,2,"An object of height 2.5 cm is placed at a distance of 15 cm from the optical centre 'O' of a convex lens of focal length 10 cm. Draw a ray diagram to find the position and size of the image formed. Mark optical centre 'O', principal focus F and height of the image on the diagram.",2016,1
1,-,Chemistry,A,1,Write the name and structure of an alcohol with four carbon atoms in its molecule.,2016,2
2,-,Biology,A,1,What are those organisms called which bear both the sex organs in the same individiual. Give one example of such organism.,2016,2
3,-,Biology,A,1,"Write one negative effect, on the environment, of affluent life style of few persons of a society.",2016,2
4,-,Physics,A,2,The magnification produced by a spherical mirror is 3. List four informations you obtain from this statement about the mirror/image.,2016,2
5,-,Biology,A,2,"Forests are ""biodiversity hot spots"". Justify this statement.",2016,2
6,-,Biology,A,2,What is water harvesting? How can this technique help in the conservation of water?,2016,2
7,-,Chemistry,A,3,"On dropping a small piece of sodium in a test tube containing carbon compound 'X' with molecular formula C2H6O a brisk effervescence is observed and a gas 'Y' is produced. On bringing a burning splinter at the mouth of the test tube the gas evolved burns with a pop sound. Identify 'X' and 'Y'. Also write the chemical equation for the reaction. Write the name and structure of the product formed, when you heat 'X' with excess conc. sulphuric acid.",2016,2
8,-,Chemistry,A,3,"An aldehyde as well as a ketone can be represented by the same molecular formula, say C3H6O. Write their structures and name them. State the relation between the two in the language of science.",2016,2
9,a,Chemistry,A,1,Determine the number of valence electrons and the valency of 'X'.,2016,2
9,b,Chemistry,A,1,Molecular formula of the compound when 'X' reacts with hydrogen and write its electron dot structure.,2016,2
9,c,Chemistry,A,1,Name the element 'X' and state whether it is metallic or non-metallic.,2016,2
10,a,Chemistry,A,1,State their positions (Group number and period number both) in the Modern Periodic Table.,2016,2
10,b,Chemistry,A,1,Arrange these elements in the decreasing order of their atomic radii.,2016,2
10,c,Chemistry,A,1,Write the formula of the compound formed when 'X' combines with 'Z'.,2016,2
11,-,Biology,A,3,"Explain the term ""Regeneration"" as used in relation to reproduction of organisms. Describe briefly how regeneration is carried out in multicellular organisms like Hydra.",2016,2
12,-,Biology,A,3,In the context of reproduction of species state the main difference between fission and fragmentation. Also give one example of each.,2016,2
13,a,Biology,A,1,List two reasons for the appearance of variations among the progeny formed by sexual reproduction.,2016,2
13,b_i,Biology,A,0.5,Name the part marked 'A' in the diagram.,2016,2
13,b_ii,Biology,A,0.5,How does 'A' reaches part 'B' ?,2016,2
13,b_iii,Biology,A,0.5,State the importance of the part 'C'.,2016,2
13,b_iv,Biology,A,0.5,What happens to the part marked 'D' after fertilisation is over?,2016,2
14,-,Biology,A,3,Two areas of study namely 'evolution' and 'classification' are interlinked. Justify this statement.,2016,2
15,-,Biology,A,3,"A trait may be inherited, but may not be expressed. With the help of an example justify this statement.",2016,2
16,-,Physics,A,3,"The image of an object formed by a lens is of magnification 1. If the distance between the object and its image is 60 cm, what is the focal length of the lens? If the object is moved 20 cm towards the lens, where would the image be formed? State reason and also draw a ray diagram in support of your answer.",2016,2
17,-,Physics,A,3,Describe an activity to show that the colours of white light splitted by a glass prism can be recombined to get white light by another identical glass prism. Also draw ray diagram to show the recombination of the spectrum of white light.,2016,2
18,a,Biology,A,1,Why is it necessary to conserve our environment?,2016,2
18,b,Biology,A,1,State the importance of green and blue dust-bins in the safe disposal of the household waste.,2016,2
18,c,Biology,A,1,List two values exhibited by your classmate who is an active member of Eco-club of your school.,2016,2
19,a,Physics,A,1,Define focal length of a spherical lens.,2016,2
19,b,Physics,A,3,A divergent lens has a focal length of 30 cm. At what distance should an object of height 5 cm from the optical centre of the lens be placed so that its image is formed 15 cm away from the lens? Find the size of the image also.,2016,2
19,c,Physics,A,1,Draw a ray diagram to show the formation of image in the above situation.,2016,2
20,i,Physics,A,1,What should be the range of distance of an object placed in front of the mirror?,2016,2
20,ii,Physics,A,2,Will the image be smaller or larger than the object. Draw ray diagram to show the formation of image in this case.,2016,2
20,iii,Physics,A,2,"Where will the image of this object be, if it is placed 24 cm in front of the mirror? Draw ray diagram for this situation also to justify your answer. Show the positions of pole, principal focus and the centre of curvature in the above ray diagrams.",2016,2
21,a,Physics,A,2.5,What is atmospheric refraction? Use this phenomenon to explain the following natural events: Twinkling of stars. Draw diagrams to illustrate your answers.,2016,2
21,b,Physics,A,2.5,What is atmospheric refraction? Use this phenomenon to explain the following natural events: Advanced sun-rise and delayed sun-set. Draw diagrams to illustrate your answers.,2016,2
22,-,Biology,A,5,What is placenta? Describe its structure. State its functions in case of a pregnant human female.,2016,2
23,-,Biology,A,5,Define evolution. How does it occur? Describe how fossils provide us evidences in support of evolution.,2016,2
24,-,Chemistry,A,5,"A carbon compound 'P' on heating with excess conc. H2SO4 forms another carbon compound 'Q' which on addition of hydrogen in the presence of nickel catalyst forms a saturated carbon compound 'R'. One molecule of 'R' on combustion forms two molecules of carbon dioxide and three molecules of water. Identify P, Q and R and write chemical equations for the reactions involved.",2016,2
25,-,Physics,B,1,"In the following ray diagram the correctly marked angle are: (a) ∠i and ∠e (b) ∠A and ∠D (c) ∠i, ∠e and ∠D (d) ∠r, ∠A and ∠D",2016,2
26,-,Physics,B,1,"Suppose you have focused on a screen the image of candle flame placed at the farthest end of the laboratory table using a convex lens. If your teacher suggests you to focus the parallel rays of the sun, reaching your laboratory table, on the same screen, what you are expected to do is to move the : (a) lens slightly towards the screen (b) lens slightly away from the screen (c) lens slightly towards the sun (d) lens and screen both towards the sun",2016,2
27,-,Physics,B,1,"To determine the approximate value of the focal length of a given concave mirror, you focus the image of a distant object formed by the mirror on a screen. The image obtained on the screen, as compared to the object is always: (a) Laterally inverted and diminished (b) Inverted and diminished (c) Erect and diminished (d) Erect and highly diminished",2016,2
28,-,Physics,B,1,"In your laboratory you trace the path of light rays through a glass slab for different values of angle of incidence (i) and in each case measure the values of the corresponding angle of refraction (r) and angle of emergence (e). On the basis of your observations your correct conclusion is: (a) ∠i is more than ∠r, but nearly equal to ∠e (b) ∠i is less than ∠r, but nearly equal to ∠e (c) ∠i is more than ∠e, but nearly equal to ∠r (d) ∠i is less than ∠e, but nearly equal to ∠r",2016,2
29,-,Chemistry,B,1,"In the neighbourhood of your school, hard water required for an experiment is not available. Select from the following groups of salts available in your school, a group each member of which, if dissolved in distilled water, will make it hard: (a) Sodium chloride, calcium chloride (b) Potassium chloride, sodium chloride (c) Sodium chloride, magnesium chloride (d) Calcium chloride, magnesium chloride",2016,2
30,-,Chemistry,B,1,A student puts a drop of reaction mixture of a saponification reaction first on a blue litmus paper and then on a red litmus paper. He may observe that: (a) There is no change in the blue litmus paper and the red litmus paper turns white. (b) There is no change in the red litmus paper and the blue litmus paper turns red. (c) There is no change in the blue litmus paper and the red litmus paper turns blue. (d) No change in colour is observed in both the litmus papers.,2016,2
31,-,Chemistry,B,1,For preparing soap in the laboratory we require an oil and a base. Which of the following combinations of an oil and a base would be best suited for the preparation of soap ? (a) Castor oil and calcium hydroxide (b) Turpentine oil and sodium hydroxide (c) Castor oil and sodium hydroxide (d) Mustard oil and calcium hydroxide,2016,2
32,-,Biology,B,1,"If you are asked to select a group of two vegetables, out of the following, having homologous structures which one would you select ? (a) Carrot and radish (b) Potato and sweet potato (c) Potato and tomato (d) Lady finger and potato",2016,2
33,-,Biology,B,1,"A student while observing an embryo of a pea seed in the laboratory listed various parts of the embryo as given below: Testa, Tegmen, Radicle, Plumule, Micropyle, Cotyledon. On examining the list the teacher remarked that only three parts are correct. Select three correct parts from the above list: (a) Testa, Radicle, Cotyledon (b) Tegmen, Radicle, Micropyle (c) Cotyledon, Plumule, Testa (d) Radicle, Cotyledon, Plumule",2016,2
34,-,Physics,B,2,"An object of height 2.5 cm is placed at a distance of 15 cm from the optical centre 'O' of a convex lens of focal length 10 cm. Draw a ray diagram to find the position and size of the image formed. Mark optical centre 'O', principal focus F and height of the image on the diagram.",2016,2
35,-,Chemistry,B,2,"A student adds a spoon full of powdered sodium hydrogen carbonate to a flask containing ethanoic acid. List two main observations, he must note in his note book, about the reaction that takes place. Also write chemical equation for the reaction.",2016,2
36,-,Biology,B,2,"A student is observing a permanent slide showing sequentially the different stages of asexual reproduction taking place in yeast. Name this process and draw diagrams, of what he observes, in a proper sequence.",2016,2
1,-,Chemistry,A,1,Write the name and structure of an aldehyde with four carbon atoms in its molecule.,2016,3
2,-,Biology,A,1,List two functions of ovary of human female reproductive system.,2016,3
3,-,Biology,A,1,"In a food chain of frog, grass, insect and snake, assign trophic level to frog.",2016,3
4,-,Physics,A,2,"The refractive indices of glass and water with respect to air are 3/2 and 4/3 respectively. If speed of light in glass is 2x10^8 m/s, find the speed of light in water.",2016,3
5,-,Biology,A,2,List four stakeholders which may be helpful in the conservation of forests.,2016,3
6,-,Biology,A,2,The construction of large dams leads to social and environmental problems. List two problems of each category.,2016,3
7,i,Chemistry,A,0.5,Write the electronic configuration of Ca.,2016,3
7,ii,Chemistry,A,0.5,Predict the number of valence electrons in Rb.,2016,3
7,iii,Chemistry,A,0.5,What is the number of shells in Sr?,2016,3
7,iv,Chemistry,A,0.5,Predict whether K is a metal or a non-metal.,2016,3
7,v,Chemistry,A,0.5,Which one of these elements has the largest atom in size?,2016,3
7,vi,Chemistry,A,0.5,"Arrange Be, Ca, Mg and Rb in the increasing order of the size of their respective atoms.",2016,3
8,-,Chemistry,A,3,Write three different chemical reactions showing the conversion of ethanoic acid to sodium ethanoate. Write balanced chemical equation in each case. Write the name of the reactants and the products other than ethanoic acid and sodium ethanoate in each case.,2016,3
9,a,Chemistry,A,1,Determine the valence electrons and the valency of 'X'.,2016,3
9,b,Chemistry,A,1,Molecular formula of the compound formed when 'X' reacts with an element 'Y' (atomic number = 8).,2016,3
9,c,Chemistry,A,1,Write the name and formula of the compound formed when 'X' combines with chlorine.,2016,3
10,-,Chemistry,A,3,"An element 'X' has mass number 35 and number of neutrons 18. Write atomic number and electronic configuration of 'X'. Also write group number, period number and valency of 'X'.",2016,3
11,a,Biology,A,1,List two reasons for the appearance of variations among the progeny formed by sexual reproduction.,2016,3
11,b_i,Biology,A,0.5,Name the part marked 'A' in the diagram.,2016,3
11,b_ii,Biology,A,0.5,How does 'A' reaches part 'B'?,2016,3
11,b_iii,Biology,A,0.5,State the importance of the part 'C'.,2016,3
11,b_iv,Biology,A,0.5,What happens to the part marked 'D' after fertilisation is over?,2016,3
12,-,Biology,A,3,Define reproduction. How does it help in providing stability to the population of species?,2016,3
13,-,Biology,A,3,"Explain the term ""Regeneration"" as used in relation to reproduction of organisms. Describe briefly how regeneration is carried out in multicellular organisms like Hydra.",2016,3
14,-,Biology,A,3,Two areas of study namely 'evolution' and 'classification' are interlinked. Justify this statement.,2016,3
15,-,Biology,A,3,How do Mendel's experiment show that traits are inherited independently?,2016,3
16,a,Biology,A,1,Why is it necessary to conserve our environment?,2016,3
16,b,Biology,A,1,State the importance of green and blue dust-bins in the safe disposal of the household waste.,2016,3
16,c,Biology,A,1,List two values exhibited by your classmate who is an active member of Eco-club of your school.,2016,3
17,-,Physics,A,3,"The image formed by a spherical mirror is real, inverted and is of magnification -2. If the image is at a distance of 30 cm from the mirror, where is the object placed? Find the focal length of the mirror. List two characteristics of the image formed if the object is moved 10 cm towards the mirror.",2016,3
18,-,Physics,A,3,Describe an activity to show that the colours of white light splitted by a glass prism can be recombined to get white light by another identical glass prism. Also draw ray diagram to show the recombination of the spectrum of white light.,2016,3
19,i,Physics,A,1,What should be the range of distance of an object placed in front of the mirror?,2016,3
19,ii,Physics,A,2,Will the image be smaller or larger than the object. Draw ray diagram to show the formation of image in this case.,2016,3
19,iii,Physics,A,2,"Where will the image of this object be, if it is placed 24 cm in front of the mirror? Draw ray diagram for this situation also to justify your answer. Show the positions of pole, principal focus and the centre of curvature in the above ray diagrams.",2016,3
20,-,Biology,A,5,Define evolution. How does it occur? Describe how fossils provide us evidences in support of evolution.,2016,3
21,-,Biology,A,5,What is placenta? Describe its structure. State its functions in case of a pregnant human female.,2016,3
22,-,Chemistry,A,5,"A carbon compound 'P' on heating with excess conc. H2SO4 forms another carbon compound 'Q' which on addition of hydrogen in the presence of nickel catalyst forms a saturated carbon compound 'R'. One molecule of 'R' on combustion forms two molecules of carbon dioxide and three molecules of water. Identify P, Q and R and write chemical equations for the reactions involved.",2016,3
23,a,Physics,A,2.5,What is atmospheric refraction? Use this phenomenon to explain the following natural events: Twinkling of stars. Draw diagrams to illustrate your answers.,2016,3
23,b,Physics,A,2.5,What is atmospheric refraction? Use this phenomenon to explain the following natural events: Advanced sun-rise and delayed sun-set. Draw diagrams to illustrate your answers.,2016,3
24,a,Physics,A,1,Define focal length of a divergent lens.,2016,3
24,b,Physics,A,3,A divergent lens of focal length 30 cm forms the image of an object of size 6 cm on the same side as the object at a distance of 15 cm from its optical centre. Use lens formula to determine the distance of the object from the lens and the size of the image formed.,2016,3
24,c,Physics,A,1,Draw a ray diagram to show the formation of image in the above situation.,2016,3
25,-,Biology,B,1,"A student while observing an embryo of a pea seed in the laboratory listed various parts of the embryo as given below: Testa, Tegmen, Radicle, Plumule, Micropyle, Cotyledon. On examining the list the teacher remarked that only three parts are correct. Select three correct parts from the above list: (a) Testa, Radicle, Cotyledon (b) Tegmen, Radicle, Micropyle (c) Cotyledon, Plumule, Testa (d) Radicle, Cotyledon, Plumule",2016,3
26,-,Biology,B,1,"If you are asked to select a group of two vegetables, out of the following, having homologous structures which one would you select? (a) Carrot and radish (b) Potato and sweet potato (c) Potato and tomato (d) Lady finger and potato",2016,3
27,-,Physics,B,1,"In the following ray diagram the correctly marked angle are: (a) ∠i and ∠e (b) ∠A and ∠D (c) ∠i, ∠e and ∠D (d) ∠r, ∠A and ∠D",2016,3
28,-,Physics,B,1,"In your laboratory you trace the path of light rays through a glass slab for different values of angle of incidence (i) and in each case measure the values of the corresponding angle of refraction (r) and angle of emergence (∠e). On the basis of your observations your correct conclusion is: (a) ∠i is more than ∠r, but nearly equal to ∠e (b) ∠i is less than ∠r, but nearly equal to ∠e (c) ∠i is more than ∠e, but nearly equal to ∠r (d) ∠i is less than ∠e, but nearly equal to ∠r",2016,3
29,-,Physics,B,1,"To determine the approximate value of the focal length of a given concave mirror, you focus the image of a distant object formed by the mirror on a screen. The image obtained on the screen, as compared to the object is always: (a) Laterally inverted and diminished (b) Inverted and diminished (c) Erect and diminished (d) Erect and highly diminished",2016,3
30,-,Physics,B,1,"Suppose you have focused on a screen the image of candle flame placed at the farthest end of the laboratory table using a convex lens. If your teacher suggests you to focus the parallel rays of the sun, reaching your laboratory table, on the same screen, what you are expected to do is to move the: (a) lens slightly towards the screen (b) lens slightly away from the screen (c) lens slightly towards the sun (d) lens and screen both towards the sun",2016,3
31,-,Chemistry,B,1,For preparing soap in the laboratory we require an oil and a base. Which of the following combinations of an oil and a base would be best suited for the preparation of soap? (a) Castor oil and calcium hydroxide (b) Turpentine oil and sodium hydroxide (c) Castor oil and sodium hydroxide (d) Mustard oil and calcium hydroxide,2016,3
32,-,Chemistry,B,1,A student puts a drop of reaction mixture of a saponification reaction first on a blue litmus paper and then on a red litmus paper. He may observe that: (a) There is no change in the blue litmus paper and the red litmus paper turns white. (b) There is no change in the red litmus paper and the blue litmus paper turns red. (c) There is no change in the blue litmus paper and the red litmus paper turns blue. (d) No change in colour is observed in both the litmus papers.,2016,3
33,-,Chemistry,B,1,"In the neighbourhood of your school, hard water required for an experiment is not available. Select from the following groups of salts available in your school, a group each member of which, if dissolved in distilled water, will make it hard: (a) Sodium chloride, calcium chloride (b) Potassium chloride, sodium chloride (c) Sodium chloride, magnesium chloride (d) Calcium chloride, magnesium chloride",2016,3
34,-,Biology,B,2,"A student is observing a permanent slide showing sequentially the different stages of asexual reproduction taking place in yeast. Name this process and draw diagrams, of what he observes, in a proper sequence.",2016,3
35,-,Physics,B,2,"An object of height 2.5 cm is placed at a distance of 15 cm from the optical centre 'O' of a convex lens of focal length 10 cm. Draw a ray diagram to find the position and size of the image formed. Mark optical centre 'O', principal focus F and height of the image on the diagram.",2016,3
36,-,Chemistry,B,2,"A student adds a spoon full of powdered sodium hydrogen carbonate to a flask containing ethanoic acid. List two main observations, he must note in his note book, about the reaction that takes place. Also write chemical equation for the reaction.",2016,3